alias	term	id
Єгоров О.М.	7	ОлександрМиколайовичЄгоров.1965
Єдін О.Й.	7	ОлександрЙосиповичЄдін.1960
Ємець Л.О.	7	ЛеонідОлександровичЄмець.1979
Ємець Л.О.	8	ЛеонідОлександровичЄмець.1979
Єремеєв І.М.	7	ІгорМироновичЄремеєв.1968
Єремеєв І.М.	8	ІгорМироновичЄремеєв.1968
Єфремов О.С.	7	ОлександрСергійовичЄфремов.1954
Іванчук А.В.	7	АндрійВолодимировичІванчук.1973
Іванчук А.В.	8	АндрійВолодимировичІванчук.1973
Іванчук А.В.	9	АндрійВолодимировичІванчук.1973
Іванющенко Ю.В.	7	ЮрійВолодимировичІванющенко.1959
Івахів С.П.	7	СтепанПетровичІвахів.1968
Івахів С.П.	8	СтепанПетровичІвахів.1968
Івахів С.П.	9	СтепанПетровичІвахів.1968
Ілик Р.Р.	7	РоманРомановичІлик.1963
Іллєнко А.Ю.	7	АндрійЮрійовичІллєнко.1987
Іллєнко А.Ю.	8	АндрійЮрійовичІллєнко.1987
Ільюк А.О.	7	АртемОлександровичІльюк.1979
Ільюк А.О.	8	АртемОлександровичІльюк.1979
Іляшенко В.В.	7	ВіталійВолодимировичІляшенко.1985
Іонова М.М.	7	МаріяМиколаївнаІонова.1978
Іонова М.М.	8	МаріяМиколаївнаІонова.1978
Іонова М.М.	9	МаріяМиколаївнаІонова.1978
Іоффе Ю.Я.	7	ЮлійЯковичІоффе.1940
Іоффе Ю.Я.	8	ЮлійЯковичІоффе.1940
Іоффе Ю.Я.	9	ЮлійЯковичІоффе.1940
Іщенко В.О.	7	ВалерійОлександровичІщенко.1973
Іщенко В.О.	8	ВалерійОлександровичІщенко.1973
Абдуллін О.Р.	7	ОлександрРафкатовичАбдуллін.1962
Абдуллін О.Р.	8	ОлександрРафкатовичАбдуллін.1962
Абдуллін О.Р.	9	ОлександрРафкатовичАбдуллін.1962
Аваков А.Б.	7	АрсенБорисовичАваков.1964
Аваков А.Б.	8	АрсенБорисовичАваков.1964
Аверченко С.М.	7	СергійМиколайовичАверченко.1965
Агафонова Н.В.	7	НаталіяВолодимирівнаКовальчук.1977
Ковальчук Н.В.	8	НаталіяВолодимирівнаКовальчук.1977
Азаров М.Я.	7	МиколаЯновичАзаров.1947
Азаров О.М.	7	ОлексійМиколайовичАзаров.1971
Алексєєв І.В.	7	ІгорВікторовичАлексєєв.1960
Андрієвський Д.Й.	7	ДмитроЙосиповичАндрієвський.1967
Андрієвський Д.Й.	8	ДмитроЙосиповичАндрієвський.1967
Апостол М.В.	7	МихайлоВолодимировичАпостол.1961
Ар’єв В.І.	7	ВолодимирІгоровичАр’єв.1975
Ар’єв В.І.	8	ВолодимирІгоровичАр’єв.1975
Ар’єв В.І.	9	ВолодимирІгоровичАр’єв.1975
Аркаллаєв Н.Г.	7	НурулісламГаджиєвичАркаллаєв.1961
Атрошенко В.А.	7	ВладиславАнатолійовичАтрошенко.1968
Атрошенко В.А.	8	ВладиславАнатолійовичАтрошенко.1968
Бідьовка В.А.	7	ВолодимирАнатолійовичБідьовка.1981
Білий О.П.	7	ОлексійПетровичБілий.1961
Білий О.П.	8	ОлексійПетровичБілий.1961
Біловол О.М.	7	ОлександрМиколайовичБіловол.1962
Біловол О.М.	8	ОлександрМиколайовичБіловол.1962
Бєлькова О.В.	7	ОльгаВалентинівнаБєлькова.1975
Бєлькова О.В.	8	ОльгаВалентинівнаБєлькова.1975
Бєлькова О.В.	9	ОльгаВалентинівнаБєлькова.1975
Баграєв М.Г.	7	МиколаГеоргійовичБаграєв.1964
Бадаєв Р.Г.	7	РусланГеннадійовичБадаєв.1972
Байдюк Л.М.	7	ЛарисаМакарівнаБайдюк.1951
Байсаров Л.В.	7	ЛеонідВолодимировичБайсаров.1947
Баландін С.В.	7	СергійВікторовичБаландін.1973
Балицький Є.В.	7	ЄвгенВіталійовичБалицький.1969
Балицький Є.В.	8	ЄвгенВіталійовичБалицький.1969
Балога В.І.	7	ВікторІвановичБалога.1963
Балога В.І.	8	ВікторІвановичБалога.1963
Балога В.І.	9	ВікторІвановичБалога.1963
Балога П.І.	7	ПавлоІвановичБалога.1977
Балога П.І.	8	ПавлоІвановичБалога.1977
Бандуров В.В.	7	ВолодимирВолодимировичБандуров.1973
Бандуров В.В.	8	ВолодимирВолодимировичБандуров.1973
Барвіненко В.Д.	7	ВіталійДмитровичБарвіненко.1981
Барвіненко В.Д.	8	ВіталійДмитровичБарвіненко.1981
Бахтеєва Т.Д.	7	ТетянаДмитрівнаБахтеєва.1953
Бахтеєва Т.Д.	8	ТетянаДмитрівнаБахтеєва.1953
Безбах Я.Я.	7	ЯківЯковичБезбах.1957
Безбах Я.Я.	8	ЯківЯковичБезбах.1957
Бенюк Б.М.	7	БогданМихайловичБенюк.1957
Бережна І.Г.	7	ІринаГригоріївнаБережна.1980
Березкін С.С.	7	СтаніславСеменовичБерезкін.1959
Березкін С.С.	8	СтаніславСеменовичБерезкін.1959
Блавацький М.В.	7	МихайлоВасильовичБлавацький.1958
Благодир Ю.А.	7	ЮрійАнатолійовичБлагодир.1974
Близнюк А.М.	7	АнатолійМихайловичБлизнюк.1948
Бобков О.М.	7	ОлександрМихайловичБобков.1960
Бобов Г.Б.	7	ГеннадійБорисовичБобов.1965
Бобов Г.Б.	8	ГеннадійБорисовичБобов.1965
Богдан Р.Д.	7	РусланДмитровичБогдан.1972
Богдан Р.Д.	8	РусланДмитровичБогдан.1972
Богословська І.Г.	7	ІннаГерманівнаБогословська.1960
Богуслаєв В.О.	7	ВячеславОлександровичБогуслаєв.1938
Богуслаєв В.О.	8	ВячеславОлександровичБогуслаєв.1938
Бойко В.С.	7	ВолодимирСеменовичБойко.1938
Бойко В.Б.	7	ВолодимирБогдановичБойко.1985
Бондар В.В.	7	ВікторВасильовичБондар.1975
Бондар В.В.	8	ВікторВасильовичБондар.1975
Бондар В.В.	9	ВікторВасильовичБондар.1975
Бондарєв К.А.	7	КостянтинАнатолійовичБондарєв.1972
Бондарєв К.А.	9	КостянтинАнатолійовичБондарєв.1972
Бондаренко В.Д.	7	ВолодимирДмитровичБондаренко.1952
Бондаренко О.А.	7	ОленаАнатоліївнаБондаренко.1974
Бондарчук О.В.	7	ОлегВолодимировичБондарчук.1975
Борита О.В.	7	ОльгаВасилівнаБорита.1956
Борт В.П.	7	ВіталійПетровичБорт.1972
Борт В.П.	9	ВіталійПетровичБорт.1972
Боярський Ю.І.	7	ЮрійІвановичБоярський.1960
Брайко С.Б.	7	СергійБорисовичБрайко.1957
Бригинець О.М.	7	ОлександрМихайловичБригинець.1962
Бригинець О.М.	8	ОлександрМихайловичБригинець.1962
Бриченко І.В.	7	ІгорВіталійовичБриченко.1970
Бриченко І.В.	8	ІгорВіталійовичБриченко.1970
Бублик Ю.В.	7	ЮрійВасильовичБублик.1973
Бублик Ю.В.	8	ЮрійВасильовичБублик.1973
Булах В.В.	7	ВікторіяВолодимирівнаБулах.1974
Бурбак М.Ю.	7	МаксимЮрійовичБурбак.1976
Бурбак М.Ю.	8	МаксимЮрійовичБурбак.1976
Буряк С.В.	7	СергійВасильовичБуряк.1966
Бутківський В.В.	7	ВікторВолодимировичБутківський.1959
Буховець О.Ю.	7	ОлегЮлійовичБуховець.1974
Бушко І.І.	7	ІванІвановичБушко.1969
Вітів А.М.	7	АнатолійМиколайовичВітів.1960
Ванзуряк Р.С.	7	РоманСтепановичВанзуряк.1980
Васадзе Т.Ш.	7	ТаріелШакровичВасадзе.1947
Васильєв Г.А.	7	ГеннадійАндрійовичВасильєв.1953
Васильєв О.А.	7	ОлександрАндрійовичВасильєв.1951
Васюник І.В.	7	ІгорВасильовичВасюник.1969
Васюник І.В.	8	ІгорВасильовичВасюник.1969
Ващук К.Т.	7	КатеринаТимофіївнаВащук.1947
Веревський А.М.	7	АндрійМихайловичВеревський.1974
Вечерко В.М.	7	ВолодимирМиколайовичВечерко.1953
Власенко С.В.	7	СергійВолодимировичВласенко.1967
Власенко С.В.	8	СергійВолодимировичВласенко.1967
Власенко С.В.	9	СергійВолодимировичВласенко.1967
Вознюк Ю.В.	7	ЮрійВолодимировичВознюк.1980
Вознюк Ю.В.	8	ЮрійВолодимировичВознюк.1980
Волков О.М.	7	ОлександрМихайловичВолков.1948
Волков О.А.	7	ОлександрАнатолійовичВолков.1964
Воропаєв Ю.М.	7	ЮрійМиколайовичВоропаєв.1955
Воропаєв Ю.М.	8	ЮрійМиколайовичВоропаєв.1955
Гінка Я.Я.	7	ЯрославЯрославовичГінка.1980
Гіршфельд А.М.	7	АнатолійМусійовичГіршфельд.1957
Гіршфельд А.М.	8	АнатолійМусійовичГіршфельд.1957
Гєллєр Є.Б.	7	ЄвгенійБорисовичГєллєр.1974
Гєллєр Є.Б.	8	ЄвгенійБорисовичГєллєр.1974
Гайдош І.Ф.	7	ІштванФеренцовичГайдош.1971
Ганчуков О.К.	7	ОлександрКостянтиновичГанчуков.1949
Гелевей О.І.	7	ОлегІвановичГелевей.1965
Герасимчук М.І.	7	МихайлоІвановичГерасимчук.1947
Геращенко І.В.	7	ІринаВолодимирівнаГеращенко.1971
Геращенко І.В.	8	ІринаВолодимирівнаГеращенко.1971
Геращенко І.В.	9	ІринаВолодимирівнаГеращенко.1971
Герега О.В.	7	ОлександрВолодимировичГерега.1967
Герега О.В.	8	ОлександрВолодимировичГерега.1967
Герега О.В.	9	ОлександрВолодимировичГерега.1967
Гержов Ю.І.	7	ЮрійІвановичГержов.1950
Герман Г.М.	7	ГаннаМиколаївнаГерман.1959
Гладій В.І.	7	ВасильІвановичГладій.1972
Глазунов С.М.	7	СергійМиколайовичГлазунов.1958
Головко В.А.	7	ВалерійАнатолійовичГоловко.1965
Головко М.Й.	7	МихайлоЙосифовичГоловко.1983
Головко М.Й.	8	МихайлоЙосифовичГоловко.1983
Голуб О.В.	7	ОлександрВолодимировичГолуб.1967
Гончаров А.Д.	7	АнатолійДмитровичГончаров.1949
Гончаров С.В.	7	СергійВасильовичГончаров.1958
Горіна І.А.	7	ІринаАнатоліївнаГоріна.1967
Гордієнко С.В.	7	СергійВолодимировичГордієнко.1957
Горохов С.О.	7	СергійОлександровичГорохов.1974
Гринів І.О.	7	ІгорОлексійовичГринів.1961
Гринів І.О.	8	ІгорОлексійовичГринів.1961
Гриневецький С.Р.	7	СергійРафаїловичГриневецький.1957
Гриневич Л.М.	7	ЛіліяМихайлівнаГриневич.1965
Гриневич Л.М.	8	ЛіліяМихайлівнаГриневич.1965
Гриценко А.С.	7	АнатолійСтепановичГриценко.1957
Груба Г.І.	7	ГригорійІвановичГруба.1954
Грушевський В.А.	7	ВіталійАнатолійовичГрушевський.1971
Губар В.І.	7	ВікторІвановичГубар.1971
Гузенко К.О.	7	КостянтинОлександровичГузенко.1966
Гурвіц Е.Й.	7	ЕдуардЙосиповичГурвіц.1948
Данілов В.Б.	7	ВіталійБогдановичДанілов.1967
Данілов В.Б.	9	ВіталійБогдановичДанілов.1967
Даценко Л.М.	7	ЛеонідМиколайовичДаценко.1963
Дейч Б.Д.	7	БорисДавидовичДейч.1938
Демішкан В.Ф.	7	ВолодимирФедоровичДемішкан.1949
Демедюк В.Х.	7	ВасильХаритоновичДемедюк.1957
Демидко В.М.	7	ВолодимирМиколайовичДемидко.1952
Демянко М.І.	7	МиколаІвановичДемянко.1947
Денісова Л.Л.	7	ЛюдмилаЛеонтіївнаДенісова.1960
Денісова Л.Л.	8	ЛюдмилаЛеонтіївнаДенісова.1960
Денисенко А.П.	7	АнатолійПетровичДенисенко.1971
Денисенко А.П.	8	АнатолійПетровичДенисенко.1971
Дерев’янко Ю.Б.	7	ЮрійБогдановичДерев’янко.1973
Дерев’янко Ю.Б.	8	ЮрійБогдановичДерев’янко.1973
Деревляний В.Т.	7	ВасильТимофійовичДеревляний.1962
Деркач А.Л.	7	АндрійЛеонідовичДеркач.1967
Деркач А.Л.	8	АндрійЛеонідовичДеркач.1967
Деркач А.Л.	9	АндрійЛеонідовичДеркач.1967
Джемілєв М..	7	МустафаДжемілєв.1943
Джемілєв М..	8	МустафаДжемілєв.1943
Джемілєв М..	9	МустафаДжемілєв.1943
Джига М.В.	7	МиколаВасильовичДжига.1949
Дзарданов М.С.	7	МиколаСергійовичДзарданов.1953
Дзензерський Д.В.	7	ДенисВікторовичДзензерський.1978
Дзензерський Д.В.	8	ДенисВікторовичДзензерський.1978
Дзоз В.О.	7	ВіталінаОлексіївнаДзоз.1955
Дирів А.Б.	7	АнатолійБорисовичДирів.1970
Дирів А.Б.	8	АнатолійБорисовичДирів.1970
Дмитрук М.І.	7	МиколаІллічДмитрук.1961
Добкін Д.М.	7	ДмитроМарковичДобкін.1975
Добкін Д.М.	8	ДмитроМарковичДобкін.1975
Долженков О.В.	7	ОлександрВалерійовичДолженков.1983
Долженков О.В.	8	ОлександрВалерійовичДолженков.1983
Домбровський О.Г.	7	ОлександрГеоргійовичДомбровський.1962
Домбровський О.Г.	8	ОлександрГеоргійовичДомбровський.1962
Доній О.С.	7	ОлександрСергійовичДоній.1969
Донець Т.А.	7	ТетянаАнатоліївнаДонець.1980
Донець Т.А.	8	ТетянаАнатоліївнаДонець.1980
Дорохов А.М.	7	АнтонМиколайовичДорохов.1976
Дубіль В.О.	7	ВалерійОлександровичДубіль.1973
Дубіль В.О.	8	ВалерійОлександровичДубіль.1973
Дубіль В.О.	9	ВалерійОлександровичДубіль.1973
Дубневич Я.В.	7	ЯрославВасильовичДубневич.1969
Дубневич Я.В.	8	ЯрославВасильовичДубневич.1969
Дубневич Я.В.	9	ЯрославВасильовичДубневич.1969
Дубовой О.Ф.	7	ОлександрФедоровичДубовой.1976
Дудка В.В.	7	ВолодимирВолодимировичДудка.1972
Дудка О.І.	7	ОлександрІвановичДудка.1962
Дунаєв С.В.	7	СергійВолодимировичДунаєв.1973
Дунаєв С.В.	8	СергійВолодимировичДунаєв.1973
Дунаєв С.В.	9	СергійВолодимировичДунаєв.1973
Жванія Д.В.	7	ДавидВажаєвичЖванія.1967
Жеваго К.В.	7	КостянтинВалентиновичЖеваго.1974
Жеваго К.В.	8	КостянтинВалентиновичЖеваго.1974
Жеребнюк В.М.	7	ВікторМиколайовичЖеребнюк.1970
Жук М.В.	7	МиколаВасильовичЖук.1979
Журавський В.С.	7	ВіталійСтаніславовичЖуравський.1955
Забзалюк Р.О.	7	РоманОмеляновичЗабзалюк.1960
Заболотний Г.М.	7	ГригорійМихайловичЗаболотний.1952
Заболотний Г.М.	8	ГригорійМихайловичЗаболотний.1952
Задорожний В.К.	7	ВячеславКазимировичЗадорожний.1955
Зарубінський О.О.	7	ОлегОлександровичЗарубінський.1963
Зац О.В.	7	ОлександрВікторовичЗац.1976
Звягільський Ю.Л.	7	ЮхимЛеонідовичЗвягільський.1933
Звягільський Ю.Л.	8	ЮхимЛеонідовичЗвягільський.1933
Зелик Р.Б.	7	РусланБогдановичЗелик.1965
Зубик В.В.	7	ВолодимирВолодимировичЗубик.1958
Зубик В.В.	8	ВолодимирВолодимировичЗубик.1958
Зубко Г.Г.	7	ГеннадійГригоровичЗубко.1967
Зубчевський О.П.	7	ОлександрПетровичЗубчевський.1979
Ківалов С.В.	7	СергійВасильовичКівалов.1954
Ківалов С.В.	8	СергійВасильовичКівалов.1954
Кілінкаров С.П.	7	СпірідонПавловичКілінкаров.1968
Кінах А.К.	7	АнатолійКириловичКінах.1954
Кіссе А.І.	7	АнтонІвановичКіссе.1958
Кіссе А.І.	8	АнтонІвановичКіссе.1958
Кіссе А.І.	9	АнтонІвановичКіссе.1958
Кайда О.П.	7	ОлексійПетровичКайда.1971
Калєтнік І.Г.	7	ІгорГригоровичКалєтнік.1972
Калетнік Г.М.	7	ГригорійМиколайовичКалетнік.1949
Калетник О.М.	7	ОксанаМиколаївнаКалетник.1972
Кальцев С.Ф.	7	СергійФедоровичКальцев.1960
Кальченко В.М.	7	ВалерійМихайловичКальченко.1947
Калюжний В.А.	7	ВіталійАнатолійовичКалюжний.1979
Канівець О.Л.	7	ОлегЛеонідовичКанівець.1963
Каплін С.М.	7	СергійМиколайовичКаплін.1979
Каплін С.М.	8	СергійМиколайовичКаплін.1979
Карпунцов В.В.	7	ВалерійВіталійовичКарпунцов.1978
Карпунцов В.В.	8	ВалерійВіталійовичКарпунцов.1978
Карташов Є.Г.	7	ЄвгенГригоровичКарташов.1942
Катеринчук М.Д.	7	МиколаДмитровичКатеринчук.1967
Кацуба В.М.	7	ВолодимирМихайловичКацуба.1957
Кацуба В.М.	8	ВолодимирМихайловичКацуба.1957
Кацуба С.В.	7	СергійВолодимировичКацуба.1978
Кий С.В.	7	СергійВікторовичКий.1969
Кириленко І.Г.	7	ІванГригоровичКириленко.1956
Кириленко І.Г.	8	ІванГригоровичКириленко.1956
Кириленко І.Г.	9	ІванГригоровичКириленко.1956
Кириленко В.А.	7	В’ячеславАнатолійовичКириленко.1968
Кириленко В.А.	8	В’ячеславАнатолійовичКириленко.1968
Кириленко П.В.	7	ПавлоВеніаміновичКириленко.1976
Клімов Л.М.	7	ЛеонідМихайловичКлімов.1953
Клімов Л.М.	8	ЛеонідМихайловичКлімов.1953
Кличко В.В.	7	ВіталійВолодимировичКличко.1971
Клюєв С.П.	7	СергійПетровичКлюєв.1969
Клюєв С.П.	8	СергійПетровичКлюєв.1969
Княжицький М.Л.	7	МиколаЛеонідовичКняжицький.1968
Княжицький М.Л.	8	МиколаЛеонідовичКняжицький.1968
Княжицький М.Л.	9	МиколаЛеонідовичКняжицький.1968
Князевич Р.П.	7	РусланПетровичКнязевич.1974
Князевич Р.П.	8	РусланПетровичКнязевич.1974
Князевич Р.П.	9	РусланПетровичКнязевич.1974
Коваль О.І.	7	ОлександрІвановичКоваль.1959
Ковальчук В.А.	7	ВіталійАнатолійовичКовальчук.1969
Ковальчук В.А.	8	ВіталійАнатолійовичКовальчук.1969
Ковач В.І.	7	ВасильІллічКовач.1956
Кожара Л.О.	7	ЛеонідОлександровичКожара.1963
Кожем’якін А.А.	7	АндрійАнатолійовичКожем’якін.1965
Кожем’якін А.А.	8	АндрійАнатолійовичКожем’якін.1965
Кожем’якін А.А.	9	АндрійАнатолійовичКожем’якін.1965
Козуб О.А.	7	ОлександрАндрійовичКозуб.1956
Колганова О.В.	7	ОленаВалеріївнаКолганова.1969
Колганова О.В.	8	ОленаВалеріївнаКолганова.1969
Колесніков Б.В.	7	БорисВікторовичКолесніков.1962
Колесніченко В.В.	7	ВадимВасильовичКолесніченко.1958
Кондратюк О.К.	7	ОленаКостянтинівнаКондратюк.1970
Кондратюк О.К.	8	ОленаКостянтинівнаКондратюк.1970
Кондратюк О.К.	9	ОленаКостянтинівнаКондратюк.1970
Корж П.П.	7	ПавлоПетровичКорж.1953
Коржев А.Л.	7	АнатолійЛеонідовичКоржев.1944
Корнійчук О.О.	7	ОлександрОлександровичКорнійчук.1973
Королюк В.А.	7	ВалентинАнатолійовичКоролюк.1963
Котеляк Л.Л.	7	ЛідіяЛеонідівнаКотеляк.1963
Кошулинський Р.В.	7	РусланВолодимировичКошулинський.1969
Кравчук В.П.	7	ВасильПетровичКравчук.1967
Кривецький І.І.	7	ІгорІгоровичКривецький.1972
Круглов М.П.	7	МиколаПетровичКруглов.1950
Крук Ю.Б.	7	ЮрійБорисовичКрук.1941
Крутій В.І.	7	ВіталійІвановичКрутій.1967
Кубів С.І.	7	СтепанІвановичКубів.1962
Кубів С.І.	8	СтепанІвановичКубів.1962
Кубів С.І.	9	СтепанІвановичКубів.1962
Кудря В.І.	7	ВолодимирІларіоновичКудря.1948
Кужель О.В.	7	ОлександраВолодимирівнаКужель.1953
Кужель О.В.	8	ОлександраВолодимирівнаКужель.1953
Кузьменко С.А.	7	СергійАнатолійовичКузьменко.1975
Кузьмук О.І.	7	ОлександрІвановичКузьмук.1954
Кулініч О.І.	7	ОлегІвановичКулініч.1966
Кулініч О.І.	8	ОлегІвановичКулініч.1966
Кулініч О.І.	9	ОлегІвановичКулініч.1966
Куніцин С.В.	7	СергійВолодимировичКуніцин.1960
Куніцин С.В.	8	СергійВолодимировичКуніцин.1960
Кунченко О.П.	7	ОлексійПетровичКунченко.1952
Купрейчик І.В.	7	ІринаВалеріївнаКупрейчик.1971
Купчак В.Р.	7	ВолодимирРомановичКупчак.1978
Куренной В.К.	7	ВолодимирКостянтиновичКуренной.1967
Куренной В.К.	8	ВолодимирКостянтиновичКуренной.1967
Куровський І.І.	7	ІванІвановичКуровський.1951
Курпіль С.В.	7	СтепанВолодимировичКурпіль.1959
Кутовий В.Г.	7	ВячеславГригоровичКутовий.1971
Кутовий Т.В.	7	ТарасВікторовичКутовий.1976
Кутовий Т.В.	8	ТарасВікторовичКутовий.1976
Кучерук М.Г.	7	МиколаГерасимовичКучерук.1960
Лабазюк С.П.	7	СергійПетровичЛабазюк.1980
Лабазюк С.П.	8	СергійПетровичЛабазюк.1980
Лабазюк С.П.	9	СергійПетровичЛабазюк.1980
Лабунська А.В.	7	АнжелікаВікторівнаЛабунська.1967
Лабунська А.В.	9	АнжелікаВікторівнаЛабунська.1967
Лавринович О.В.	7	ОлександрВолодимировичЛавринович.1956
Ландик В.І.	7	ВалентинІвановичЛандик.1946
Ланьо М.І.	7	МихайлоІвановичЛаньо.1964
Ланьо М.І.	8	МихайлоІвановичЛаньо.1964
Лебедєв П.В.	7	ПавлоВалентиновичЛебедєв.1962
Левченко М.О.	7	МиколаОлександровичЛевченко.1979
Левченко О.В.	7	ОльгаВолодимирівнаЛевченко.1959
Ледовських О.В.	7	ОленаВолодимирівнаЛедовських.1960
Ледовських О.В.	8	ОленаВолодимирівнаЛедовських.1960
Лелюк О.В.	7	ОлексійВолодимировичЛелюк.1969
Леонов Е.В.	7	ЕдуардВолодимировичЛеонов.1974
Литвин В.М.	7	ВолодимирМихайловичЛитвин.1956
Литвин В.М.	8	ВолодимирМихайловичЛитвин.1956
Литвинов Л.Ф.	7	ЛеонідФедоровичЛитвинов.1944
Лопачак М.Р.	7	МаркіянРомановичЛопачак.1980
Лук’янов В.В.	7	ВладиславВалентиновичЛук’янов.1964
Лук’янчук Р.В.	7	РусланВалерійовичЛук’янчук.1972
Лук’янчук Р.В.	8	РусланВалерійовичЛук’янчук.1972
Лукашук О.Г.	7	ОлегГригоровичЛукашук.1951
Лунченко В.В.	7	ВалерійВалерійовичЛунченко.1982
Лунченко В.В.	8	ВалерійВалерійовичЛунченко.1982
Лунченко В.В.	9	ВалерійВалерійовичЛунченко.1982
Луценко І.С.	7	ІринаСтепанівнаЛуценко.1966
Луценко І.С.	8	ІринаСтепанівнаЛуценко.1966
Луценко І.С.	9	ІринаСтепанівнаЛуценко.1966
Льовочкіна Ю.В.	7	ЮліяВолодимирівнаЛьовочкіна.1977
Льовочкіна Ю.В.	8	ЮліяВолодимирівнаЛьовочкіна.1977
Льовочкіна Ю.В.	9	ЮліяВолодимирівнаЛьовочкіна.1977
Любоненко Ю.В.	7	ЮрійВікторовичЛюбоненко.1950
Лютікова В.І.	7	ВалентинаІванівнаЛютікова.1953
Ляпіна К.М.	7	КсеніяМихайлівнаЛяпіна.1964
Ляшко О.В.	7	ОлегВалерійовичЛяшко.1972
Ляшко О.В.	8	ОлегВалерійовичЛяшко.1972
Мірошниченко І.М.	7	ІгорМихайловичМірошниченко.1976
Мірошниченко Ю.Р.	7	ЮрійРомановичМірошниченко.1970
Мірошниченко Ю.Р.	8	ЮрійРомановичМірошниченко.1970
Міщенко А.М.	7	АндрійМиколайовичМіщенко.1973
Міщенко С.Г.	7	СергійГригоровичМіщенко.1971
Міщенко С.Г.	8	СергійГригоровичМіщенко.1971
Макеєнко В.В.	7	ВолодимирВолодимировичМакеєнко.1965
Макул Л.Я.	7	ЛеонідЯковичМакул.1958
Малишев В.С.	7	ВолодимирСтепановичМалишев.1950
Мальцев В.О.	7	ВолодимирОлександровичМальцев.1974
Марков І.О.	7	ІгорОлеговичМарков.1973
Мармазов Є.В.	7	ЄвгенВасильовичМармазов.1938
Мартиненко М.В.	7	МиколаВолодимировичМартиненко.1961
Мартиненко М.В.	8	МиколаВолодимировичМартиненко.1961
Мартинюк А.І.	7	АдамІвановичМартинюк.1950
Мартинюк Л.С.	7	ЛеонтійСвятославовичМартинюк.1971
Мартиняк С.В.	7	СергійВасильовичМартиняк.1971
Мартиняк С.В.	8	СергійВасильовичМартиняк.1971
Мартовицький А.В.	7	АртурВолодимировичМартовицький.1964
Мартовицький А.В.	8	АртурВолодимировичМартовицький.1964
Марцінків Р.Р.	7	РусланРомановичМарцінків.1979
Матіос М.В.	7	МаріяВасилівнаМатіос.1959
Матіос М.В.	8	МаріяВасилівнаМатіос.1959
Матвієнков С.А.	7	СергійАнатолійовичМатвієнков.1957
Матвієнков С.А.	8	СергійАнатолійовичМатвієнков.1957
Матвєєв В.Г.	7	ВалентинГригоровичМатвєєв.1943
Махніцький О.І.	7	ОлегІгоровичМахніцький.1970
Медуниця О.В.	7	ОлегВячеславовичМедуниця.1971
Медуниця О.В.	8	ОлегВячеславовичМедуниця.1971
Медяник В.Ю.	7	ВолодимирЮрійовичМедяник.1970
Мельник Є.І.	7	ЄвгенІвановичМельник.1956
Мельник С.А.	7	СтаніславАнатолійовичМельник.1961
Мельниченко В.В.	7	ВолодимирВолодимировичМельниченко.1965
Мельниченко В.В.	8	ВолодимирВолодимировичМельниченко.1965
Мельничук Л.Ю.	7	ЛарисаЮріївнаМельничук.1962
Меріков В.І.	7	ВадимІвановичМеріков.1976
Миримський Л.Ю.	7	ЛевЮлійовичМиримський.1960
Мирний І.М.	7	ІванМиколайовичМирний.1954
Мирний І.М.	8	ІванМиколайовичМирний.1954
Мирний О.Б.	7	ОлександрБорисовичМирний.1961
Мироненко М.І.	7	МихайлоІвановичМироненко.1954
Мисик В.Ю.	7	ВолодимирЮрійовичМисик.1965
Мисик В.Ю.	8	ВолодимирЮрійовичМисик.1965
Михайленко О.Д.	7	ОльгаДмитрівнаМихайленко.1956
Михальчишин Ю.А.	7	ЮрійАдріяновичМихальчишин.1982
Молоток І.Ф.	7	ІгорФедоровичМолоток.1967
Молоток І.Ф.	8	ІгорФедоровичМолоток.1967
Молоток І.Ф.	9	ІгорФедоровичМолоток.1967
Момот О.І.	7	ОлександрІвановичМомот.1956
Морозенко Є.В.	7	ЄвгенійВадимовичМорозенко.1958
Москаленко Я.М.	7	ЯрославМиколайовичМоскаленко.1975
Москаленко Я.М.	8	ЯрославМиколайовичМоскаленко.1975
Москаль Г.Г.	7	ГеннадійГеннадійовичМоскаль.1950
Мохник А.В.	7	АндрійВолодимировичМохник.1972
Мочков О.Б.	7	ОлександрБорисовичМочков.1981
Мошак С.М.	7	СергійМиколайовичМошак.1965
Мошенський В.З.	7	ВалерійЗахаровичМошенський.1957
Мураєв Є.В.	7	ЄвгенійВолодимировичМураєв.1976
Мураєв Є.В.	8	ЄвгенійВолодимировичМураєв.1976
Мхітарян Н.М.	7	НвєрМнацакановичМхітарян.1960
Наконечний В.Л.	7	ВолодимирЛеонтієвичНаконечний.1952
Наливайченко В.О.	7	ВалентинОлександровичНаливайченко.1966
Наливайченко В.О.	9	ВалентинОлександровичНаливайченко.1966
Негой Ф.Ф.	7	ФедірФедоровичНегой.1958
Негой Ф.Ф.	8	ФедірФедоровичНегой.1958
Немілостівий В.О.	7	ВіталійОлександровичНемілостівий.1968
Немиря Г.М.	7	ГригорійМихайловичНемиря.1960
Немиря Г.М.	8	ГригорійМихайловичНемиря.1960
Немиря Г.М.	9	ГригорійМихайловичНемиря.1960
Нетецька О.А.	7	ОленаАнатоліївнаНетецька.1972
Нечаєв О.І.	7	ОлександрІгоревичНечаєв.1963
Нечаєв О.І.	8	ОлександрІгоревичНечаєв.1963
Ничипоренко В.М.	7	ВалентинМиколайовичНичипоренко.1961
Ничипоренко В.М.	8	ВалентинМиколайовичНичипоренко.1961
Новак Н.В.	7	НаталіяВасилівнаНовак.1955
Новак Н.В.	8	НаталіяВасилівнаНовак.1955
Новинський В.В.	7	ВадимВладиславовичНовинський.1963
Новинський В.В.	8	ВадимВладиславовичНовинський.1963
Новинський В.В.	9	ВадимВладиславовичНовинський.1963
Одарченко Ю.В.	7	ЮрійВіталійовичОдарченко.1960
Одарченко Ю.В.	8	ЮрійВіталійовичОдарченко.1960
Олійник В.М.	7	ВолодимирМиколайовичОлійник.1957
Омельченко В.П.	7	ВалерійПавловичОмельченко.1980
Омельянович Д.С.	7	ДенисСергійовичОмельянович.1977
Омельянович Д.С.	8	ДенисСергійовичОмельянович.1977
Онищенко О.Р.	7	ОлександрРомановичОнищенко.1969
Онищенко О.Р.	8	ОлександрРомановичОнищенко.1969
Опанащенко М.В.	7	МихайлоВолодимировичОпанащенко.1977
Оробець Л.Ю.	7	ЛесяЮріївнаОробець.1982
Осауленко Т.В.	7	ТарасВолодимировичОсауленко.1964
Остапчук В.М.	7	ВікторМиколайовичОстапчук.1955
Остапчук В.М.	8	ВікторМиколайовичОстапчук.1955
Осуховський О.І.	7	ОлегІвановичОсуховський.1978
Осуховський О.І.	8	ОлегІвановичОсуховський.1978
Пінчук А.П.	7	АндрійПавловичПінчук.1980
Павелко А.В.	7	АндрійВасильовичПавелко.1975
Павелко А.В.	8	АндрійВасильовичПавелко.1975
Павленко Р.М.	7	РостиславМиколайовичПавленко.1976
Павленко Р.М.	8	РостиславМиколайовичПавленко.1976
Павленко Р.М.	9	РостиславМиколайовичПавленко.1976
Павлов К.Ю.	7	КостянтинЮрійовичПавлов.1973
Павлов К.Ю.	8	КостянтинЮрійовичПавлов.1973
Павловський А.М.	7	АндрійМихайловичПавловський.1965
Пазиняк В.С.	7	ВасильСтепановичПазиняк.1966
Паламарчук М.П.	7	МиколаПетровичПаламарчук.1954
Паламарчук М.П.	8	МиколаПетровичПаламарчук.1954
Палатний А.Л.	7	АртурЛеонідовичПалатний.1973
Палатний А.Л.	8	АртурЛеонідовичПалатний.1973
Палиця І.П.	7	ІгорПетровичПалиця.1972
Палиця І.П.	9	ІгорПетровичПалиця.1972
Панькевич О.І.	7	ОлегІгоровичПанькевич.1972
Парасків О.Д.	7	ОлегДмитровичПарасків.1966
Парубій А.В.	7	АндрійВолодимировичПарубій.1971
Парубій А.В.	8	АндрійВолодимировичПарубій.1971
Парубій А.В.	9	АндрійВолодимировичПарубій.1971
Парубок О.Н.	7	ОмелянНиконовичПарубок.1940
Пацкан В.В.	7	ВалерійВасильовичПацкан.1975
Пацкан В.В.	8	ВалерійВасильовичПацкан.1975
Пашинський С.В.	7	СергійВолодимировичПашинський.1966
Пашинський С.В.	8	СергійВолодимировичПашинський.1966
Петренко П.Д.	7	ПавлоДмитровичПетренко.1979
Петренко П.Д.	8	ПавлоДмитровичПетренко.1979
Петьовка В.В.	7	ВасильВасильовичПетьовка.1967
Петьовка В.В.	8	ВасильВасильовичПетьовка.1967
Петьовка В.В.	9	ВасильВасильовичПетьовка.1967
Пехов В.А.	7	ВолодимирАнатолійовичПехов.1969
Пилипенко В.П.	7	ВолодимирПилиповичПилипенко.1977
Пилипишин В.П.	7	ВікторПетровичПилипишин.1961
Пинзеник В.М.	7	ВікторМихайловичПинзеник.1954
Пинзеник В.М.	8	ВікторМихайловичПинзеник.1954
Писаренко В.В.	7	ВалерійВолодимировичПисаренко.1980
Писаренко В.В.	8	ВалерійВолодимировичПисаренко.1980
Пишний А.Г.	7	АндрійГригоровичПишний.1974
Побер І.М.	7	ІгорМиколайовичПобер.1968
Побер І.М.	8	ІгорМиколайовичПобер.1968
Повалій Т.М.	7	ТаїсіяМиколаївнаПовалій.1964
Полочанінов В.Г.	7	ВолодимирГеннадійовичПолочанінов.1974
Поляков В.Л.	7	ВасильЛеонідовичПоляков.1972
Поляченко Ю.В.	7	ЮрійВолодимировичПоляченко.1963
Пономарьов А.В.	7	АндрійВікторовичПономарьов.1961
Пономарьов О.С.	7	ОлександрСергійовичПономарьов.1962
Пономарьов О.С.	8	ОлександрСергійовичПономарьов.1962
Пономарьов О.С.	9	ОлександрСергійовичПономарьов.1962
Попеску І.В.	7	ІванВасильовичПопеску.1964
Поплавський М.М.	7	МихайлоМихайловичПоплавський.1949
Поплавський М.М.	8	МихайлоМихайловичПоплавський.1949
Порошенко П.О.	7	ПетроОлексійовичПорошенко.1965
Порошенко П.О.	9	ПетроОлексійовичПорошенко.1965
Прасолов І.М.	7	ІгорМиколайовичПрасолов.1962
Пресман О.С.	7	ОлександрСеменовичПресман.1961
Пресман О.С.	8	ОлександрСеменовичПресман.1961
Пригодський А.В.	7	АнтонВікентійовичПригодський.1950
Присяжнюк О.А.	7	ОлександрАндрійовичПрисяжнюк.1986
Продан О.П.	7	ОксанаПетрівнаПродан.1974
Продан О.П.	8	ОксанаПетрівнаПродан.1974
Продивус В.С.	7	ВолодимирСтепановичПродивус.1962
Путілов А.С.	7	АндрійСтаніславовичПутілов.1971
Пшонка А.В.	7	АртемВікторовичПшонка.1976
Різаненко П.О.	7	ПавлоОлександровичРізаненко.1975
Різаненко П.О.	8	ПавлоОлександровичРізаненко.1975
Развадовський В.Й.	7	ВікторЙосиповичРазвадовський.1959
Развадовський В.Й.	8	ВікторЙосиповичРазвадовський.1959
Раупов Р.Б.	7	РустамБурхановичРаупов.1964
Ревенко А.Д.	7	АнатолійДмитровичРевенко.1952
Рибак В.В.	7	ВолодимирВасильовичРибак.1946
Рибаков І.О.	7	ІгорОлександровичРибаков.1976
Риженков О.М.	7	ОлександрМиколайовичРиженков.1950
Розенко П.В.	7	ПавлоВалерійовичРозенко.1970
Розенко П.В.	8	ПавлоВалерійовичРозенко.1970
Романюк Р.С.	7	РоманСергійовичРоманюк.1961
Романюк Р.С.	8	РоманСергійовичРоманюк.1961
Рудьковський М.М.	7	МиколаМиколайовичРудьковський.1967
Рябікін П.Б.	7	ПавлоБорисовичРябікін.1965
Сігал Є.Я.	7	ЄвгенЯковичСігал.1955
Сікора О.М.	7	ОльгаМирославівнаСікора.1961
Сабій І.М.	7	ІгорМихайловичСабій.1976
Савчук Ю.П.	7	ЮрійПетровичСавчук.1967
Савчук Ю.П.	8	ЮрійПетровичСавчук.1967
Сальдо В.В.	7	ВолодимирВасильовичСальдо.1956
Самойленко В.П.	7	ВасильПетровичСамойленко.1946
Самойленко Ю.П.	7	ЮрійПавловичСамойленко.1944
Сас С.В.	7	СергійВолодимировичСас.1957
Святаш Д.В.	7	ДмитроВолодимировичСвяташ.1971
Святаш Д.В.	8	ДмитроВолодимировичСвяташ.1971
Селіваров А.Б.	7	АндрійБорисовичСеліваров.1972
Семенюк А.О.	7	АртемОлексійовичСеменюк.1983
Сенченко А.В.	7	АндрійВіленовичСенченко.1959
Сергієнко Л.Г.	7	ЛеонідГригоровичСергієнко.1955
Сех І.І.	7	ІринаІгорівнаСех.1970
Симоненко П.М.	7	ПетроМиколайовичСимоненко.1952
Сиротюк О.М.	7	ОлегМирославовичСиротюк.1978
Сиротюк Ю.М.	7	ЮрійМиколайовичСиротюк.1976
Сич О.М.	7	ОлександрМаксимовичСич.1964
Скарбовійчук Р.В.	7	РусланВолодимировичСкарбовійчук.1975
Скосар І.Є.	7	ІгорЄвгенійовичСкосар.1968
Скубашевський С.В.	7	СтаніславВалеріановичСкубашевський.1949
Слюз Т.Я.	7	ТетянаЯрославівнаСлюз.1965
Смітюх Г.Є.	7	ГригорійЄвдокимовичСмітюх.1961
Соболєв С.В.	7	СергійВладиславовичСоболєв.1961
Соболєв С.В.	8	СергійВладиславовичСоболєв.1961
Соболєв С.В.	9	СергійВладиславовичСоболєв.1961
Солошенко М.П.	7	МиколаПавловичСолошенко.1950
Сольвар Р.М.	7	РусланМиколайовичСольвар.1971
Сольвар Р.М.	8	РусланМиколайовичСольвар.1971
Сорока М.П.	7	МиколаПетровичСорока.1952
Спіріна І.Д.	7	ІринаДмитрівнаСпіріна.1959
Стаднійчук Р.В.	7	РоманВасильовичСтаднійчук.1980
Стець Ю.Я.	7	ЮрійЯрославовичСтець.1975
Стець Ю.Я.	8	ЮрійЯрославовичСтець.1975
Стойко І.М.	7	ІванМихайловичСтойко.1961
Стоян О.М.	7	ОлександрМиколайовичСтоян.1943
Струк В.О.	7	ВолодимирОлексійовичСтрук.1964
Ступак І.І.	7	ІванІвановичСтупак.1960
Сухий Я.М.	7	ЯрославМихайловичСухий.1951
Сушкевич В.М.	7	ВалерійМихайловичСушкевич.1954
Тігіпко С.Л.	7	СергійЛеонідовичТігіпко.1960
Табалов А.О.	7	АндрійОлександровичТабалов.1978
Табалов О.М.	7	ОлександрМиколайовичТабалов.1957
Табачнік Я.П.	7	ЯківПіневичТабачнік.1945
Табачник Д.В.	7	ДмитроВолодимировичТабачник.1963
Тарасюк Б.І.	7	БорисІвановичТарасюк.1949
Тарасюк Б.І.	8	БорисІвановичТарасюк.1949
Тедеєв Е.С.	7	ЕльбрусСослановичТедеєв.1974
Терьохін С.А.	7	СергійАнатолійовичТерьохін.1963
Тимошенко В.А.	7	ВікторАнатолійовичТимошенко.1969
Тихонов В.М.	7	ВікторМиколайовичТихонов.1949
Ткачук Г.В.	7	ГеннадійВіталійовичТкачук.1968
Ткачук Г.В.	8	ГеннадійВіталійовичТкачук.1968
Томенко М.В.	7	МиколаВолодимировичТоменко.1964
Томенко М.В.	8	МиколаВолодимировичТоменко.1964
Топалов С.В.	7	СергійВалерійовичТопалов.1965
Труханов Г.Л.	7	ГеннадійЛеонідовичТруханов.1965
Турманов В.І.	7	ВікторІвановичТурманов.1945
Турчинов О.В.	7	ОлександрВалентиновичТурчинов.1964
Турчинов О.В.	8	ОлександрВалентиновичТурчинов.1964
Тягнибок А.Я.	7	АндрійЯрославовичТягнибок.1973
Тягнибок О.Я.	7	ОлегЯрославовичТягнибок.1968
Фірсов Є.П.	7	ЄгорПавловичФірсов.1988
Фірсов Є.П.	8	ЄгорПавловичФірсов.1988
Фаєрмарк С.О.	7	СергійОлександровичФаєрмарк.1962
Фаєрмарк С.О.	8	СергійОлександровичФаєрмарк.1962
Фабрикант С.С.	7	СвітланаСамуілівнаФабрикант.1967
Фаріон І.Д.	7	ІринаДмитрівнаФаріон.1964
Федорук М.Т.	7	МиколаТрохимовичФедорук.1954
Федорук М.Т.	8	МиколаТрохимовичФедорук.1954
Федорчук Я.П.	7	ЯрославПетровичФедорчук.1936
Федоряк Г.Д.	7	ГеннадійДмитровичФедоряк.1966
Фельдман О.Б.	7	ОлександрБорисовичФельдман.1960
Фельдман О.Б.	8	ОлександрБорисовичФельдман.1960
Фельдман О.Б.	9	ОлександрБорисовичФельдман.1960
Фищук О.Г.	7	ОлександрГеоргійовичФищук.1958
Фурман О.Ю.	7	ОлексійЮрійовичФурман.1969
Фурсін І.Г.	7	ІванГеннадійовичФурсін.1971
Фурсін І.Г.	8	ІванГеннадійовичФурсін.1971
Ханенко С.М.	7	СвятославМихайловичХаненко.1953
Хміль М.М.	7	МихайлоМихайловичХміль.1973
Хміль М.М.	8	МихайлоМихайловичХміль.1973
Хмельницький В.І.	7	ВасильІвановичХмельницький.1966
Хомутиннік В.Ю.	7	ВіталійЮрійовичХомутиннік.1976
Хомутиннік В.Ю.	8	ВіталійЮрійовичХомутиннік.1976
Царьов О.А.	7	ОлегАнатолійовичЦарьов.1970
Цибенко П.С.	7	ПетроСтепановичЦибенко.1949
Циркін І.М.	7	ІгорМарковичЦиркін.1974
Чернега Р.Т.	7	РоманТарасовичЧернега.1979
Черняков В.В.	7	ВалерійВікторовичЧерняков.1966
Чертков Ю.Д.	7	ЮрійДмитровичЧертков.1962
Чечетов М.В.	7	МихайлоВасильовичЧечетов.1953
Чорна Г.М.	7	ГалинаМихайлівнаЧорна.1967
Чорноволенко О.В.	7	ОлександрВіленовичЧорноволенко.1955
Чуб В.Є.	7	ВолодимирЄвгеновичЧуб.1956
Чубатенко О.М.	7	ОлександрМиколайовичЧубатенко.1960
Чугунніков В.С.	7	ВіталійСеменовичЧугунніков.1974
Чудновський В.О.	7	ВіталійОлеговичЧудновський.1969
Чумак В.В.	7	ВікторВасильовичЧумак.1958
Чумак В.В.	8	ВікторВасильовичЧумак.1958
Шаблатович О.М.	7	ОлегМиколайовичШаблатович.1979
Шаповалов Ю.А.	7	ЮрійАнатолійовичШаповалов.1972
Шаповалов Ю.А.	8	ЮрійАнатолійовичШаповалов.1972
Шаповалов Ю.А.	9	ЮрійАнатолійовичШаповалов.1972
Шаров І.Ф.	7	ІгорФедоровичШаров.1961
Шатворян В.Г.	7	ВіленГригоровичШатворян.1981
Швайка І.О.	7	ІгорОлександровичШвайка.1976
Швець В.Д.	7	ВікторДмитровичШвець.1954
Шевченко А.В.	7	АндрійВіталійовичШевченко.1976
Шевченко О.О.	7	ОлександрОксеньтійовичШевченко.1937
Шевченко О.Л.	7	ОлександрЛеонідовичШевченко.1971
Шевченко О.Л.	8	ОлександрЛеонідовичШевченко.1971
Шевчук О.Б.	7	ОлегБорисовичШевчук.1968
Шенцев Д.О.	7	ДмитроОлексійовичШенцев.1964
Шенцев Д.О.	8	ДмитроОлексійовичШенцев.1964
Шенцев Д.О.	9	ДмитроОлексійовичШенцев.1964
Шипко А.Ф.	7	АндрійФедоровичШипко.1970
Шипко А.Ф.	8	АндрійФедоровичШипко.1970
Шкіря І.М.	7	ІгорМиколайовичШкіря.1965
Шкіря І.М.	8	ІгорМиколайовичШкіря.1965
Шкварилюк В.В.	7	ВолодимирВасильовичШкварилюк.1974
Шкварилюк В.В.	8	ВолодимирВасильовичШкварилюк.1974
Шлемко Д.В.	7	ДмитроВасильовичШлемко.1950
Шлемко Д.В.	8	ДмитроВасильовичШлемко.1950
Шпенов Д.Ю.	7	ДмитроЮрійовичШпенов.1978
Шпенов Д.Ю.	8	ДмитроЮрійовичШпенов.1978
Шпенов Д.Ю.	9	ДмитроЮрійовичШпенов.1978
Шугало Р.В.	7	РоманВасильовичШугало.1986
Шульга В.П.	7	ВолодимирПетровичШульга.1973
Шуфрич Н.І.	7	НесторІвановичШуфрич.1966
Шуфрич Н.І.	8	НесторІвановичШуфрич.1966
Шуфрич Н.І.	9	НесторІвановичШуфрич.1966
Щербань А.В.	7	АртемВолодимировичЩербань.1974
Яворівський В.О.	7	ВолодимирОлександровичЯворівський.1942
Янків І.Т.	7	ІгорТарасовичЯнків.1971
Янукович В.В.	7	ВікторВікторовичЯнукович.1981
Ярема В.Г.	7	ВіталійГригоровичЯрема.1963
Яценко А.В.	7	АнтонВолодимировичЯценко.1977
Яценко А.В.	8	АнтонВолодимировичЯценко.1977
Яценко А.В.	9	АнтонВолодимировичЯценко.1977
Яценюк А.П.	7	АрсенійПетровичЯценюк.1974
Яценюк А.П.	8	АрсенійПетровичЯценюк.1974
Євлахов А.С.	8	АнатолійСергійовичЄвлахов.1981
Євтушок С.М.	8	СергійМиколайовичЄвтушок.1973
Євтушок С.М.	9	СергійМиколайовичЄвтушок.1973
Єдаков Я.Ю.	8	ЯрославЮрійовичЄдаков.1976
Єднак О.В.	8	ОстапВолодимировичЄднак.1980
Єленський В.Є.	8	ВікторЄвгеновичЄленський.1957
Єфімов М.В.	8	МаксимВікторовичЄфімов.1974
Єфімов М.В.	9	МаксимВікторовичЄфімов.1974
Єфремова І.О.	8	ІринаОлексіївнаЄфремова.1959
Івченко В.Є.	8	ВадимЄвгеновичІвченко.1980
Івченко В.Є.	9	ВадимЄвгеновичІвченко.1980
Іщейкін К.Є.	8	КостянтинЄвгеновичІщейкін.1975
Алєксєєв С.О.	8	СергійОлеговичАлєксєєв.1977
Алєксєєв С.О.	9	СергійОлеговичАлєксєєв.1977
Алексєєв І.С.	8	ІгорСергійовичАлексєєв.1986
Амельченко В.В.	8	ВасильВасильовичАмельченко.1962
Антонищак А.Ф.	8	АндрійФедоровичАнтонищак.1969
Арешонков В.Ю.	8	ВолодимирЮрійовичАрешонков.1957
Арешонков В.Ю.	9	ВолодимирЮрійовичАрешонков.1957
Артеменко А.В.	8	АндрійВікторовичАртеменко.1969
Артюшенко І.А.	8	ІгорАндрійовичАртюшенко.1984
Білецький А.Є.	8	АндрійЄвгенійовичБілецький.1979
Білозір О.В.	8	ОксанаВолодимирівнаБілозір.1957
Білоцерковець Д.О.	8	ДмитроОлександровичБілоцерковець.1986
Бабій Ю.Ю.	8	ЮрійЮрійовичБабій.1977
Бабак А.В.	8	АльонаВалеріївнаБабак.1969
Бабенко В.Б.	8	ВалерійБорисовичБабенко.1964
Бакулін Є.М.	8	ЄвгенМиколайовичБакулін.1956
Бакуменко О.Б.	8	ОлександрБорисовичБакуменко.1959
Балога І.І.	8	ІванІвановичБалога.1966
Барна О.С.	8	ОлегСтепановичБарна.1967
Барна С.С.	8	СтепанСтепановичБарна.1979
Батенко Т.І.	8	ТарасІвановичБатенко.1974
Батенко Т.І.	9	ТарасІвановичБатенко.1974
Бендюженко Ф.В.	8	ФедірВолодимировичБендюженко.1982
Береза Б.Ю.	8	БориславЮхимовичБереза.1974
Береза Ю.М.	8	ЮрійМиколайовичБереза.1970
Березенко С.І.	8	СергійІвановичБерезенко.1984
Березюк О.Р.	8	ОлегРомановичБерезюк.1969
Богомолець О.В.	8	ОльгаВадимівнаБогомолець.1966
Бойко О.П.	8	ОленаПетрівнаБойко.1972
Бойко Ю.А.	8	ЮрійАнатолійовичБойко.1958
Бойко Ю.А.	9	ЮрійАнатолійовичБойко.1958
Бондар М.Л.	8	МихайлоЛеонтійовичБондар.1973
Бондар М.Л.	9	МихайлоЛеонтійовичБондар.1973
Брензович В.І.	8	ВасильІвановичБрензович.1964
Буглак Ю.О.	8	ЮрійОлександровичБуглак.1965
Бухарєв В.В.	8	ВладиславВікторовичБухарєв.1969
Вілкул О.Ю.	8	ОлександрЮрійовичВілкул.1974
Вінник І.Ю.	8	ІванЮлійовичВінник.1979
Вітко А.Л.	8	АртемЛеонідовичВітко.1983
Вадатурський А.О.	8	АндрійОлексійовичВадатурський.1973
Валентиров С.В.	8	СергійВасильовичВалентиров.1978
Ванат П.М.	8	ПетроМихайловичВанат.1938
Велікін О.М.	8	ОлегМарковичВелікін.1971
Величкович М.Р.	8	МиколаРомановичВеличкович.1972
Величкович М.Р.	9	МиколаРомановичВеличкович.1972
Веселова Н.В.	8	НаталіяВасилівнаВеселова.1975
Висоцький С.В.	8	СергійВіталійовичВисоцький.1985
Вовк В.І.	8	ВікторІвановичВовк.1962
Войціцька В.М.	8	ВікторіяМихайлівнаВойціцька.1974
Войцеховська С.М.	8	СвітланаМихайлівнаВойцеховська.1959
Вощевський В.М.	8	ВалерійМиколайовичВощевський.1956
Гаврилюк М.В.	8	МихайлоВіталійовичГаврилюк.1979
Галасюк В.В.	8	ВікторВалерійовичГаласюк.1981
Гальченко А.В.	8	АндрійВолодимировичГальченко.1971
Гарбуз Ю.Г.	8	ЮрійГригорійовичГарбуз.1971
Гвоздьов М.О.	8	МихайлоОлексійовичГвоздьов.1973
Герасимов А.В.	8	АртурВолодимировичГерасимов.1972
Герасимов А.В.	9	АртурВолодимировичГерасимов.1972
Геращенко А.Ю.	8	АнтонЮрійовичГеращенко.1979
Голуб В.В.	8	ВладиславВолодимировичГолуб.1983
Голубов Д.І.	8	ДмитроІвановичГолубов.1983
Гончаренко О.О.	8	ОлексійОлексійовичГончаренко.1980
Гончаренко О.О.	9	ОлексійОлексійовичГончаренко.1980
Гопко Г.М.	8	ГаннаМиколаївнаГопко.1982
Горбунов О.В.	8	ОлександрВолодимировичГорбунов.1969
Горват Р.І.	8	РобертІвановичГорват.1969
Горват Р.І.	9	РобертІвановичГорват.1969
Гордєєв А.А.	8	АндрійАнатолійовичГордєєв.1983
Грановський О.М.	8	ОлександрМихайловичГрановський.1979
Гройсман В.Б.	8	ВолодимирБорисовичГройсман.1978
Гудзенко В.І.	8	ВіталійІвановичГудзенко.1971
Гузь І.В.	8	ІгорВолодимировичГузь.1982
Гузь І.В.	9	ІгорВолодимировичГузь.1982
Гулак О.М.	8	ОлександрМиколайовичГулак.1972
Гуляєв В.О.	8	ВасильОлександровичГуляєв.1963
Гусак В.Г.	8	ВолодимирГеоргійовичГусак.1974
Діденко І.А.	8	ІгорАнатолійовичДіденко.1967
Дідич В.В.	8	ВалентинВолодимировичДідич.1957
Давиденко В.М.	8	ВалерійМиколайовичДавиденко.1973
Давиденко В.М.	9	ВалерійМиколайовичДавиденко.1973
Данілін В.Ю.	8	ВладиславЮрійовичДанілін.1983
Данченко О.І.	8	ОлександрІвановичДанченко.1974
Дейдей Є.С.	8	ЄвгенСергійовичДейдей.1987
Демчак Р.Є.	8	РусланЄвгенійовичДемчак.1974
Денисенко А.С.	8	АндрійСергійовичДенисенко.1973
Денисенко В.І.	8	ВадимІгоровичДенисенко.1974
Дехтярчук О.В.	8	ОлександрВолодимировичДехтярчук.1971
Дзюблик П.В.	8	ПавлоВолодимировичДзюблик.1979
Дмитренко О.М.	8	ОлегМиколайовичДмитренко.1973
Добкін М.М.	8	МихайлоМарковичДобкін.1970
Добродомов Д.Є.	8	ДмитроЄвгеновичДобродомов.1977
Довбенко М.В.	8	МихайлоВолодимировичДовбенко.1954
Довгий О.С.	8	ОлесьСтаніславовичДовгий.1980
Довгий О.С.	9	ОлесьСтаніславовичДовгий.1980
Драюк С.Є.	8	СергійЄвсейовичДраюк.1953
Дроздик О.В.	8	ОлександрВалерійовичДроздик.1983
Дубінін О.І.	8	ОлександрІвановичДубінін.1959
Дубневич Б.В.	8	БогданВасильовичДубневич.1962
Жданов І.О.	8	ІгорОлександровичЖданов.1967
Жолобецький О.О.	8	ОлександрОлександровичЖолобецький.1966
Журжій А.В.	8	АндрійВалерійовичЖуржій.1978
Загорій Г.В.	8	ГлібВолодимировичЗагорій.1976
Заліщук С.П.	8	СвітланаПетрівнаЗаліщук.1982
Заружко В.Л.	8	ВалеріяЛеонідівнаЗаружко.1978
Заставний Р.Й.	8	РоманЙосиповичЗаставний.1972
Зварич Р.М.	8	РоманМихайловичЗварич.1953
Зубач Л.Л.	8	ЛюбомирЛьвовичЗубач.1978
Кіраль С.І.	8	СергійІвановичКіраль.1975
Кірш О.В.	8	ОлександрВікторовичКірш.1961
Кісельов А.М.	8	АндрійМиколайовичКісельов.1981
Кіт А.Б.	8	АндрійБогдановичКіт.1971
Кіт А.Б.	9	АндрійБогдановичКіт.1971
Кадикало М.О.	8	МиколаОлеговичКадикало.1974
Кацер-Бучковська Н.В.	8	НаталіяВолодимирівнаКацер-Бучковська.1983
Квіт С.М.	8	СергійМироновичКвіт.1965
Кириченко О.М.	8	ОлексійМиколайовичКириченко.1975
Кишкар П.М.	8	ПавлоМиколайовичКишкар.1980
Климпуш-Цинцадзе І.О.	8	ІваннаОрестівнаКлимпуш-Цинцадзе.1972
Климпуш-Цинцадзе І.О.	9	ІваннаОрестівнаКлимпуш-Цинцадзе.1972
Кобцев М.В.	8	МихайлоВалентиновичКобцев.1969
Кодола О.М.	8	ОлександрМихайловичКодола.1982
Козак Т.Р.	8	ТарасРомановичКозак.1972
Козак Т.Р.	9	ТарасРомановичКозак.1972
Козаченко Л.П.	8	ЛеонідПетровичКозаченко.1955
Козир Б.Ю.	8	БорисЮрійовичКозир.1975
Колєсніков Д.В.	8	ДмитроВалерійовичКолєсніков.1972
Кононенко І.В.	8	ІгорВіталійовичКононенко.1965
Констанкевич І.М.	8	ІринаМирославівнаКонстанкевич.1965
Констанкевич І.М.	9	ІринаМирославівнаКонстанкевич.1965
Константіновський В.Л.	8	ВячеславЛеонідовичКонстантіновський.1960
Корнацький А.О.	8	АркадійОлексійовичКорнацький.1953
Королевська Н.Ю.	8	НаталіяЮріївнаКоролевська.1975
Королевська Н.Ю.	9	НаталіяЮріївнаКоролевська.1975
Король В.М.	8	ВікторМиколайовичКороль.1948
Корчик В.А.	8	ВіталійАндрійовичКорчик.1984
Корчинська О.А.	8	ОксанаАнатоліївнаКорчинська.1970
Костенко П.П.	8	ПавлоПетровичКостенко.1976
Котвіцький І.О.	8	ІгорОлександровичКотвіцький.1970
Кошелєва А.В.	8	АльонаВолодимирівнаКошелєва.1990
Кремінь Т.Д.	8	ТарасДмитровичКремінь.1978
Кривенко В.М.	8	ВікторМиколайовичКривенко.1982
Кривенко В.В.	8	ВадимВалерійовичКривенко.1968
Кривохатько В.В.	8	ВадимВікторовичКривохатько.1962
Кривошея Г.Г.	8	ГеннадійГригоровичКривошея.1977
Кришин О.Ю.	8	ОлегЮрійовичКришин.1967
Крулько І.І.	8	ІванІвановичКрулько.1981
Крулько І.І.	9	ІванІвановичКрулько.1981
Ксенжук О.С.	8	ОлександрСтепановичКсенжук.1968
Кудлаєнко С.В.	8	СергійВолодимировичКудлаєнко.1975
Кузьменко А.І.	8	АнатолійІвановичКузьменко.1950
Куліч В.П.	8	ВалерійПетровичКуліч.1973
Куліченко І.І.	8	ІванІвановичКуліченко.1955
Купрієнко О.В.	8	ОлегВасильовичКупрієнко.1964
Купрій В.М.	8	ВіталійМиколайовичКупрій.1973
Курило В.С.	8	ВіталійСеменовичКурило.1957
Курячий М.П.	8	МаксимПавловичКурячий.1979
Кучер М.І.	8	МиколаІвановичКучер.1959
Кучер М.І.	9	МиколаІвановичКучер.1959
Лівік О.П.	8	ОлександрПетровичЛівік.1970
Лінько Д.В.	8	ДмитроВолодимировичЛінько.1987
Лаврик М.І.	8	МиколаІвановичЛаврик.1952
Лаврик О.В.	8	ОлегВасильовичЛаврик.1973
Лапін І.О.	8	ІгорОлександровичЛапін.1969
Ларін С.М.	8	СергійМиколайовичЛарін.1962
Ларін С.М.	9	СергійМиколайовичЛарін.1962
Левус А.М.	8	АндрійМар’яновичЛевус.1979
Левченко Ю.В.	8	ЮрійВолодимировичЛевченко.1984
Ленський О.О.	8	ОлексійОлексійовичЛенський.1975
Лесюк Я.В.	8	ЯрославВасильовичЛесюк.1952
Лещенко С.А.	8	СергійАнатолійовичЛещенко.1980
Логвинський Г.В.	8	ГеоргійВолодимировичЛогвинський.1978
Лозовой А.С.	8	АндрійСергійовичЛозовой.1989
Лопушанський А.Я.	8	АндрійЯрославовичЛопушанський.1962
Лопушанський А.Я.	9	АндрійЯрославовичЛопушанський.1962
Лубінець Д.В.	8	ДмитроВалерійовичЛубінець.1981
Лубінець Д.В.	9	ДмитроВалерійовичЛубінець.1981
Луценко І.В.	8	ІгорВікторовичЛуценко.1978
Луценко Ю.В.	8	ЮрійВіталійовичЛуценко.1964
Льовочкін С.В.	8	СергійВолодимировичЛьовочкін.1972
Льовочкін С.В.	9	СергійВолодимировичЛьовочкін.1972
Люшняк М.В.	8	МиколаВолодимировичЛюшняк.1974
Люшняк М.В.	9	МиколаВолодимировичЛюшняк.1974
Мірошніченко І.В.	8	ІванВолодимировичМірошніченко.1972
Мірошник А.М.	8	АндрійМиколайовичМірошник.1980
Макар’ян Д.Б.	8	ДавидБорисовичМакар’ян.1984
Македон Ю.М.	8	ЮрійМиколайовичМакедон.1980
Мамчур Ю.В.	8	ЮлійВалерійовичМамчур.1971
Маркевич Я.В.	8	ЯрославВолодимировичМаркевич.1973
Марченко О.О.	8	ОлександрОлександровичМарченко.1965
Масоріна О.С.	8	ОленаСергіївнаМасоріна.1986
Матвієнко А.С.	8	АнатолійСергійовичМатвієнко.1953
Матвійчук Е.Л.	8	ЕдуардЛеонідовичМатвійчук.1963
Матейченко К.В.	8	КостянтинВолодимировичМатейченко.1970
Матківський Б.М.	8	БогданМироновичМатківський.1980
Матузко О.О.	8	ОленаОлександрівнаМатузко.1976
Мацола Р.М.	8	РоманМиколайовичМацола.1974
Мельник С.І.	8	СергійІвановичМельник.1965
Мельничук І.І.	8	ІванІвановичМельничук.1969
Мельничук С.П.	8	СергійПетровичМельничук.1972
Мепарішвілі Х.Н.	8	ХвичаНодаровичМепарішвілі.1972
Микитась М.В.	8	МаксимВікторовичМикитась.1980
Мороко Ю.М.	8	ЮрійМиколайовичМороко.1953
Мосійчук І.В.	8	ІгорВолодимировичМосійчук.1972
Мусій О.С.	8	ОлегСтепановичМусій.1965
Мушак О.П.	8	ОлексійПетровичМушак.1982
Німченко В.І.	8	ВасильІвановичНімченко.1950
Німченко В.І.	9	ВасильІвановичНімченко.1950
Найєм М..	8	Мустафа-МасіНайєм.1981
Насіров Р.М.	8	РоманМихайловичНасіров.1979
Насалик І.С.	8	ІгорСтепановичНасалик.1962
Недава О.А.	8	ОлегАнатолійовичНедава.1969
Немировський А.В.	8	АндрійВалентиновичНемировський.1983
Нестеренко В.Г.	8	ВадимГригоровичНестеренко.1970
Огнєвіч З.Л.	8	ЗлатаЛеонідівнаОгнєвіч.1986
Онуфрик Б.С.	8	БогданСеменовичОнуфрик.1958
Опанасенко О.В.	8	ОлександрВалерійовичОпанасенко.1977
Острікова Т.Г.	8	ТетянаГеоргіївнаОстрікова.1979
Підберезняк В.І.	8	ВадимІвановичПідберезняк.1972
Підлісецький Л.Т.	8	ЛевТеофіловичПідлісецький.1977
Павленко Ю.О.	8	ЮрійОлексійовичПавленко.1975
Павленко Ю.О.	9	ЮрійОлексійовичПавленко.1975
Папієв М.М.	8	МихайлоМиколайовичПапієв.1960
Папієв М.М.	9	МихайлоМиколайовичПапієв.1960
Парасюк В.З.	8	ВолодимирЗіновійовичПарасюк.1987
Пастух Т.Т.	8	ТарасТимофійовичПастух.1978
Петренко О.М.	8	ОлегМиколайовичПетренко.1973
Пинзеник П.В.	8	ПавлоВасильовичПинзеник.1976
Побочіх М.О.	8	МихайлоОлександровичПобочіх.1986
Подоляк І.І.	8	ІринаІгорівнаПодоляк.1967
Поляков М.А.	8	МаксимАнатолійовичПоляков.1982
Помазанов А.В.	8	АндрійВіталійовичПомазанов.1983
Попов І.В.	8	ІгорВолодимировичПопов.1972
Порошенко О.П.	8	ОлексійПетровичПорошенко.1985
Присяжнюк О.А.	8	ОлександрАнатолійовичПрисяжнюк.1981
Пташник В.Ю.	8	ВікторіяЮріївнаПташник.1983
Рабінович В.З.	8	ВадимЗіновійовичРабінович.1953
Рабінович В.З.	9	ВадимЗіновійовичРабінович.1953
Ревега О.В.	8	ОлександрВасильовичРевега.1966
Река А.О.	8	АндрійОлександровичРека.1953
Рибак І.П.	8	ІванПетровичРибак.1978
Рибалка С.В.	8	СергійВікторовичРибалка.1978
Рибчинський Є.Ю.	8	ЄвгенЮрійовичРибчинський.1969
Ричкова Т.Б.	8	ТетянаБорисівнаРичкова.1978
Розенблат Б.С.	8	БориславСоломоновичРозенблат.1969
Романова А.А.	8	АннаАнатоліївнаРоманова.1985
Романовський О.В.	8	ОлександрВолодимировичРомановський.1952
Романюк В.М.	8	ВікторМиколайовичРоманюк.1975
Рудик С.Я.	8	СергійЯрославовичРудик.1970
Рудик С.Я.	9	СергійЯрославовичРудик.1970
Рябчин О.М.	8	ОлексійМихайловичРябчин.1983
Сабашук П.П.	8	ПетроПавловичСабашук.1957
Савка І.І.	8	ІванІвановичСавка.1972
Саврасов М.В.	8	МаксимВіталійовичСаврасов.1980
Саврасов М.В.	9	МаксимВіталійовичСаврасов.1980
Савченко Н.В.	8	НадіяВікторівнаСавченко.1981
Савченко О.Ю.	8	ОлексійЮрійовичСавченко.1977
Сажко С.М.	8	СергійМиколайовичСажко.1969
Севрюков В.В.	8	ВладиславВолодимировичСеврюков.1975
Семенуха Р.С.	8	РоманСергійовичСеменуха.1977
Семенченко С.І.	8	СеменІгоровичСеменченко.1974
Семерак О.М.	8	ОстапМихайловичСемерак.1972
Сидорович Р.М.	8	РусланМихайловичСидорович.1974
Сидорчук В.В.	8	ВадимВасильовичСидорчук.1979
Силантьєв Д.О.	8	ДенисОлеговичСилантьєв.1976
Сироїд О.І.	8	ОксанаІванівнаСироїд.1976
Сисоєнко І.В.	8	ІринаВолодимирівнаСисоєнко.1982
Скорик М.Л.	8	МиколаЛеонідовичСкорик.1972
Скорик М.Л.	9	МиколаЛеонідовичСкорик.1972
Скрипник О.О.	8	ОлексійОлексійовичСкрипник.1964
Скуратовський С.І.	8	СергійІвановичСкуратовський.1971
Соболєв Є.В.	8	ЄгорВікторовичСоболєв.1977
Соловей Ю.І.	8	ЮрійІгоровичСоловей.1978
Солод Ю.В.	8	ЮрійВасильовичСолод.1972
Солод Ю.В.	9	ЮрійВасильовичСолод.1972
Соляр В.М.	8	ВолодимирМироновичСоляр.1981
Сотник О.С.	8	ОленаСергіївнаСотник.1982
Сочка О.О.	8	ОлександрОлександровичСочка.1971
Співаковський О.В.	8	ОлександрВолодимировичСпіваковський.1957
Спориш І.Д.	8	ІванДмитровичСпориш.1959
Сташук В.Ф.	8	ВіталійФилимоновичСташук.1972
Стеценко Д.О.	8	ДмитроОлександровичСтеценко.1987
Сторожук Д.А.	8	ДмитроАнатолійовичСторожук.1985
Сугоняко О.Л.	8	ОлександрЛеонідовичСугоняко.1958
Супруненко О.І.	8	ОлександрІвановичСупруненко.1971
Суслова І.М.	8	ІринаМиколаївнаСуслова.1988
Сюмар В.П.	8	ВікторіяПетрівнаСюмар.1977
Сюмар В.П.	9	ВікторіяПетрівнаСюмар.1977
Тіміш Г.І.	8	ГригорійІвановичТіміш.1970
Тарута С.О.	8	СергійОлексійовичТарута.1955
Тарута С.О.	9	СергійОлексійовичТарута.1955
Тетерук А.А.	8	АндрійАнатолійовичТетерук.1973
Тимошенко Ю.В.	8	ЮліяВолодимирівнаТимошенко.1960
Тимошенко Ю.В.	9	ЮліяВолодимирівнаТимошенко.1960
Тимошенко Ю.В.	8	ЮрійВолодимировичТимошенко.1961
Тимчук Д.Б.	8	ДмитроБорисовичТимчук.1972
Третьяков О.Ю.	8	ОлександрЮрійовичТретьяков.1970
Тригубенко С.М.	8	СергійМиколайовичТригубенко.1972
Унгурян П.Я.	8	ПавлоЯкимовичУнгурян.1979
Урбанський О.І.	8	ОлександрІгоровичУрбанський.1982
Усов К.Г.	8	КостянтинГлібовичУсов.1988
Філатов Б.А.	8	БорисАльбертовичФілатов.1972
Фріз І.В.	8	ІринаВасилівнаФріз.1974
Фріз І.В.	9	ІринаВасилівнаФріз.1974
Фролов М.О.	8	МиколаОлександровичФролов.1959
Хлань С.В.	8	СергійВолодимировичХлань.1972
Чекіта Г.Л.	8	ГеннадійЛеонідовичЧекіта.1966
Чепинога В.М.	8	ВіталійМихайловичЧепинога.1969
Червакова О.В.	8	ОльгаВалеріївнаЧервакова.1975
Черненко О.М.	8	ОлександрМиколайовичЧерненко.1976
Чижмарь Ю.В.	8	ЮрійВасильовичЧижмарь.1974
Чорновол Т.М.	8	ТетянаМиколаївнаЧорновол.1979
Чубаров Р.А.	8	РефатАбдурахмановичЧубаров.1957
Шахов С.В.	8	СергійВолодимировичШахов.1975
Шахов С.В.	9	СергійВолодимировичШахов.1975
Шверк Г.А.	8	ГригорійАроновичШверк.1957
Шевченко В.Л.	8	ВікторЛеонідовичШевченко.1980
Шинькович А.В.	8	АндрійВасильовичШинькович.1976
Шкрум А.І.	8	АльонаІванівнаШкрум.1988
Шкрум А.І.	9	АльонаІванівнаШкрум.1988
Шурма І.М.	8	ІгорМихайловичШурма.1958
Шухевич Ю.Р.	8	Юрій-БогданРомановичШухевич.1933
Южаніна Н.П.	8	НінаПетрівнаЮжаніна.1965
Южаніна Н.П.	9	НінаПетрівнаЮжаніна.1965
Юзькова Т.Л.	8	ТетянаЛеонідівнаЮзькова.1963
Юрик Т.З.	8	ТарасЗіновійовичЮрик.1980
Юринець О.В.	8	ОксанаВасилівнаЮринець.1978
Юрчишин П.В.	8	ПетроВасильовичЮрчишин.1958
Юрчишин П.В.	9	ПетроВасильовичЮрчишин.1958
Яніцький В.П.	8	ВасильПетровичЯніцький.1973
Яриніч К.В.	8	КостянтинВолодимировичЯриніч.1970
Ярош Д.А.	8	ДмитроАнатолійовичЯрош.1971
Іванісов Р.В.	9	РоманВалерійовичІванісов.1978
Іванов В.І.	9	ВолодимирІллічІванов.1982
Іонушас С.К.	9	СергійКостянтиновичІонушас.1979
Ісаєнко Д.В.	9	ДмитроВалерійовичІсаєнко.1967
Абрамович І.О.	9	ІгорОлександровичАбрамович.1984
Аксьонов А.А.	9	АндрійАнатолійовичАксьонов.1971
Аліксійчук О.В.	9	ОлександрВасильовичАліксійчук.1981
Аллахвердієва І.В.	9	ІринаВалеріївнаАллахвердієва.1978
Ананченко М.О.	9	МихайлоОлеговичАнанченко.1994
Андрійович З.М.	9	ЗіновійМирославовичАндрійович.1972
Арістов Ю.Ю.	9	ЮрійЮрійовичАрістов.1975
Арахамія Д.Г.	9	ДавидГеоргійовичАрахамія.1979
Арсенюк О.О.	9	ОлегОлексійовичАрсенюк.1986
Білозір Л.М.	9	ЛарисаМиколаївнаБілозір.1981
Бабій Р.В.	9	РоманВячеславовичБабій.1977
Бабак С.В.	9	СергійВіталійовичБабак.1978
Бабенко М.В.	9	МиколаВікторовичБабенко.1980
Бакумов О.С.	9	ОлександрСергійовичБакумов.1989
Бакунець П.А.	9	ПавлоАндрійовичБакунець.1987
Бардіна М.О.	9	МаринаОлегівнаБардіна.1992
Безгін В.Ю.	9	ВіталійЮрійовичБезгін.1990
Безугла М.В.	9	Мар’янаВолодимирівнаБезугла.1988
Беленюк Ж.В.	9	ЖанВенсановичБеленюк.1991
Березін М.Ю.	9	МаксимЮрійовичБерезін.1984
Боблях А.Р.	9	АндрійРостиславовичБоблях.1985
Бобровська С.А.	9	СоломіяАнатоліївнаБобровська.1989
Богданець А.В.	9	АндрійВолодимировичБогданець.1983
Богуцька Є.П.	9	ЄлізаветаПетрівнаБогуцька.1964
Божик В.І.	9	ВалерійІвановичБожик.1971
Бондар Г.В.	9	ГаннаВячеславівнаБондар.1975
Бондаренко О.В.	9	ОлегВолодимировичБондаренко.1975
Борзова І.Н.	9	ІринаНаумівнаБорзова.1982
Бородін В.В.	9	ВладиславВалерійовичБородін.1971
Брагар Є.В.	9	ЄвгенійВадимовичБрагар.1994
Бужанський М.А.	9	МаксимАркадійовичБужанський.1974
Буймістер Л.А.	9	ЛюдмилаАнатоліївнаБуймістер.1985
Булах Л.В.	9	ЛадаВалентинівнаБулах.1976
Бунін С.В.	9	СергійВалерійовичБунін.1971
Бурміч А.П.	9	АнатолійПетровичБурміч.1962
В’ятрович В.М.	9	ВолодимирМихайловичВ’ятрович.1977
Вінтоняк О.В.	9	ОленаВасилівнаВінтоняк.1979
Вірастюк В.Я.	9	ВасильЯрославовичВірастюк.1974
Вагнєр В.О.	9	ВікторіяОлександрівнаВагнєр.1981
Вакарчук С.І.	9	СвятославІвановичВакарчук.1975
Василів І.В.	9	ІгорВолодимировичВасилів.1979
Василевська-Смаглюк О.М.	9	ОльгаМихайлівнаВасилевська-Смаглюк.1985
Василенко Л.В.	9	ЛесяВолодимирівнаВасиленко.1987
Васильєв І.С.	9	ІгорСергійовичВасильєв.1984
Васильковський І.І.	9	ІгорІгоровичВасильковський.1985
Васильченко Г.І.	9	ГалинаІванівнаВасильченко.1983
Ватрас В.А.	9	ВолодимирАнтоновичВатрас.1980
Вацак Г.А.	9	ГеннадійАнатолійовичВацак.1972
Вельможний С.А.	9	СергійАнатолійовичВельможний.1976
Веніславський Ф.В.	9	ФедірВолодимировичВеніславський.1969
Венедіктова І.В.	9	ІринаВалентинівнаВенедіктова.1978
Верещук І.А.	9	ІринаАндріївнаВерещук.1979
Войцехівський В.О.	9	ВіталійОлександровичВойцехівський.1967
Волинець М.Я.	9	МихайлоЯковичВолинець.1956
Володіна Д.А.	9	Дар’яАртемівнаВолодіна.1991
Волошин О.А.	9	ОлегАнатолійовичВолошин.1981
Воронов В.А.	9	ВолодимирАнатолійовичВоронов.1978
Воронько О.Є.	9	ОлегЄвгенійовичВоронько.1974
Гайду О.В.	9	ОлександрВасильовичГайду.1976
Галайчук В.С.	9	ВадимСергійовичГалайчук.1971
Галушко М.Л.	9	МиколаЛеонідовичГалушко.1979
Гевко В.Л.	9	ВолодимирЛеонідовичГевко.1975
Герасименко І.Л.	9	ІгорЛеонідовичГерасименко.1984
Герман Д.В.	9	ДенисВадимовичГерман.1981
Герус А.М.	9	АндрійМихайловичГерус.1982
Гетманцев Д.О.	9	ДанилоОлександровичГетманцев.1978
Гнатенко В.С.	9	ВалерійСергійовичГнатенко.1967
Горбенко Р.О.	9	РусланОлександровичГорбенко.1979
Горенюк О.О.	9	ОлександрОлександровичГоренюк.1991
Горобець О.С.	9	ОлександрСергійовичГоробець.1978
Гриб В.О.	9	ВікторіяОлександрівнаГриб.1968
Гривко С.Д.	9	СергійДмитровичГривко.1985
Гринчук О.А.	9	ОксанаАнатоліївнаГринчук.1979
Гришина Ю.М.	9	ЮліяМиколаївнаГришина.1978
Грищенко Т.М.	9	ТетянаМиколаївнаГрищенко.1979
Грищук Р.П.	9	РоманПавловичГрищук.1989
Гузенко М.В.	9	МаксимВасильовичГузенко.1981
Гунько А.Г.	9	АнатолійГригоровичГунько.1976
Гурін Д.О.	9	ДмитроОлександровичГурін.1982
Діденко Ю.О.	9	ЮліяОлександрівнаДіденко.1978
Дануца О.А.	9	ОлександрАнатолійовичДануца.1980
Демченко С.О.	9	СергійОлексійовичДемченко.1976
Дирдін М.Є.	9	МаксимЄвгеновичДирдін.1982
Дмитрієва О.О.	9	ОксанаОлександрівнаДмитрієва.1980
Дмитрук А.Г.	9	АртемГеннадійовичДмитрук.1993
Драбовський А.Г.	9	АнатолійГригоровичДрабовський.1958
Дубінський О.А.	9	ОлександрАнатолійовичДубінський.1981
Дубнов А.В.	9	АртемВасильовичДубнов.1988
Дунда О.А.	9	ОлегАндрійовичДунда.1980
Железняк Я.І.	9	ЯрославІвановичЖелезняк.1989
Жмеренецький О.С.	9	ОлексійСергійовичЖмеренецький.1986
Жупанин А.В.	9	АндрійВікторовичЖупанин.1989
Зінкевич Я.В.	9	ЯнаВадимівнаЗінкевич.1995
Заблоцький М.Б.	9	Мар’янБогдановичЗаблоцький.1985
Забродський М.В.	9	МихайлоВіталійовичЗабродський.1973
Забуранна Л.В.	9	ЛесяВалентинівнаЗабуранна.1981
Завітневич О.М.	9	ОлександрМихайловичЗавітневич.1973
Загородній Ю.І.	9	ЮрійІвановичЗагородній.1959
Загоруйко А.Л.	9	АлінаЛеонідівнаЗагоруйко.1984
Задорожній М.М.	9	МиколаМиколайовичЗадорожній.1984
Задорожний А.В.	9	АндрійВікторовичЗадорожний.1968
Заремський М.В.	9	МаксимВалентиновичЗаремський.1991
Заславський Ю.І.	9	ЮрійІвановичЗаславський.1982
Захарченко В.В.	9	ВолодимирВасильовичЗахарченко.1971
Здебський Ю.В.	9	ЮрійВікторовичЗдебський.1972
Зуєв М.С.	9	МаксимСергійовичЗуєв.1982
Зуб В.О.	9	ВалерійОлексійовичЗуб.1970
Кінзбурська В.О.	9	ВікторіяОлександрівнаКінзбурська.1980
Кісільов І.П.	9	ІгорПетровичКісільов.1984
Кісєль Ю.Г.	9	ЮрійГригоровичКісєль.1963
Кабанов О.Є.	9	ОлександрЄвгенійовичКабанов.1973
Кабаченко В.В.	9	ВолодимирВікторовичКабаченко.1987
Калаур І.Р.	9	ІванРомановичКалаур.1968
Кальцев В.Ф.	9	ВолодимирФедоровичКальцев.1966
Кальченко С.В.	9	СергійВіталійовичКальченко.1964
Камельчук Ю.О.	9	ЮрійОлександровичКамельчук.1980
Каптєлов Р.В.	9	РоманВолодимировичКаптєлов.1980
Касай Г.О.	9	ГеннадійОлександровичКасай.1972
Касай К.І.	9	КостянтинІвановичКасай.1979
Качний О.С.	9	ОлександрСталіноленовичКачний.1968
Качура О.А.	9	ОлександрАнатолійовичКачура.1990
Кива І.В.	9	ІлляВолодимировичКива.1977
Кириченко М.О.	9	МиколаОлександровичКириченко.1983
Кисилевський Д.Д.	9	ДмитроДавидовичКисилевський.1983
Кицак Б.В.	9	БогданВікторовичКицак.1992
Клименко Ю.Л.	9	ЮліяЛеонідівнаКлименко.1976
Клочко А.А.	9	АндрійАндрійовичКлочко.1981
Коваленко А.М.	9	АннаМиколаївнаКоваленко.1991
Коваль О.В.	9	ОльгаВолодимирівнаКоваль.1991
Ковальов А.В.	9	АртемВолодимировичКовальов.1984
Ковальов О.І.	9	ОлексійІвановичКовальов.1989
Ковальов О.І.	9	ОлександрІвановичКовальов.1967
Ковальчук О.В.	9	ОлександрВолодимировичКовальчук.1974
Козак В.В.	9	ВолодимирВасильовичКозак.1984
Козир С.В.	9	СергійВ’ячеславовичКозир.1984
Колісник А.С.	9	АннаСергіївнаКолісник.1994
Колєв О.В.	9	ОлегВікторовичКолєв.1973
Колебошин С.В.	9	СергійВалерійовичКолебошин.1977
Колихаєв І.В.	9	ІгорВікторовичКолихаєв.1971
Колтунович О.С.	9	ОлександрСергійовичКолтунович.1987
Колюх В.В.	9	ВалерійВікторовичКолюх.1973
Копанчук О.Є.	9	ОленаЄвгенівнаКопанчук.1978
Копиленко О.Л.	9	ОлександрЛюбимовичКопиленко.1961
Копитін І.В.	9	ІгорВолодимировичКопитін.1981
Корнієнко О.С.	9	ОлександрСергійовичКорнієнко.1984
Корявченков Ю.В.	9	ЮрійВалерійовичКорявченков.1974
Костін А.Є.	9	АндрійЄвгеновичКостін.1973
Костенко Р.В.	9	РоманВасильовичКостенко.1983
Кострійчук С.В.	9	СергійВолодимировичКострійчук.1985
Костюк Д.С.	9	ДмитроСергійовичКостюк.1993
Костюх А.В.	9	АнатолійВячеславовичКостюх.1988
Кравчук Є.М.	9	ЄвгеніяМихайлівнаКравчук.1985
Красов О.І.	9	ОлексійІгоровичКрасов.1987
Крейденко В.В.	9	ВолодимирВікторовичКрейденко.1987
Криворучкіна О.В.	9	ОленаВолодимирівнаКриворучкіна.1971
Кривошеєв І.С.	9	ІгорСергійовичКривошеєв.1985
Криклій В.А.	9	ВладиславАртуровичКриклій.1986
Крячко М.В.	9	МихайлоВалерійовичКрячко.1980
Кубраков О.М.	9	ОлександрМиколайовичКубраков.1982
Кузбит Ю.М.	9	ЮрійМихайловичКузбит.1977
Кузнєцов О.О.	9	ОлексійОлександровичКузнєцов.1979
Кузьмін Р.Р.	9	РенатРавелійовичКузьмін.1967
Кузьміних С.В.	9	СергійВолодимировичКузьміних.1983
Культенко А.В.	9	АртемВалерійовичКультенко.1984
Кунаєв А.Ю.	9	АртемЮрійовичКунаєв.1992
Куницький О.О.	9	ОлександрОлеговичКуницький.1983
Кучер О.В.	9	ОлексійВолодимировичКучер.1985
Кучеренко О.Ю.	9	ОлексійЮрійовичКучеренко.1961
Літвінов О.М.	9	ОлександрМиколайовичЛітвінов.1972
Лічман Г.В.	9	ГаннаВасилівнаЛічман.1978
Лаба М.М.	9	МихайлоМихайловичЛаба.1975
Леонов О.О.	9	ОлексійОлександровичЛеонов.1983
Лерос Г.Б.	9	ГеоБагратовичЛерос.1989
Лис О.Г.	9	ОленаГеоргіївнаЛис.1971
Литвиненко С.А.	9	СергійАнатолійовичЛитвиненко.1968
Лозинський Р.М.	9	РоманМихайловичЛозинський.1994
Лукашев О.А.	9	ОлександрАнатолійовичЛукашев.1976
Любота Д.В.	9	ДмитроВалерійовичЛюбота.1981
Ляшенко А.О.	9	АнастасіяОлексіївнаЛяшенко.1986
М’ялик В.Н.	9	ВікторНичипоровичМ’ялик.1979
Мінько С.А.	9	СергійАнатолійовичМінько.1973
Магера С.В.	9	СергійВасильовичМагера.1956
Магомедов М.С.	9	МусаСергоєвичМагомедов.1970
Мазурашу Г.Г.	9	ГеоргійГеоргійовичМазурашу.1971
Макаренко М.В.	9	МихайлоВасильовичМакаренко.1950
Макаров О.А.	9	ОлегАнатолійовичМакаров.1965
Малюська Д.Л.	9	ДенисЛеонтійовичМалюська.1981
Мамка Г.М.	9	ГригорійМиколайовичМамка.1974
Мамоян С.Ч.	9	СутоЧолоєвичМамоян.1981
Мандзій С.В.	9	СергійВолодимировичМандзій.1974
Маріковський О.В.	9	ОлександрВалерійовичМаріковський.1982
Марусяк О.Р.	9	ОлегРомановичМарусяк.1968
Марченко Л.І.	9	ЛюдмилаІванівнаМарченко.1983
Марчук І.П.	9	ІгорПетровичМарчук.1969
Маслов Д.В.	9	ДенисВячеславовичМаслов.1983
Матусевич О.Б.	9	ОлександрБорисовичМатусевич.1974
Медведчук В.В.	9	ВікторВолодимировичМедведчук.1954
Медяник В.А.	9	В’ячеславАнатолійовичМедяник.1987
Мезенцева М.С.	9	МаріяСергіївнаМезенцева.1989
Мейдич О.Л.	9	ОлегЛеонідовичМейдич.1970
Мельник П.В.	9	ПавлоВікторовичМельник.1984
Мережко О.О.	9	ОлександрОлександровичМережко.1971
Микиша Д.С.	9	ДмитроСергійовичМикиша.1985
Мисягін Ю.М.	9	ЮрійМихайловичМисягін.1974
Михайлюк Г.О.	9	ГалинаОлегівнаМихайлюк.1987
Мовчан О.В.	9	ОлексійВасильовичМовчан.1994
Мокан В.І.	9	ВасильІвановичМокан.1985
Монастирський Д.А.	9	ДенисАнатолійовичМонастирський.1980
Мороз В.В.	9	ВолодимирВікторовичМороз.1967
Мотовиловець А.В.	9	АндрійВікторовичМотовиловець.1982
Мошенець О.В.	9	ОленаВолодимирівнаМошенець.1983
Мулик Р.М.	9	РоманМироновичМулик.1973
Мурдій І.Ю.	9	ІгорЮрійовичМурдій.1982
Нікітіна М.В.	9	МаринаВікторівнаНікітіна.1986
Ніколаєнко А.І.	9	АндрійІвановичНіколаєнко.1979
Нагаєвський А.С.	9	АртемСергійовичНагаєвський.1983
Нагорняк С.В.	9	СергійВолодимировичНагорняк.1982
Нальотов Д.О.	9	ДмитроОлександровичНальотов.1985
Наталуха Д.А.	9	ДмитроАндрійовичНаталуха.1987
Негулевський І.П.	9	ІгорПетровичНегулевський.1983
Неклюдов В.М.	9	ВладленМихайловичНеклюдов.1973
Нестеренко К.О.	9	КириллОлександровичНестеренко.1993
Новіков М.М.	9	МихайлоМиколайовичНовіков.1965
Новосад Г.І.	9	ГаннаІгорівнаНовосад.1990
Овчинникова Ю.Ю.	9	ЮліяЮріївнаОвчинникова.1985
Одарченко А.М.	9	АндрійМиколайовичОдарченко.1978
Оржель О.А.	9	ОлексійАнатолійовичОржель.1984
Осадчук А.П.	9	АндрійПетровичОсадчук.1971
Остапенко А.Д.	9	АнатолійДмитровичОстапенко.1968
Підласа Р.А.	9	РоксоланаАндріївнаПідласа.1994
Піпа Н.Р.	9	НаталіяРоманівнаПіпа.1983
Павліш П.В.	9	ПавлоВасильовичПавліш.1979
Павловський П.І.	9	ПетроІвановичПавловський.1981
Павлюк М.В.	9	МаксимВасильовичПавлюк.1992
Пасічний О.С.	9	ОлександрСтаніславовичПасічний.1972
Пашковський М.І.	9	МаксимІгоровичПашковський.1983
Перебийніс М.В.	9	МаксимВікторовичПеребийніс.1974
Петруняк Є.В.	9	ЄвгенВасильовичПетруняк.1977
Пивоваров Є.П.	9	ЄвгенПавловичПивоваров.1978
Плачкова Т.М.	9	ТетянаМихайлівнаПлачкова.1983
Подгорна В.В.	9	ВікторіяВалентинівнаПодгорна.1969
Поляк В.М.	9	ВладіславМиколайовичПоляк.1975
Поляков А.Е.	9	АнтонЕдуардовичПоляков.1987
Потураєв М.Р.	9	МикитаРуслановичПотураєв.1970
Припутень Д.С.	9	ДмитроСергійовичПрипутень.1986
Приходько Б.В.	9	БорисВікторовичПриходько.1973
Приходько Н.І.	9	НаталіяІгорівнаПриходько.1981
Прощук Е.П.	9	ЕдуардПетровичПрощук.1982
Пузійчук А.В.	9	АндрійВікторовичПузійчук.1978
Пузанов О.Г.	9	ОлександрГеннадійовичПузанов.1977
Пуртова А.А.	9	АннаАнатоліївнаПуртова.1982
Пушкаренко А.М.	9	АрсенійМихайловичПушкаренко.1992
Рєпіна Е.А.	9	ЕллаАнатоліївнаРєпіна.1973
Радіна А.О.	9	АнастасіяОлегівнаРадіна.1984
Радуцький М.Б.	9	МихайлоБорисовичРадуцький.1968
Разумков Д.О.	9	ДмитроОлександровичРазумков.1983
Рахманін С.І.	9	СергійІвановичРахманін.1969
Рубльов В.В.	9	ВячеславВолодимировичРубльов.1979
Руденко О.С.	9	ОльгаСергіївнаРуденко.1979
Рудик К.О.	9	КіраОлександрівнаРудик.1985
Рущишин Я.І.	9	ЯрославІвановичРущишин.1967
Савченко О.С.	9	ОльгаСтаніславівнаСавченко.1989
Савчук О.В.	9	ОксанаВасилівнаСавчук.1983
Салійчук О.В.	9	ОлександрВ’ячеславовичСалійчук.1987
Саладуха О.В.	9	ОльгаВалеріївнаСаладуха.1983
Саламаха О.І.	9	ОрестІгоровичСаламаха.1991
Санченко О.В.	9	ОлександрВолодимировичСанченко.1988
Світлична Ю.О.	9	ЮліяОлександрівнаСвітлична.1984
Северин С.С.	9	СергійСергійовичСеверин.1980
Семінський О.В.	9	ОлегВалерійовичСемінський.1973
Синютка О.М.	9	ОлегМихайловичСинютка.1970
Скічко О.О.	9	ОлександрОлександровичСкічко.1991
Скороход А.К.	9	АннаКостянтинівнаСкороход.1990
Скрипка Т.В.	9	ТетянаВасилівнаСкрипка.1984
Славицька А.К.	9	АнтонінаКеримівнаСлавицька.1988
Сова О.Г.	9	ОлександрГеоргійовичСова.1972
Совгиря О.В.	9	ОльгаВолодимирівнаСовгиря.1980
Совсун І.Р.	9	ІннаРоманівнаСовсун.1984
Соломчук Д.В.	9	ДмитроВікторовичСоломчук.1980
Сольський М.Т.	9	МиколаТарасовичСольський.1979
Соха Р.В.	9	РоманВасильовичСоха.1975
Стернійчук В.О.	9	ВалерійОлександровичСтернійчук.1981
Стефанишина О.А.	9	ОльгаАнатоліївнаСтефанишина.1983
Стефанчук М.О.	9	МиколаОлексійовичСтефанчук.1981
Стефанчук Р.О.	9	РусланОлексійовичСтефанчук.1975
Столар В.М.	9	ВадимМихайловичСтолар.1982
Стріхарський А.П.	9	АндрійПетровичСтріхарський.1981
Струневич В.О.	9	ВадимОлеговичСтруневич.1982
Суркіс Г.М.	9	ГригорійМихайловичСуркіс.1949
Сухов О.С.	9	ОлександрСергійовичСухов.1984
Сушко П.М.	9	ПавлоМиколайовичСушко.1979
Тістик Р.Я.	9	РостиславЯрославовичТістик.1993
Тарасенко Т.П.	9	ТарасПетровичТарасенко.1980
Тарасов О.С.	9	ОлегСергійовичТарасов.1984
Тимофійчук В.Я.	9	ВолодимирЯрославовичТимофійчук.1986
Тищенко М.М.	9	МиколаМиколайовичТищенко.1972
Ткаченко М.М.	9	МаксимМиколайовичТкаченко.1983
Ткаченко О.В.	9	ОлександрВладиславовичТкаченко.1966
Ткаченко О.М.	9	ОлександрМихайловичТкаченко.1984
Торохтій Б.Г.	9	БогданГригоровичТорохтій.1984
Требушкін Р.В.	9	РусланВалерійовичТребушкін.1975
Третьякова Г.М.	9	ГалинаМиколаївнаТретьякова.1963
Трухін О.М.	9	ОлександрМиколайовичТрухін.1986
Умєров Р.Е.	9	РустемЕнверовичУмєров.1982
Урбанський А.І.	9	АнатолійІгоровичУрбанський.1975
Устінова О.Ю.	9	ОлександраЮріївнаУстінова.1985
Устенко О.О.	9	ОлексійОлеговичУстенко.1994
Федієнко О.П.	9	ОлександрПавловичФедієнко.1972
Федина С.Р.	9	СофіяРоманівнаФедина.1984
Федоров М.А.	9	МихайлоАльбертовичФедоров.1991
Фріс І.П.	9	ІгорПавловичФріс.1973
Фролов П.В.	9	ПавлоВалерійовичФролов.1976
Халімон П.В.	9	ПавлоВіталійовичХалімон.1983
Холодов А.І.	9	АндрійІвановичХолодов.1972
Хоменко О.В.	9	ОленаВікторівнаХоменко.1975
Христенко Ф.В.	9	ФедірВолодимировичХристенко.1983
Цабаль В.В.	9	ВолодимирВолодимировичЦабаль.1985
Циба Т.В.	9	ТетянаВікторівнаЦиба.1977
Цимбалюк М.М.	9	МихайлоМихайловичЦимбалюк.1964
Чайківський І.А.	9	ІванАдамовичЧайківський.1972
Чернєв Є.В.	9	ЄгорВолодимировичЧернєв.1985
Чернявський С.М.	9	СтепанМиколайовичЧернявський.1973
Чийгоз А.З.	9	АхтемЗейтуллайовичЧийгоз.1964
Чорний В.І.	9	ВікторІвановичЧорний.1968
Чорний Д.С.	9	ДмитроСергійовичЧорний.1989
Чорноморов А.О.	9	АртемОлеговичЧорноморов.1988
Шараськін А.А.	9	АндрійАндрійовичШараськін.1977
Швачко А.О.	9	АнтонОлексійовичШвачко.1992
Швець С.Ф.	9	СергійФедоровичШвець.1976
Шевченко Є.В.	9	ЄвгенійВолодимировичШевченко.1972
Шинкаренко І.А.	9	ІванАнатолійовичШинкаренко.1986
Шипайло О.І.	9	ОстапІгоровичШипайло.1989
Шол М.В.	9	МаргаритаВіталіївнаШол.1988
Шпак Л.О.	9	ЛюбовОлександрівнаШпак.1980
Штепа С.С.	9	СергійСергійовичШтепа.1990
Шуляк О.О.	9	ОленаОлексіївнаШуляк.1976
Юнаков І.С.	9	ІванСергійовичЮнаков.1984
Юраш С.А.	9	СвятославАндрійовичЮраш.1996
Юрченко О.М.	9	ОлександрМиколайовичЮрченко.1988
Юрчишин Я.Р.	9	ЯрославРомановичЮрчишин.1980
Якименко П.В.	9	ПавлоВіталійовичЯкименко.1989
Яковенко Є.Г.	9	ЄвгенГеннадійовичЯковенко.1965
Яковлєва Н.І.	9	НелліІллівнаЯковлєва.1985
Янченко Г.І.	9	ГалинаІгорівнаЯнченко.1988
Яременко Б.В.	9	БогданВасильовичЯременко.1971
Ясько Є.О.	9	ЄлизаветаОлексіївнаЯсько.1990
Яцик Ю.Г.	9	ЮліяГригорівнаЯцик.1979
