personID	personParlaMintID	firstname	patronymic	surname	birthday	sex
7768	ОлександрМиколайовичЄгоров.1965	Олександр	Миколайович	Єгоров	1965-10-06	M	
2334	ОлександрЙосиповичЄдін.1960	Олександр	Йосипович	Єдін	1960-05-17	M	
4761	ЛеонідОлександровичЄмець.1979	Леонід	Олександрович	Ємець	1979-08-30	M	
5509	ІгорМироновичЄремеєв.1968	Ігор	Миронович	Єремеєв	1968-04-03	M	
8763	ОлександрСергійовичЄфремов.1954	Олександр	Сергійович	Єфремов	1954-08-22	M	
15654	АндрійВолодимировичІванчук.1973	Андрій	Володимирович	Іванчук	1973-06-16	M	
11112	ЮрійВолодимировичІванющенко.1959	Юрій	Володимирович	Іванющенко	1959-02-21	M	
15733	СтепанПетровичІвахів.1968	Степан	Петрович	Івахів	1968-01-24	M	
14241	РоманРомановичІлик.1963	Роман	Романович	Ілик	1963-11-14	M	
15837	АндрійЮрійовичІллєнко.1987	Андрій	Юрійович	Іллєнко	1987-06-24	M	
15794	АртемОлександровичІльюк.1979	Артем	Олександрович	Ільюк	1979-04-17	M	
16868	ВіталійВолодимировичІляшенко.1985	Віталій	Володимирович	Іляшенко	1985-04-09	M	
15672	МаріяМиколаївнаІонова.1978	Марія	Миколаївна	Іонова	1978-05-31	F	
793	ЮлійЯковичІоффе.1940	Юлій	Якович	Іоффе	1940-12-10	M	
15685	ВалерійОлександровичІщенко.1973	Валерій	Олександрович	Іщенко	1973-11-11	M	
2524	ОлександрРафкатовичАбдуллін.1962	Олександр	Рафкатович	Абдуллін	1962-06-29	M	
15650	АрсенБорисовичАваков.1964	Арсен	Борисович	Аваков	1964-01-02	M	
15682	СергійМиколайовичАверченко.1965	Сергій	Миколайович	Аверченко	1965-01-30	M	
15669	НаталіяВолодимирівнаКовальчук.1977	Наталія	Володимирівна	Ковальчук(Агафонова)	1977-09-19	F	
805	МиколаЯновичАзаров.1947	Микола	Янович	Азаров	1947-12-17	M	
15747	ОлексійМиколайовичАзаров.1971	Олексій	Миколайович	Азаров	1971-07-13	M	
5457	ІгорВікторовичАлексєєв.1960	Ігор	Вікторович	Алексєєв	1960-01-10	M	
15839	ДмитроЙосиповичАндрієвський.1967	Дмитро	Йосипович	Андрієвський	1967-01-06	M	
12873	МихайлоВолодимировичАпостол.1961	Михайло	Володимирович	Апостол	1961-01-01	M	
11118	ВолодимирІгоровичАр’єв.1975	Володимир	Ігорович	Ар’єв	1975-03-31	M	
8718	НурулісламГаджиєвичАркаллаєв.1961	Нуруліслам	Гаджиєвич	Аркаллаєв	1961-01-19	M	
5584	ВладиславАнатолійовичАтрошенко.1968	Владислав	Анатолійович	Атрошенко	1968-12-05	M	
10624	ВолодимирАнатолійовичБідьовка.1981	Володимир	Анатолійович	Бідьовка	1981-03-07	M	
8723	ОлексійПетровичБілий.1961	Олексій	Петрович	Білий	1961-05-01	M	
3471	ОлександрМиколайовичБіловол.1962	Олександр	Миколайович	Біловол	1962-01-11	M	
15684	ОльгаВалентинівнаБєлькова.1975	Ольга	Валентинівна	Бєлькова	1975-06-16	F	
5424	МиколаГеоргійовичБаграєв.1964	Микола	Георгійович	Баграєв	1964-06-19	M	
17333	РусланГеннадійовичБадаєв.1972	Руслан	Геннадійович	Бадаєв	1972-05-01	M	
11739	ЛарисаМакарівнаБайдюк.1951	Лариса	Макарівна	Байдюк	1951-02-26	F	
5521	ЛеонідВолодимировичБайсаров.1947	Леонід	Володимирович	Байсаров	1947-06-19	M	
15694	СергійВікторовичБаландін.1973	Сергій	Вікторович	Баландін	1973-11-01	M	
15762	ЄвгенВіталійовичБалицький.1969	Євген	Віталійович	Балицький	1969-12-10	M	
5566	ВікторІвановичБалога.1963	Віктор	Іванович	Балога	1963-06-15	M	
15757	ПавлоІвановичБалога.1977	Павло	Іванович	Балога	1977-05-27	M	
15761	ВолодимирВолодимировичБандуров.1973	Володимир	Володимирович	Бандуров	1973-05-06	M	
9776	ВіталійДмитровичБарвіненко.1981	Віталій	Дмитрович	Барвіненко	1981-06-03	M	
5520	ТетянаДмитрівнаБахтеєва.1953	Тетяна	Дмитрівна	Бахтеєва	1953-11-27	F	
15734	ЯківЯковичБезбах.1957	Яків	Якович	Безбах	1957-09-08	M	
15699	БогданМихайловичБенюк.1957	Богдан	Михайлович	Бенюк	1957-05-26	M	
11099	ІринаГригоріївнаБережна.1980	Ірина	Григоріївна	Бережна	1980-08-13	F	
14393	СтаніславСеменовичБерезкін.1959	Станіслав	Семенович	Березкін	1959-05-12	M	
11513	МихайлоВасильовичБлавацький.1958	Михайло	Васильович	Блавацький	1958-07-31	M	
15028	ЮрійАнатолійовичБлагодир.1974	Юрій	Анатолійович	Благодир	1974-01-28	M	
8724	АнатолійМихайловичБлизнюк.1948	Анатолій	Михайлович	Близнюк	1948-11-24	M	
15745	ОлександрМихайловичБобков.1960	Олександр	Михайлович	Бобков	1960-04-18	M	
15829	ГеннадійБорисовичБобов.1965	Геннадій	Борисович	Бобов	1965-11-15	M	
11173	РусланДмитровичБогдан.1972	Руслан	Дмитрович	Богдан	1972-01-28	M	
2353	ІннаГерманівнаБогословська.1960	Інна	Германівна	Богословська	1960-08-05	F	
8725	ВячеславОлександровичБогуслаєв.1938	Вячеслав	Олександрович	Богуслаєв	1938-10-28	M	
5471	ВолодимирСеменовичБойко.1938	Володимир	Семенович	Бойко	1938-09-20	M	
9615	ВолодимирБогдановичБойко.1985	Володимир	Богданович	Бойко	1985-02-16	M	
15826	ВікторВасильовичБондар.1975	Віктор	Васильович	Бондар	1975-11-05	M	
11153	КостянтинАнатолійовичБондарєв.1972	Костянтин	Анатолійович	Бондарєв	1972-09-13	M	
1393	ВолодимирДмитровичБондаренко.1952	Володимир	Дмитрович	Бондаренко	1952-12-04	M	
8729	ОленаАнатоліївнаБондаренко.1974	Олена	Анатоліївна	Бондаренко	1974-05-26	F	
17391	ОлегВолодимировичБондарчук.1975	Олег	Володимирович	Бондарчук	1975-03-16	M	
9627	ОльгаВасилівнаБорита.1956	Ольга	Василівна	Борита	1956-02-25	F	
8731	ВіталійПетровичБорт.1972	Віталій	Петрович	Борт	1972-09-01	M	
15748	ЮрійІвановичБоярський.1960	Юрій	Іванович	Боярський	1960-11-28	M	
15724	СергійБорисовичБрайко.1957	Сергій	Борисович	Брайко	1957-12-08	M	
15838	ОлександрМихайловичБригинець.1962	Олександр	Михайлович	Бригинець	1962-04-14	M	
15796	ІгорВіталійовичБриченко.1970	Ігор	Віталійович	Бриченко	1970-07-07	M	
15802	ЮрійВасильовичБублик.1973	Юрій	Васильович	Бублик	1973-12-01	M	
15696	ВікторіяВолодимирівнаБулах.1974	Вікторія	Володимирівна	Булах	1974-04-22	F	
15655	МаксимЮрійовичБурбак.1976	Максим	Юрійович	Бурбак	1976-01-13	M	
1352	СергійВасильовичБуряк.1966	Сергій	Васильович	Буряк	1966-04-01	M	
15739	ВікторВолодимировичБутківський.1959	Віктор	Володимирович	Бутківський	1959-04-29	M	
15692	ОлегЮлійовичБуховець.1974	Олег	Юлійович	Буховець	1974-07-10	M	
15758	ІванІвановичБушко.1969	Іван	Іванович	Бушко	1969-03-10	M	
15702	АнатолійМиколайовичВітів.1960	Анатолій	Миколайович	Вітів	1960-07-22	M	
15683	РоманСтепановичВанзуряк.1980	Роман	Степанович	Ванзуряк	1980-04-13	M	
5479	ТаріелШакровичВасадзе.1947	Таріел	Шакрович	Васадзе	1947-10-15	M	
954	ГеннадійАндрійовичВасильєв.1953	Геннадій	Андрійович	Васильєв	1953-10-03	M	
7193	ОлександрАндрійовичВасильєв.1951	Олександр	Андрійович	Васильєв	1951-10-29	M	
15787	ІгорВасильовичВасюник.1969	Ігор	Васильович	Васюник	1969-08-01	M	
815	КатеринаТимофіївнаВащук.1947	Катерина	Тимофіївна	Ващук	1947-01-20	F	
5563	АндрійМихайловичВеревський.1974	Андрій	Михайлович	Веревський	1974-07-25	M	
8735	ВолодимирМиколайовичВечерко.1953	Володимир	Миколайович	Вечерко	1953-11-07	M	
12265	СергійВолодимировичВласенко.1967	Сергій	Володимирович	Власенко	1967-03-07	M	
15807	ЮрійВолодимировичВознюк.1980	Юрій	Володимирович	Вознюк	1980-01-31	M	
2513	ОлександрМихайловичВолков.1948	Олександр	Михайлович	Волков	1948-04-30	M	
8740	ОлександрАнатолійовичВолков.1964	Олександр	Анатолійович	Волков	1964-03-29	M	
8741	ЮрійМиколайовичВоропаєв.1955	Юрій	Миколайович	Воропаєв	1955-01-10	M	
15675	ЯрославЯрославовичГінка.1980	Ярослав	Ярославович	Гінка	1980-11-21	M	
5606	АнатолійМусійовичГіршфельд.1957	Анатолій	Мусійович	Гіршфельд	1957-08-07	M	
8746	ЄвгенійБорисовичГєллєр.1974	Євгеній	Борисович	Гєллєр	1974-05-12	M	
5610	ІштванФеренцовичГайдош.1971	Іштван	Ференцович	Гайдош	1971-05-05	M	
17567	ОлександрКостянтиновичГанчуков.1949	Олександр	Костянтинович	Ганчуков	1949-06-17	M	
15709	ОлегІвановичГелевей.1965	Олег	Іванович	Гелевей	1965-03-04	M	
15698	МихайлоІвановичГерасимчук.1947	Михайло	Іванович	Герасимчук	1947-10-01	M	
11121	ІринаВолодимирівнаГеращенко.1971	Ірина	Володимирівна	Геращенко	1971-05-15	F	
15827	ОлександрВолодимировичГерега.1967	Олександр	Володимирович	Герега	1967-06-27	M	
15797	ЮрійІвановичГержов.1950	Юрій	Іванович	Гержов	1950-09-29	M	
8745	ГаннаМиколаївнаГерман.1959	Ганна	Миколаївна	Герман	1959-04-24	F	
13683	ВасильІвановичГладій.1972	Василь	Іванович	Гладій	1972-05-23	M	
11101	СергійМиколайовичГлазунов.1958	Сергій	Миколайович	Глазунов	1958-09-01	M	
15659	ВалерійАнатолійовичГоловко.1965	Валерій	Анатолійович	Головко	1965-12-14	M	
15813	МихайлоЙосифовичГоловко.1983	Михайло	Йосифович	Головко	1983-05-03	M	
2117	ОлександрВолодимировичГолуб.1967	Олександр	Володимирович	Голуб	1967-07-19	M	
15749	АнатолійДмитровичГончаров.1949	Анатолій	Дмитрович	Гончаров	1949-12-23	M	
15691	СергійВасильовичГончаров.1958	Сергій	Васильович	Гончаров	1958-12-02	M	
11105	ІринаАнатоліївнаГоріна.1967	Ірина	Анатоліївна	Горіна	1967-01-10	F	
11143	СергійВолодимировичГордієнко.1957	Сергій	Володимирович	Гордієнко	1957-03-20	M	
15779	СергійОлександровичГорохов.1974	Сергій	Олександрович	Горохов	1974-12-20	M	
5414	ІгорОлексійовичГринів.1961	Ігор	Олексійович	Гринів	1961-03-10	M	
2367	СергійРафаїловичГриневецький.1957	Сергій	Рафаїлович	Гриневецький	1957-09-25	M	
15646	ЛіліяМихайлівнаГриневич.1965	Лілія	Михайлівна	Гриневич	1965-05-13	F	
11117	АнатолійСтепановичГриценко.1957	Анатолій	Степанович	Гриценко	1957-10-25	M	
15726	ГригорійІвановичГруба.1954	Григорій	Іванович	Груба	1954-03-30	M	
15776	ВіталійАнатолійовичГрушевський.1971	Віталій	Анатолійович	Грушевський	1971-04-12	M	
14554	ВікторІвановичГубар.1971	Віктор	Іванович	Губар	1971-12-26	M	
15740	КостянтинОлександровичГузенко.1966	Костянтин	Олександрович	Гузенко	1966-11-21	M	
822	ЕдуардЙосиповичГурвіц.1948	Едуард	Йосипович	Гурвіц	1948-01-30	M	
11147	ВіталійБогдановичДанілов.1967	Віталій	Богданович	Данілов	1967-06-10	M	
6549	ЛеонідМиколайовичДаценко.1963	Леонід	Миколайович	Даценко	1963-07-28	M	
8756	БорисДавидовичДейч.1938	Борис	Давидович	Дейч	1938-08-23	M	
11113	ВолодимирФедоровичДемішкан.1949	Володимир	Федорович	Демішкан	1949-11-16	M	
17292	ВасильХаритоновичДемедюк.1957	Василь	Харитонович	Демедюк	1957-08-18	M	
9780	ВолодимирМиколайовичДемидко.1952	Володимир	Миколайович	Демидко	1952-02-12	M	
7895	МиколаІвановичДемянко.1947	Микола	Іванович	Демянко	1947-07-01	M	
8757	ЛюдмилаЛеонтіївнаДенісова.1960	Людмила	Леонтіївна	Денісова	1960-07-06	F	
15815	АнатолійПетровичДенисенко.1971	Анатолій	Петрович	Денисенко	1971-03-10	M	
15768	ЮрійБогдановичДерев’янко.1973	Юрій	Богданович	Дерев’янко	1973-05-07	M	
8758	ВасильТимофійовичДеревляний.1962	Василь	Тимофійович	Деревляний	1962-08-23	M	
2284	АндрійЛеонідовичДеркач.1967	Андрій	Леонідович	Деркач	1967-08-19	M	
2394	МустафаДжемілєв.1943	Мустафа		Джемілєв	1943-11-13	M	
8760	МиколаВасильовичДжига.1949	Микола	Васильович	Джига	1949-05-15	M	
7140	МиколаСергійовичДзарданов.1953	Микола	Сергійович	Дзарданов	1953-05-27	M	
15652	ДенисВікторовичДзензерський.1978	Денис	Вікторович	Дзензерський	1978-12-22	M	
15721	ВіталінаОлексіївнаДзоз.1955	Віталіна	Олексіївна	Дзоз	1955-11-16	F	
15767	АнатолійБорисовичДирів.1970	Анатолій	Борисович	Дирів	1970-02-01	M	
9093	МиколаІллічДмитрук.1961	Микола	Ілліч	Дмитрук	1961-02-23	M	
15818	ДмитроМарковичДобкін.1975	Дмитро	Маркович	Добкін	1975-01-08	M	
15644	ОлександрВалерійовичДолженков.1983	Олександр	Валерійович	Долженков	1983-04-26	M	
15727	ОлександрГеоргійовичДомбровський.1962	Олександр	Георгійович	Домбровський	1962-07-07	M	
11124	ОлександрСергійовичДоній.1969	Олександр	Сергійович	Доній	1969-08-13	M	
3849	ТетянаАнатоліївнаДонець.1980	Тетяна	Анатоліївна	Донець	1980-07-11	F	
14953	АнтонМиколайовичДорохов.1976	Антон	Миколайович	Дорохов	1976-10-25	M	
12272	ВалерійОлександровичДубіль.1973	Валерій	Олександрович	Дубіль	1973-09-26	M	
15790	ЯрославВасильовичДубневич.1969	Ярослав	Васильович	Дубневич	1969-08-07	M	
11162	ОлександрФедоровичДубовой.1976	Олександр	Федорович	Дубовой	1976-03-11	M	
15639	ВолодимирВолодимировичДудка.1972	Володимир	Володимирович	Дудка	1972-03-21	M	
15763	ОлександрІвановичДудка.1962	Олександр	Іванович	Дудка	1962-08-17	M	
15780	СергійВолодимировичДунаєв.1973	Сергій	Володимирович	Дунаєв	1973-08-19	M	
5490	ДавидВажаєвичЖванія.1967	Давид	Важаєвич	Жванія	1967-07-20	M	
2301	КостянтинВалентиновичЖеваго.1974	Костянтин	Валентинович	Жеваго	1974-01-07	M	
15728	ВікторМиколайовичЖеребнюк.1970	Віктор	Миколайович	Жеребнюк	1970-07-21	M	
15795	МиколаВасильовичЖук.1979	Микола	Васильович	Жук	1979-11-26	M	
2243	ВіталійСтаніславовичЖуравський.1955	Віталій	Станіславович	Журавський	1955-05-08	M	
6569	РоманОмеляновичЗабзалюк.1960	Роман	Омелянович	Забзалюк	1960-07-18	M	
15730	ГригорійМихайловичЗаболотний.1952	Григорій	Михайлович	Заболотний	1952-01-06	M	
15743	ВячеславКазимировичЗадорожний.1955	Вячеслав	Казимирович	Задорожний	1955-03-06	M	
2170	ОлегОлександровичЗарубінський.1963	Олег	Олександрович	Зарубінський	1963-10-26	M	
8767	ОлександрВікторовичЗац.1976	Олександр	Вікторович	Зац	1976-09-08	M	
833	ЮхимЛеонідовичЗвягільський.1933	Юхим	Леонідович	Звягільський	1933-02-20	M	
15718	РусланБогдановичЗелик.1965	Руслан	Богданович	Зелик	1965-05-16	M	
8771	ВолодимирВолодимировичЗубик.1958	Володимир	Володимирович	Зубик	1958-02-28	M	
15753	ГеннадійГригоровичЗубко.1967	Геннадій	Григорович	Зубко	1967-09-27	M	
8327	ОлександрПетровичЗубчевський.1979	Олександр	Петрович	Зубчевський	1979-06-30	M	
2320	СергійВасильовичКівалов.1954	Сергій	Васильович	Ківалов	1954-05-01	M	
8779	СпірідонПавловичКілінкаров.1968	Спірідон	Павлович	Кілінкаров	1968-09-14	M	
2263	АнатолійКириловичКінах.1954	Анатолій	Кирилович	Кінах	1954-08-04	M	
7371	АнтонІвановичКіссе.1958	Антон	Іванович	Кіссе	1958-10-10	M	
4434	ОлексійПетровичКайда.1971	Олексій	Петрович	Кайда	1971-02-27	M	
8144	ІгорГригоровичКалєтнік.1972	Ігор	Григорович	Калєтнік	1972-07-16	M	
5514	ГригорійМиколайовичКалетнік.1949	Григорій	Миколайович	Калетнік	1949-05-02	M	
15729	ОксанаМиколаївнаКалетник.1972	Оксана	Миколаївна	Калетник	1972-12-10	F	
8904	СергійФедоровичКальцев.1960	Сергій	Федорович	Кальцев	1960-04-20	M	
6172	ВалерійМихайловичКальченко.1947	Валерій	Михайлович	Кальченко	1947-02-24	M	
8774	ВіталійАнатолійовичКалюжний.1979	Віталій	Анатолійович	Калюжний	1979-11-20	M	
3165	ОлегЛеонідовичКанівець.1963	Олег	Леонідович	Канівець	1963-06-03	M	
15801	СергійМиколайовичКаплін.1979	Сергій	Миколайович	Каплін	1979-12-15	M	
5142	ВалерійВіталійовичКарпунцов.1978	Валерій	Віталійович	Карпунцов	1978-06-15	M	
15759	ЄвгенГригоровичКарташов.1942	Євген	Григорович	Карташов	1942-01-01	M	
5513	МиколаДмитровичКатеринчук.1967	Микола	Дмитрович	Катеринчук	1967-11-19	M	
15816	ВолодимирМихайловичКацуба.1957	Володимир	Михайлович	Кацуба	1957-07-14	M	
15770	СергійВолодимировичКацуба.1978	Сергій	Володимирович	Кацуба	1978-11-20	M	
8777	СергійВікторовичКий.1969	Сергій	Вікторович	Кий	1969-12-21	M	
1351	ІванГригоровичКириленко.1956	Іван	Григорович	Кириленко	1956-10-02	M	
2155	В’ячеславАнатолійовичКириленко.1968	В’ячеслав	Анатолійович	Кириленко	1968-06-07	M	
15705	ПавлоВеніаміновичКириленко.1976	Павло	Веніамінович	Кириленко	1976-09-29	M	
5423	ЛеонідМихайловичКлімов.1953	Леонід	Михайлович	Клімов	1953-03-31	M	
15664	ВіталійВолодимировичКличко.1971	Віталій	Володимирович	Кличко	1971-07-19	M	
8781	СергійПетровичКлюєв.1969	Сергій	Петрович	Клюєв	1969-08-19	M	
15645	МиколаЛеонідовичКняжицький.1968	Микола	Леонідович	Княжицький	1968-06-02	M	
1897	РусланПетровичКнязевич.1974	Руслан	Петрович	Князевич	1974-06-28	M	
15784	ОлександрІвановичКоваль.1959	Олександр	Іванович	Коваль	1959-12-27	M	
15668	ВіталійАнатолійовичКовальчук.1969	Віталій	Анатолійович	Ковальчук	1969-05-23	M	
15755	ВасильІллічКовач.1956	Василь	Ілліч	Ковач	1956-06-10	M	
8785	ЛеонідОлександровичКожара.1963	Леонід	Олександрович	Кожара	1963-01-14	M	
8786	АндрійАнатолійовичКожем’якін.1965	Андрій	Анатолійович	Кожем’якін	1965-11-13	M	
8789	ОлександрАндрійовичКозуб.1956	Олександр	Андрійович	Козуб	1956-06-08	M	
17414	ОленаВалеріївнаКолганова.1969	Олена	Валеріївна	Колганова	1969-12-09	F	
8790	БорисВікторовичКолесніков.1962	Борис	Вікторович	Колесніков	1962-10-25	M	
8791	ВадимВасильовичКолесніченко.1958	Вадим	Васильович	Колесніченко	1958-03-21	M	
11166	ОленаКостянтинівнаКондратюк.1970	Олена	Костянтинівна	Кондратюк	1970-11-17	F	
8794	ПавлоПетровичКорж.1953	Павло	Петрович	Корж	1953-11-13	M	
8795	АнатолійЛеонідовичКоржев.1944	Анатолій	Леонідович	Коржев	1944-10-07	M	
15679	ОлександрОлександровичКорнійчук.1973	Олександр	Олександрович	Корнійчук	1973-05-30	M	
6091	ВалентинАнатолійовичКоролюк.1963	Валентин	Анатолійович	Королюк	1963-11-18	M	
15792	ЛідіяЛеонідівнаКотеляк.1963	Лідія	Леонідівна	Котеляк	1963-01-13	F	
7334	РусланВолодимировичКошулинський.1969	Руслан	Володимирович	Кошулинський	1969-09-09	M	
11577	ВасильПетровичКравчук.1967	Василь	Петрович	Кравчук	1967-11-18	M	
15707	ІгорІгоровичКривецький.1972	Ігор	Ігорович	Кривецький	1972-08-09	M	
5569	МиколаПетровичКруглов.1950	Микола	Петрович	Круглов	1950-11-10	M	
964	ЮрійБорисовичКрук.1941	Юрій	Борисович	Крук	1941-06-02	M	
17456	ВіталійІвановичКрутій.1967	Віталій	Іванович	Крутій	1967-03-08	M	
15649	СтепанІвановичКубів.1962	Степан	Іванович	Кубів	1962-03-19	M	
11938	ВолодимирІларіоновичКудря.1948	Володимир	Іларіонович	Кудря	1948-10-17	M	
735	ОлександраВолодимирівнаКужель.1953	Олександра	Володимирівна	Кужель	1953-07-04	F	
15777	СергійАнатолійовичКузьменко.1975	Сергій	Анатолійович	Кузьменко	1975-01-22	M	
5550	ОлександрІвановичКузьмук.1954	Олександр	Іванович	Кузьмук	1954-04-17	M	
15804	ОлегІвановичКулініч.1966	Олег	Іванович	Кулініч	1966-11-25	M	
15840	СергійВолодимировичКуніцин.1960	Сергій	Володимирович	Куніцин	1960-07-27	M	
8801	ОлексійПетровичКунченко.1952	Олексій	Петрович	Кунченко	1952-12-23	M	
15812	ІринаВалеріївнаКупрейчик.1971	Ірина	Валеріївна	Купрейчик	1971-06-12	F	
15765	ВолодимирРомановичКупчак.1978	Володимир	Романович	Купчак	1978-04-07	M	
8802	ВолодимирКостянтиновичКуренной.1967	Володимир	Костянтинович	Куренной	1967-08-02	M	
8692	ІванІвановичКуровський.1951	Іван	Іванович	Куровський	1951-06-28	M	
8804	СтепанВолодимировичКурпіль.1959	Степан	Володимирович	Курпіль	1959-07-23	M	
15772	ВячеславГригоровичКутовий.1971	Вячеслав	Григорович	Кутовий	1971-04-24	M	
15805	ТарасВікторовичКутовий.1976	Тарас	Вікторович	Кутовий	1976-02-25	M	
15809	МиколаГерасимовичКучерук.1960	Микола	Герасимович	Кучерук	1960-05-29	M	
15824	СергійПетровичЛабазюк.1980	Сергій	Петрович	Лабазюк	1980-06-04	M	
8806	АнжелікаВікторівнаЛабунська.1967	Анжеліка	Вікторівна	Лабунська	1967-11-02	F	
740	ОлександрВолодимировичЛавринович.1956	Олександр	Володимирович	Лавринович	1956-06-28	M	
741	ВалентинІвановичЛандик.1946	Валентин	Іванович	Ландик	1946-11-22	M	
15756	МихайлоІвановичЛаньо.1964	Михайло	Іванович	Ланьо	1964-11-17	M	
8808	ПавлоВалентиновичЛебедєв.1962	Павло	Валентинович	Лебедєв	1962-07-12	M	
15746	МиколаОлександровичЛевченко.1979	Микола	Олександрович	Левченко	1979-10-16	M	
14066	ОльгаВолодимирівнаЛевченко.1959	Ольга	Володимирівна	Левченко	1959-09-30	F	
17413	ОленаВолодимирівнаЛедовських.1960	Олена	Володимирівна	Ледовських	1960-04-06	F	
7383	ОлексійВолодимировичЛелюк.1969	Олексій	Володимирович	Лелюк	1969-11-30	M	
15716	ЕдуардВолодимировичЛеонов.1974	Едуард	Володимирович	Леонов	1974-02-03	M	
5470	ВолодимирМихайловичЛитвин.1956	Володимир	Михайлович	Литвин	1956-04-28	M	
8705	ЛеонідФедоровичЛитвинов.1944	Леонід	Федорович	Литвинов	1944-07-07	M	
16743	МаркіянРомановичЛопачак.1980	Маркіян	Романович	Лопачак	1980-06-10	M	
8816	ВладиславВалентиновичЛук’янов.1964	Владислав	Валентинович	Лук’янов	1964-02-21	M	
6332	РусланВалерійовичЛук’янчук.1972	Руслан	Валерійович	Лук’янчук	1972-03-19	M	
5389	ОлегГригоровичЛукашук.1951	Олег	Григорович	Лукашук	1951-06-01	M	
15662	ВалерійВалерійовичЛунченко.1982	Валерій	Валерійович	Лунченко	1982-10-13	M	
15647	ІринаСтепанівнаЛуценко.1966	Ірина	Степанівна	Луценко	1966-02-07	F	
11109	ЮліяВолодимирівнаЛьовочкіна.1977	Юлія	Володимирівна	Льовочкіна	1977-02-17	F	
15742	ЮрійВікторовичЛюбоненко.1950	Юрій	Вікторович	Любоненко	1950-04-12	M	
15723	ВалентинаІванівнаЛютікова.1953	Валентина	Іванівна	Лютікова	1953-10-04	F	
7879	КсеніяМихайлівнаЛяпіна.1964	Ксенія	Михайлівна	Ляпіна	1964-05-05	F	
8818	ОлегВалерійовичЛяшко.1972	Олег	Валерійович	Ляшко	1972-12-03	M	
15700	ІгорМихайловичМірошниченко.1976	Ігор	Михайлович	Мірошниченко	1976-02-20	M	
8826	ЮрійРомановичМірошниченко.1970	Юрій	Романович	Мірошниченко	1970-02-03	M	
15712	АндрійМиколайовичМіщенко.1973	Андрій	Миколайович	Міщенко	1973-01-01	M	
8827	СергійГригоровичМіщенко.1971	Сергій	Григорович	Міщенко	1971-08-13	M	
2186	ВолодимирВолодимировичМакеєнко.1965	Володимир	Володимирович	Макеєнко	1965-07-17	M	
17412	ЛеонідЯковичМакул.1958	Леонід	Якович	Макул	1958-06-25	M	
8820	ВолодимирСтепановичМалишев.1950	Володимир	Степанович	Малишев	1950-07-26	M	
8821	ВолодимирОлександровичМальцев.1974	Володимир	Олександрович	Мальцев	1974-04-20	M	
15798	ІгорОлеговичМарков.1973	Ігор	Олегович	Марков	1973-01-18	M	
379	ЄвгенВасильовичМармазов.1938	Євген	Васильович	Мармазов	1938-06-14	M	
2323	МиколаВолодимировичМартиненко.1961	Микола	Володимирович	Мартиненко	1961-01-12	M	
2096	АдамІвановичМартинюк.1950	Адам	Іванович	Мартинюк	1950-08-16	M	
15706	ЛеонтійСвятославовичМартинюк.1971	Леонтій	Святославович	Мартинюк	1971-07-22	M	
15732	СергійВасильовичМартиняк.1971	Сергій	Васильович	Мартиняк	1971-03-04	M	
15744	АртурВолодимировичМартовицький.1964	Артур	Володимирович	Мартовицький	1964-06-16	M	
15713	РусланРомановичМарцінків.1979	Руслан	Романович	Марцінків	1979-11-22	M	
15665	МаріяВасилівнаМатіос.1959	Марія	Василівна	Матіос	1959-12-19	F	
2356	СергійАнатолійовичМатвієнков.1957	Сергій	Анатолійович	Матвієнков	1957-11-16	M	
2121	ВалентинГригоровичМатвєєв.1943	Валентин	Григорович	Матвєєв	1943-03-28	M	
15714	ОлегІгоровичМахніцький.1970	Олег	Ігорович	Махніцький	1970-03-15	M	
12003	ОлегВячеславовичМедуниця.1971	Олег	Вячеславович	Медуниця	1971-07-27	M	
15782	ВолодимирЮрійовичМедяник.1970	Володимир	Юрійович	Медяник	1970-06-13	M	
15731	ЄвгенІвановичМельник.1956	Євген	Іванович	Мельник	1956-05-14	M	
8825	СтаніславАнатолійовичМельник.1961	Станіслав	Анатолійович	Мельник	1961-07-11	M	
15828	ВолодимирВолодимировичМельниченко.1965	Володимир	Володимирович	Мельниченко	1965-02-01	M	
15642	ЛарисаЮріївнаМельничук.1962	Лариса	Юріївна	Мельничук	1962-03-23	F	
17401	ВадимІвановичМеріков.1976	Вадим	Іванович	Меріков	1976-02-23	M	
1168	ЛевЮлійовичМиримський.1960	Лев	Юлійович	Миримський	1960-04-02	M	
11106	ІванМиколайовичМирний.1954	Іван	Миколайович	Мирний	1954-07-06	M	
15711	ОлександрБорисовичМирний.1961	Олександр	Борисович	Мирний	1961-01-31	M	
8708	МихайлоІвановичМироненко.1954	Михайло	Іванович	Мироненко	1954-11-16	M	
15814	ВолодимирЮрійовичМисик.1965	Володимир	Юрійович	Мисик	1965-01-31	M	
15693	ОльгаДмитрівнаМихайленко.1956	Ольга	Дмитрівна	Михайленко	1956-09-23	F	
15788	ЮрійАдріяновичМихальчишин.1982	Юрій	Адріянович	Михальчишин	1982-11-14	M	
15810	ІгорФедоровичМолоток.1967	Ігор	Федорович	Молоток	1967-06-04	M	
15737	ОлександрІвановичМомот.1956	Олександр	Іванович	Момот	1956-06-12	M	
15738	ЄвгенійВадимовичМорозенко.1958	Євгеній	Вадимович	Морозенко	1958-11-19	M	
15773	ЯрославМиколайовичМоскаленко.1975	Ярослав	Миколайович	Москаленко	1975-04-28	M	
11125	ГеннадійГеннадійовичМоскаль.1950	Геннадій	Геннадійович	Москаль	1950-12-11	M	
7171	АндрійВолодимировичМохник.1972	Андрій	Володимирович	Мохник	1972-06-15	M	
15686	ОлександрБорисовичМочков.1981	Олександр	Борисович	Мочков	1981-05-27	M	
9978	СергійМиколайовичМошак.1965	Сергій	Миколайович	Мошак	1965-09-22	M	
15781	ВалерійЗахаровичМошенський.1957	Валерій	Захарович	Мошенський	1957-06-01	M	
15819	ЄвгенійВолодимировичМураєв.1976	Євгеній	Володимирович	Мураєв	1976-12-02	M	
5480	НвєрМнацакановичМхітарян.1960	Нвєр	Мнацаканович	Мхітарян	1960-06-16	M	
5481	ВолодимирЛеонтієвичНаконечний.1952	Володимир	Леонтієвич	Наконечний	1952-06-20	M	
15666	ВалентинОлександровичНаливайченко.1966	Валентин	Олександрович	Наливайченко	1966-06-08	M	
15823	ФедірФедоровичНегой.1958	Федір	Федорович	Негой	1958-03-09	M	
15663	ВіталійОлександровичНемілостівий.1968	Віталій	Олександрович	Немілостівий	1968-04-26	M	
8830	ГригорійМихайловичНемиря.1960	Григорій	Михайлович	Немиря	1960-04-05	M	
8831	ОленаАнатоліївнаНетецька.1972	Олена	Анатоліївна	Нетецька	1972-10-27	F	
15725	ОлександрІгоревичНечаєв.1963	Олександр	Ігоревич	Нечаєв	1963-06-15	M	
15830	ВалентинМиколайовичНичипоренко.1961	Валентин	Миколайович	Ничипоренко	1961-02-25	M	
13379	НаталіяВасилівнаНовак.1955	Наталія	Василівна	Новак	1955-11-21	F	
17108	ВадимВладиславовичНовинський.1963	Вадим	Владиславович	Новинський	1963-06-03	M	
8832	ЮрійВіталійовичОдарченко.1960	Юрій	Віталійович	Одарченко	1960-04-05	M	
6592	ВолодимирМиколайовичОлійник.1957	Володимир	Миколайович	Олійник	1957-04-16	M	
15750	ВалерійПавловичОмельченко.1980	Валерій	Павлович	Омельченко	1980-10-04	M	
13562	ДенисСергійовичОмельянович.1977	Денис	Сергійович	Омельянович	1977-07-17	M	
15771	ОлександрРомановичОнищенко.1969	Олександр	Романович	Онищенко	1969-03-31	M	
15822	МихайлоВолодимировичОпанащенко.1977	Михайло	Володимирович	Опанащенко	1977-12-12	M	
7211	ЛесяЮріївнаОробець.1982	Леся	Юріївна	Оробець	1982-05-03	F	
16314	ТарасВолодимировичОсауленко.1964	Тарас	Володимирович	Осауленко	1964-02-13	M	
15817	ВікторМиколайовичОстапчук.1955	Віктор	Миколайович	Остапчук	1955-05-16	M	
15806	ОлегІвановичОсуховський.1978	Олег	Іванович	Осуховський	1978-06-18	M	
7892	АндрійПавловичПінчук.1980	Андрій	Павлович	Пінчук	1980-01-26	M	
15651	АндрійВасильовичПавелко.1975	Андрій	Васильович	Павелко	1975-10-07	M	
15687	РостиславМиколайовичПавленко.1976	Ростислав	Миколайович	Павленко	1976-08-19	M	
15741	КостянтинЮрійовичПавлов.1973	Костянтин	Юрійович	Павлов	1973-01-12	M	
7457	АндрійМихайловичПавловський.1965	Андрій	Михайлович	Павловський	1965-05-25	M	
15791	ВасильСтепановичПазиняк.1966	Василь	Степанович	Пазиняк	1966-03-26	M	
15671	МиколаПетровичПаламарчук.1954	Микола	Петрович	Паламарчук	1954-04-25	M	
15670	АртурЛеонідовичПалатний.1973	Артур	Леонідович	Палатний	1973-07-15	M	
11133	ІгорПетровичПалиця.1972	Ігор	Петрович	Палиця	1972-12-10	M	
15703	ОлегІгоровичПанькевич.1972	Олег	Ігорович	Панькевич	1972-07-21	M	
15722	ОлегДмитровичПарасків.1966	Олег	Дмитрович	Парасків	1966-04-14	M	
11584	АндрійВолодимировичПарубій.1971	Андрій	Володимирович	Парубій	1971-01-31	M	
858	ОмелянНиконовичПарубок.1940	Омелян	Никонович	Парубок	1940-01-21	M	
15674	ВалерійВасильовичПацкан.1975	Валерій	Васильович	Пацкан	1975-04-21	M	
8696	СергійВолодимировичПашинський.1966	Сергій	Володимирович	Пашинський	1966-10-14	M	
15657	ПавлоДмитровичПетренко.1979	Павло	Дмитрович	Петренко	1979-07-17	M	
11131	ВасильВасильовичПетьовка.1967	Василь	Васильович	Петьовка	1967-01-30	M	
15754	ВолодимирАнатолійовичПехов.1969	Володимир	Анатолійович	Пехов	1969-01-04	M	
12267	ВолодимирПилиповичПилипенко.1977	Володимир	Пилипович	Пилипенко	1977-07-27	M	
11150	ВікторПетровичПилипишин.1961	Віктор	Петрович	Пилипишин	1961-04-06	M	
862	ВікторМихайловичПинзеник.1954	Віктор	Михайлович	Пинзеник	1954-04-15	M	
8838	ВалерійВолодимировичПисаренко.1980	Валерій	Володимирович	Писаренко	1980-07-08	M	
15648	АндрійГригоровичПишний.1974	Андрій	Григорович	Пишний	1974-10-26	M	
15680	ІгорМиколайовичПобер.1968	Ігор	Миколайович	Побер	1968-12-17	M	
15637	ТаїсіяМиколаївнаПовалій.1964	Таїсія	Миколаївна	Повалій	1964-12-10	F	
15661	ВолодимирГеннадійовичПолочанінов.1974	Володимир	Геннадійович	Полочанінов	1974-04-25	M	
8842	ВасильЛеонідовичПоляков.1972	Василь	Леонідович	Поляков	1972-03-02	M	
16217	ЮрійВолодимировичПоляченко.1963	Юрій	Володимирович	Поляченко	1963-02-20	M	
15752	АндрійВікторовичПономарьов.1961	Андрій	Вікторович	Пономарьов	1961-07-02	M	
15760	ОлександрСергійовичПономарьов.1962	Олександр	Сергійович	Пономарьов	1962-01-07	M	
777	ІванВасильовичПопеску.1964	Іван	Васильович	Попеску	1964-04-16	M	
5422	МихайлоМихайловичПоплавський.1949	Михайло	Михайлович	Поплавський	1949-11-28	M	
2273	ПетроОлексійовичПорошенко.1965	Петро	Олексійович	Порошенко	1965-09-26	M	
8844	ІгорМиколайовичПрасолов.1962	Ігор	Миколайович	Прасолов	1962-02-04	M	
15800	ОлександрСеменовичПресман.1961	Олександр	Семенович	Пресман	1961-04-10	M	
8845	АнтонВікентійовичПригодський.1950	Антон	Вікентійович	Пригодський	1950-03-17	M	
15689	ОлександрАндрійовичПрисяжнюк.1986	Олександр	Андрійович	Присяжнюк	1986-02-01	M	
15667	ОксанаПетрівнаПродан.1974	Оксана	Петрівна	Продан	1974-04-16	F	
15641	ВолодимирСтепановичПродивус.1962	Володимир	Степанович	Продивус	1962-12-08	M	
15821	АндрійСтаніславовичПутілов.1971	Андрій	Станіславович	Путілов	1971-07-07	M	
8851	АртемВікторовичПшонка.1976	Артем	Вікторович	Пшонка	1976-03-19	M	
15774	ПавлоОлександровичРізаненко.1975	Павло	Олександрович	Різаненко	1975-07-12	M	
2308	ВікторЙосиповичРазвадовський.1959	Віктор	Йосипович	Развадовський	1959-06-03	M	
15677	РустамБурхановичРаупов.1964	Рустам	Бурханович	Раупов	1964-12-15	M	
17417	АнатолійДмитровичРевенко.1952	Анатолій	Дмитрович	Ревенко	1952-11-02	M	
2281	ВолодимирВасильовичРибак.1946	Володимир	Васильович	Рибак	1946-10-03	M	
7559	ІгорОлександровичРибаков.1976	Ігор	Олександрович	Рибаков	1976-08-14	M	
15751	ОлександрМиколайовичРиженков.1950	Олександр	Миколайович	Риженков	1950-06-05	M	
3008	ПавлоВалерійовичРозенко.1970	Павло	Валерійович	Розенко	1970-07-15	M	
10096	РоманСергійовичРоманюк.1961	Роман	Сергійович	Романюк	1961-10-18	M	
4317	МиколаМиколайовичРудьковський.1967	Микола	Миколайович	Рудьковський	1967-12-18	M	
3470	ПавлоБорисовичРябікін.1965	Павло	Борисович	Рябікін	1965-06-06	M	
2161	ЄвгенЯковичСігал.1955	Євген	Якович	Сігал	1955-05-19	M	
15766	ОльгаМирославівнаСікора.1961	Ольга	Мирославівна	Сікора	1961-07-24	F	
15825	ІгорМихайловичСабій.1976	Ігор	Михайлович	Сабій	1976-09-04	M	
15681	ЮрійПетровичСавчук.1967	Юрій	Петрович	Савчук	1967-09-22	M	
15820	ВолодимирВасильовичСальдо.1956	Володимир	Васильович	Сальдо	1956-06-12	M	
8297	ВасильПетровичСамойленко.1946	Василь	Петрович	Самойленко	1946-07-01	M	
8858	ЮрійПавловичСамойленко.1944	Юрій	Павлович	Самойленко	1944-10-19	M	
878	СергійВолодимировичСас.1957	Сергій	Володимирович	Сас	1957-08-07	M	
5541	ДмитроВолодимировичСвяташ.1971	Дмитро	Володимирович	Святаш	1971-06-15	M	
8860	АндрійБорисовичСеліваров.1972	Андрій	Борисович	Селіваров	1972-05-25	M	
15834	АртемОлексійовичСеменюк.1983	Артем	Олексійович	Семенюк	1983-08-08	M	
8861	АндрійВіленовичСенченко.1959	Андрій	Віленович	Сенченко	1959-11-01	M	
5516	ЛеонідГригоровичСергієнко.1955	Леонід	Григорович	Сергієнко	1955-04-27	M	
15789	ІринаІгорівнаСех.1970	Ірина	Ігорівна	Сех	1970-09-20	F	
884	ПетроМиколайовичСимоненко.1952	Петро	Миколайович	Симоненко	1952-08-01	M	
15710	ОлегМирославовичСиротюк.1978	Олег	Мирославович	Сиротюк	1978-02-18	M	
15708	ЮрійМиколайовичСиротюк.1976	Юрій	Миколайович	Сиротюк	1976-04-10	M	
15764	ОлександрМаксимовичСич.1964	Олександр	Максимович	Сич	1964-07-16	M	
15690	РусланВолодимировичСкарбовійчук.1975	Руслан	Володимирович	Скарбовійчук	1975-06-16	M	
15660	ІгорЄвгенійовичСкосар.1968	Ігор	Євгенійович	Скосар	1968-09-09	M	
8865	СтаніславВалеріановичСкубашевський.1949	Станіслав	Валеріанович	Скубашевський	1949-05-30	M	
13534	ТетянаЯрославівнаСлюз.1965	Тетяна	Ярославівна	Слюз	1965-04-09	F	
8867	ГригорійЄвдокимовичСмітюх.1961	Григорій	Євдокимович	Смітюх	1961-02-27	M	
386	СергійВладиславовичСоболєв.1961	Сергій	Владиславович	Соболєв	1961-09-05	M	
5601	МиколаПавловичСолошенко.1950	Микола	Павлович	Солошенко	1950-10-14	M	
15769	РусланМиколайовичСольвар.1971	Руслан	Миколайович	Сольвар	1971-05-12	M	
15808	МиколаПетровичСорока.1952	Микола	Петрович	Сорока	1952-08-05	M	
15688	ІринаДмитрівнаСпіріна.1959	Ірина	Дмитрівна	Спіріна	1959-03-15	F	
16646	РоманВасильовичСтаднійчук.1980	Роман	Васильович	Стаднійчук	1980-07-23	M	
11129	ЮрійЯрославовичСтець.1975	Юрій	Ярославович	Стець	1975-12-29	M	
5594	ІванМихайловичСтойко.1961	Іван	Михайлович	Стойко	1961-04-27	M	
898	ОлександрМиколайовичСтоян.1943	Олександр	Миколайович	Стоян	1943-05-02	M	
15778	ВолодимирОлексійовичСтрук.1964	Володимир	Олексійович	Струк	1964-05-15	M	
15736	ІванІвановичСтупак.1960	Іван	Іванович	Ступак	1960-03-26	M	
3464	ЯрославМихайловичСухий.1951	Ярослав	Михайлович	Сухий	1951-03-26	M	
2093	ВалерійМихайловичСушкевич.1954	Валерій	Михайлович	Сушкевич	1954-06-14	M	
3472	СергійЛеонідовичТігіпко.1960	Сергій	Леонідович	Тігіпко	1960-02-13	M	
15775	АндрійОлександровичТабалов.1978	Андрій	Олександрович	Табалов	1978-01-08	M	
15656	ОлександрМиколайовичТабалов.1957	Олександр	Миколайович	Табалов	1957-10-12	M	
8868	ЯківПіневичТабачнік.1945	Яків	Піневич	Табачнік	1945-07-31	M	
2269	ДмитроВолодимировичТабачник.1963	Дмитро	Володимирович	Табачник	1963-11-26	M	
5486	БорисІвановичТарасюк.1949	Борис	Іванович	Тарасюк	1949-01-01	M	
8701	ЕльбрусСослановичТедеєв.1974	Ельбрус	Сосланович	Тедеєв	1974-12-05	M	
979	СергійАнатолійовичТерьохін.1963	Сергій	Анатолійович	Терьохін	1963-09-29	M	
5559	ВікторАнатолійовичТимошенко.1969	Віктор	Анатолійович	Тимошенко	1969-09-13	M	
8869	ВікторМиколайовичТихонов.1949	Віктор	Миколайович	Тихонов	1949-03-05	M	
15676	ГеннадійВіталійовичТкачук.1968	Геннадій	Віталійович	Ткачук	1968-08-27	M	
5415	МиколаВолодимировичТоменко.1964	Микола	Володимирович	Томенко	1964-12-11	M	
15695	СергійВалерійовичТопалов.1965	Сергій	Валерійович	Топалов	1965-08-15	M	
7187	ГеннадійЛеонідовичТруханов.1965	Геннадій	Леонідович	Труханов	1965-01-17	M	
5525	ВікторІвановичТурманов.1945	Віктор	Іванович	Турманов	1945-08-15	M	
2086	ОлександрВалентиновичТурчинов.1964	Олександр	Валентинович	Турчинов	1964-03-31	M	
15793	АндрійЯрославовичТягнибок.1973	Андрій	Ярославович	Тягнибок	1973-02-26	M	
2285	ОлегЯрославовичТягнибок.1968	Олег	Ярославович	Тягнибок	1968-11-07	M	
17047	ЄгорПавловичФірсов.1988	Єгор	Павлович	Фірсов	1988-12-01	M	
15653	СергійОлександровичФаєрмарк.1962	Сергій	Олександрович	Фаєрмарк	1962-03-14	M	
15638	СвітланаСамуілівнаФабрикант.1967	Світлана	Самуілівна	Фабрикант	1967-06-16	F	
15786	ІринаДмитрівнаФаріон.1964	Ірина	Дмитрівна	Фаріон	1964-04-29	F	
15831	МиколаТрохимовичФедорук.1954	Микола	Трохимович	Федорук	1954-03-20	M	
8258	ЯрославПетровичФедорчук.1936	Ярослав	Петрович	Федорчук	1936-10-22	M	
15833	ГеннадійДмитровичФедоряк.1966	Геннадій	Дмитрович	Федоряк	1966-07-13	M	
5542	ОлександрБорисовичФельдман.1960	Олександр	Борисович	Фельдман	1960-01-06	M	
15832	ОлександрГеоргійовичФищук.1958	Олександр	Георгійович	Фищук	1958-01-12	M	
17390	ОлексійЮрійовичФурман.1969	Олексій	Юрійович	Фурман	1969-05-04	M	
15799	ІванГеннадійовичФурсін.1971	Іван	Геннадійович	Фурсін	1971-09-16	M	
15717	СвятославМихайловичХаненко.1953	Святослав	Михайлович	Ханенко	1953-08-23	M	
15785	МихайлоМихайловичХміль.1973	Михайло	Михайлович	Хміль	1973-05-11	M	
2199	ВасильІвановичХмельницький.1966	Василь	Іванович	Хмельницький	1966-09-10	M	
5549	ВіталійЮрійовичХомутиннік.1976	Віталій	Юрійович	Хомутиннік	1976-08-04	M	
5560	ОлегАнатолійовичЦарьов.1970	Олег	Анатолійович	Царьов	1970-06-02	M	
920	ПетроСтепановичЦибенко.1949	Петро	Степанович	Цибенко	1949-06-05	M	
15735	ІгорМарковичЦиркін.1974	Ігор	Маркович	Циркін	1974-09-06	M	
15678	РоманТарасовичЧернега.1979	Роман	Тарасович	Чернега	1979-11-01	M	
15715	ВалерійВікторовичЧерняков.1966	Валерій	Вікторович	Черняков	1966-11-13	M	
8878	ЮрійДмитровичЧертков.1962	Юрій	Дмитрович	Чертков	1962-05-16	M	
926	МихайлоВасильовичЧечетов.1953	Михайло	Васильович	Чечетов	1953-10-03	M	
16396	ГалинаМихайлівнаЧорна.1967	Галина	Михайлівна	Чорна	1967-11-18	F	
2529	ОлександрВіленовичЧорноволенко.1955	Олександр	Віленович	Чорноволенко	1955-03-28	M	
15783	ВолодимирЄвгеновичЧуб.1956	Володимир	Євгенович	Чуб	1956-09-30	M	
2260	ОлександрМиколайовичЧубатенко.1960	Олександр	Миколайович	Чубатенко	1960-11-11	M	
15673	ВіталійСеменовичЧугунніков.1974	Віталій	Семенович	Чугунніков	1974-05-21	M	
8881	ВіталійОлеговичЧудновський.1969	Віталій	Олегович	Чудновський	1969-11-08	M	
15836	ВікторВасильовичЧумак.1958	Віктор	Васильович	Чумак	1958-06-05	M	
15640	ОлегМиколайовичШаблатович.1979	Олег	Миколайович	Шаблатович	1979-04-27	M	
15803	ЮрійАнатолійовичШаповалов.1972	Юрій	Анатолійович	Шаповалов	1972-03-14	M	
1390	ІгорФедоровичШаров.1961	Ігор	Федорович	Шаров	1961-08-10	M	
15643	ВіленГригоровичШатворян.1981	Вілен	Григорович	Шатворян	1981-03-14	M	
15704	ІгорОлександровичШвайка.1976	Ігор	Олександрович	Швайка	1976-02-25	M	
8883	ВікторДмитровичШвець.1954	Віктор	Дмитрович	Швець	1954-01-06	M	
8884	АндрійВіталійовичШевченко.1976	Андрій	Віталійович	Шевченко	1976-06-10	M	
15701	ОлександрОксеньтійовичШевченко.1937	Олександр	Оксеньтійович	Шевченко	1937-06-26	M	
17650	ОлександрЛеонідовичШевченко.1971	Олександр	Леонідович	Шевченко	1971-04-08	M	
2198	ОлегБорисовичШевчук.1968	Олег	Борисович	Шевчук	1968-01-02	M	
8885	ДмитроОлексійовичШенцев.1964	Дмитро	Олексійович	Шенцев	1964-11-28	M	
5785	АндрійФедоровичШипко.1970	Андрій	Федорович	Шипко	1970-03-26	M	
5399	ІгорМиколайовичШкіря.1965	Ігор	Миколайович	Шкіря	1965-08-20	M	
15658	ВолодимирВасильовичШкварилюк.1974	Володимир	Васильович	Шкварилюк	1974-07-09	M	
8889	ДмитроВасильовичШлемко.1950	Дмитро	Васильович	Шлемко	1950-01-24	M	
11096	ДмитроЮрійовичШпенов.1978	Дмитро	Юрійович	Шпенов	1978-12-20	M	
15697	РоманВасильовичШугало.1986	Роман	Васильович	Шугало	1986-12-27	M	
15811	ВолодимирПетровичШульга.1973	Володимир	Петрович	Шульга	1973-03-29	M	
2274	НесторІвановичШуфрич.1966	Нестор	Іванович	Шуфрич	1966-12-29	M	
8890	АртемВолодимировичЩербань.1974	Артем	Володимирович	Щербань	1974-05-27	M	
394	ВолодимирОлександровичЯворівський.1942	Володимир	Олександрович	Яворівський	1942-10-11	M	
4438	ІгорТарасовичЯнків.1971	Ігор	Тарасович	Янків	1971-08-27	M	
8892	ВікторВікторовичЯнукович.1981	Віктор	Вікторович	Янукович	1981-07-16	M	
15835	ВіталійГригоровичЯрема.1963	Віталій	Григорович	Ярема	1963-10-14	M	
4339	АнтонВолодимировичЯценко.1977	Антон	Володимирович	Яценко	1977-07-13	M	
11116	АрсенійПетровичЯценюк.1974	Арсеній	Петрович	Яценюк	1974-05-22	M	
18089	АнатолійСергійовичЄвлахов.1981	Анатолій	Сергійович	Євлахов	1981-04-14	M	
11728	СергійМиколайовичЄвтушок.1973	Сергій	Миколайович	Євтушок	1973-11-13	M	
19859	ЯрославЮрійовичЄдаков.1976	Ярослав	Юрійович	Єдаков	1976-01-25	M	
18016	ОстапВолодимировичЄднак.1980	Остап	Володимирович	Єднак	1980-11-21	M	
17959	ВікторЄвгеновичЄленський.1957	Віктор	Євгенович	Єленський	1957-03-26	M	
18090	МаксимВікторовичЄфімов.1974	Максим	Вікторович	Єфімов	1974-11-01	M	
16716	ІринаОлексіївнаЄфремова.1959	Ірина	Олексіївна	Єфремова	1959-03-26	F	
18055	ВадимЄвгеновичІвченко.1980	Вадим	Євгенович	Івченко	1980-01-29	M	
18092	КостянтинЄвгеновичІщейкін.1975	Костянтин	Євгенович	Іщейкін	1975-09-11	M	
17993	СергійОлеговичАлєксєєв.1977	Сергій	Олегович	Алєксєєв	1977-02-09	M	
16067	ІгорСергійовичАлексєєв.1986	Ігор	Сергійович	Алексєєв	1986-04-23	M	
12290	ВасильВасильовичАмельченко.1962	Василь	Васильович	Амельченко	1962-11-28	M	
17983	АндрійФедоровичАнтонищак.1969	Андрій	Федорович	Антонищак	1969-06-23	M	
18058	ВолодимирЮрійовичАрешонков.1957	Володимир	Юрійович	Арешонков	1957-12-17	M	
18049	АндрійВікторовичАртеменко.1969	Андрій	Вікторович	Артеменко	1969-01-14	M	
18059	ІгорАндрійовичАртюшенко.1984	Ігор	Андрійович	Артюшенко	1984-09-21	M	
18065	АндрійЄвгенійовичБілецький.1979	Андрій	Євгенійович	Білецький	1979-08-05	M	
5503	ОксанаВолодимирівнаБілозір.1957	Оксана	Володимирівна	Білозір	1957-05-30	F	
16340	ДмитроОлександровичБілоцерковець.1986	Дмитро	Олександрович	Білоцерковець	1986-02-21	M	
18604	ЮрійЮрійовичБабій.1977	Юрій	Юрійович	Бабій	1977-11-18	M	
18007	АльонаВалеріївнаБабак.1969	Альона	Валеріївна	Бабак	1969-09-27	F	
4427	ВалерійБорисовичБабенко.1964	Валерій	Борисович	Бабенко	1964-02-02	M	
18060	ЄвгенМиколайовичБакулін.1956	Євген	Миколайович	Бакулін	1956-09-26	M	
17994	ОлександрБорисовичБакуменко.1959	Олександр	Борисович	Бакуменко	1959-04-29	M	
18061	ІванІвановичБалога.1966	Іван	Іванович	Балога	1966-11-10	M	
18062	ОлегСтепановичБарна.1967	Олег	Степанович	Барна	1967-04-18	M	
18207	СтепанСтепановичБарна.1979	Степан	Степанович	Барна	1979-10-09	M	
18063	ТарасІвановичБатенко.1974	Тарас	Іванович	Батенко	1974-06-20	M	
19550	ФедірВолодимировичБендюженко.1982	Федір	Володимирович	Бендюженко	1982-07-23	M	
18064	БориславЮхимовичБереза.1974	Борислав	Юхимович	Береза	1974-06-13	M	
17949	ЮрійМиколайовичБереза.1970	Юрій	Миколайович	Береза	1970-02-08	M	
17568	СергійІвановичБерезенко.1984	Сергій	Іванович	Березенко	1984-04-11	M	
18027	ОлегРомановичБерезюк.1969	Олег	Романович	Березюк	1969-10-08	M	
17972	ОльгаВадимівнаБогомолець.1966	Ольга	Вадимівна	Богомолець	1966-03-22	F	
16698	ОленаПетрівнаБойко.1972	Олена	Петрівна	Бойко	1972-08-07	F	
11094	ЮрійАнатолійовичБойко.1958	Юрій	Анатолійович	Бойко	1958-10-09	M	
18066	МихайлоЛеонтійовичБондар.1973	Михайло	Леонтійович	Бондар	1973-11-17	M	
17998	ВасильІвановичБрензович.1964	Василь	Іванович	Брензович	1964-04-25	M	
20287	ЮрійОлександровичБуглак.1965	Юрій	Олександрович	Буглак	1965-02-07	M	
15257	ВладиславВікторовичБухарєв.1969	Владислав	Вікторович	Бухарєв	1969-03-14	M	
8737	ОлександрЮрійовичВілкул.1974	Олександр	Юрійович	Вілкул	1974-05-24	M	
18069	ІванЮлійовичВінник.1979	Іван	Юлійович	Вінник	1979-01-03	M	
18043	АртемЛеонідовичВітко.1983	Артем	Леонідович	Вітко	1983-01-31	M	
18067	АндрійОлексійовичВадатурський.1973	Андрій	Олексійович	Вадатурський	1973-04-11	M	
18068	СергійВасильовичВалентиров.1978	Сергій	Васильович	Валентиров	1978-08-07	M	
17964	ПетроМихайловичВанат.1938	Петро	Михайлович	Ванат	1938-01-28	M	
19857	ОлегМарковичВелікін.1971	Олег	Маркович	Велікін	1971-05-06	M	
17961	МиколаРомановичВеличкович.1972	Микола	Романович	Величкович	1972-11-18	M	
18008	НаталіяВасилівнаВеселова.1975	Наталія	Василівна	Веселова	1975-08-27	F	
17963	СергійВіталійовичВисоцький.1985	Сергій	Віталійович	Висоцький	1985-07-10	M	
8132	ВікторІвановичВовк.1962	Віктор	Іванович	Вовк	1962-05-20	M	
18021	ВікторіяМихайлівнаВойціцька.1974	Вікторія	Михайлівна	Войціцька	1974-11-27	F	
11596	СвітланаМихайлівнаВойцеховська.1959	Світлана	Михайлівна	Войцеховська	1959-09-12	F	
18044	ВалерійМиколайовичВощевський.1956	Валерій	Миколайович	Вощевський	1956-06-12	M	
18070	МихайлоВіталійовичГаврилюк.1979	Михайло	Віталійович	Гаврилюк	1979-08-15	M	
18046	ВікторВалерійовичГаласюк.1981	Віктор	Валерійович	Галасюк	1981-08-28	M	
18071	АндрійВолодимировичГальченко.1971	Андрій	Володимирович	Гальченко	1971-07-13	M	
18072	ЮрійГригорійовичГарбуз.1971	Юрій	Григорійович	Гарбуз	1971-11-18	M	
17992	МихайлоОлексійовичГвоздьов.1973	Михайло	Олексійович	Гвоздьов	1973-11-18	M	
17985	АртурВолодимировичГерасимов.1972	Артур	Володимирович	Герасимов	1972-08-23	M	
17952	АнтонЮрійовичГеращенко.1979	Антон	Юрійович	Геращенко	1979-02-10	M	
8238	ВладиславВолодимировичГолуб.1983	Владислав	Володимирович	Голуб	1983-04-22	M	
18074	ДмитроІвановичГолубов.1983	Дмитро	Іванович	Голубов	1983-10-16	M	
17984	ОлексійОлексійовичГончаренко.1980	Олексій	Олексійович	Гончаренко	1980-09-16	M	
18002	ГаннаМиколаївнаГопко.1982	Ганна	Миколаївна	Гопко	1982-03-04	F	
17962	ОлександрВолодимировичГорбунов.1969	Олександр	Володимирович	Горбунов	1969-02-13	M	
18075	РобертІвановичГорват.1969	Роберт	Іванович	Горват	1969-02-17	M	
15953	АндрійАнатолійовичГордєєв.1983	Андрій	Анатолійович	Гордєєв	1983-06-13	M	
17995	ОлександрМихайловичГрановський.1979	Олександр	Михайлович	Грановський	1979-12-25	M	
17973	ВолодимирБорисовичГройсман.1978	Володимир	Борисович	Гройсман	1978-01-20	M	
18077	ВіталійІвановичГудзенко.1971	Віталій	Іванович	Гудзенко	1971-07-15	M	
14674	ІгорВолодимировичГузь.1982	Ігор	Володимирович	Гузь	1982-01-11	M	
19112	ОлександрМиколайовичГулак.1972	Олександр	Миколайович	Гулак	1972-10-06	M	
18078	ВасильОлександровичГуляєв.1963	Василь	Олександрович	Гуляєв	1963-09-03	M	
18036	ВолодимирГеоргійовичГусак.1974	Володимир	Георгійович	Гусак	1974-11-21	M	
18017	ІгорАнатолійовичДіденко.1967	Ігор	Анатолійович	Діденко	1967-02-08	M	
18083	ВалентинВолодимировичДідич.1957	Валентин	Володимирович	Дідич	1957-10-11	M	
18079	ВалерійМиколайовичДавиденко.1973	Валерій	Миколайович	Давиденко	1973-03-16	M	
20121	ВладиславЮрійовичДанілін.1983	Владислав	Юрійович	Данілін	1983-03-02	M	
18009	ОлександрІвановичДанченко.1974	Олександр	Іванович	Данченко	1974-11-14	M	
17956	ЄвгенСергійовичДейдей.1987	Євген	Сергійович	Дейдей	1987-07-12	M	
18080	РусланЄвгенійовичДемчак.1974	Руслан	Євгенійович	Демчак	1974-07-05	M	
18081	АндрійСергійовичДенисенко.1973	Андрій	Сергійович	Денисенко	1973-01-01	M	
17986	ВадимІгоровичДенисенко.1974	Вадим	Ігорович	Денисенко	1974-04-07	M	
6130	ОлександрВолодимировичДехтярчук.1971	Олександр	Володимирович	Дехтярчук	1971-08-17	M	
18082	ПавлоВолодимировичДзюблик.1979	Павло	Володимирович	Дзюблик	1979-09-18	M	
18084	ОлегМиколайовичДмитренко.1973	Олег	Миколайович	Дмитренко	1973-10-17	M	
5578	МихайлоМарковичДобкін.1970	Михайло	Маркович	Добкін	1970-01-26	M	
18085	ДмитроЄвгеновичДобродомов.1977	Дмитро	Євгенович	Добродомов	1977-01-13	M	
6201	МихайлоВолодимировичДовбенко.1954	Михайло	Володимирович	Довбенко	1954-10-31	M	
18086	ОлесьСтаніславовичДовгий.1980	Олесь	Станіславович	Довгий	1980-11-01	M	
18221	СергійЄвсейовичДраюк.1953	Сергій	Євсейович	Драюк	1953-06-18	M	
18222	ОлександрВалерійовичДроздик.1983	Олександр	Валерійович	Дроздик	1983-06-14	M	
18087	ОлександрІвановичДубінін.1959	Олександр	Іванович	Дубінін	1959-05-16	M	
18088	БогданВасильовичДубневич.1962	Богдан	Васильович	Дубневич	1962-05-10	M	
18057	ІгорОлександровичЖданов.1967	Ігор	Олександрович	Жданов	1967-12-29	M	
18091	ОлександрОлександровичЖолобецький.1966	Олександр	Олександрович	Жолобецький	1966-04-24	M	
18015	АндрійВалерійовичЖуржій.1978	Андрій	Валерійович	Журжій	1978-03-19	M	
17991	ГлібВолодимировичЗагорій.1976	Гліб	Володимирович	Загорій	1976-08-21	M	
17976	СвітланаПетрівнаЗаліщук.1982	Світлана	Петрівна	Заліщук	1982-10-24	F	
20536	ВалеріяЛеонідівнаЗаружко.1978	Валерія	Леонідівна	Заружко	1978-12-02	F	
17955	РоманЙосиповичЗаставний.1972	Роман	Йосипович	Заставний	1972-05-01	M	
2158	РоманМихайловичЗварич.1953	Роман	Михайлович	Зварич	1953-11-20	M	
19126	ЛюбомирЛьвовичЗубач.1978	Любомир	Львович	Зубач	1978-01-21	M	
18031	СергійІвановичКіраль.1975	Сергій	Іванович	Кіраль	1975-03-21	M	
18093	ОлександрВікторовичКірш.1961	Олександр	Вікторович	Кірш	1961-09-24	M	
13694	АндрійМиколайовичКісельов.1981	Андрій	Миколайович	Кісельов	1981-01-02	M	
18094	АндрійБогдановичКіт.1971	Андрій	Богданович	Кіт	1971-11-02	M	
16618	МиколаОлеговичКадикало.1974	Микола	Олегович	Кадикало	1974-12-19	M	
17967	НаталіяВолодимирівнаКацер-Бучковська.1983	Наталія	Володимирівна	Кацер-Бучковська	1983-03-15	F	
17975	СергійМироновичКвіт.1965	Сергій	Миронович	Квіт	1965-11-26	M	
12455	ОлексійМиколайовичКириченко.1975	Олексій	Миколайович	Кириченко	1975-03-16	M	
18006	ПавлоМиколайовичКишкар.1980	Павло	Миколайович	Кишкар	1980-09-22	M	
17997	ІваннаОрестівнаКлимпуш-Цинцадзе.1972	Іванна	Орестівна	Климпуш-Цинцадзе	1972-07-05	F	
17990	МихайлоВалентиновичКобцев.1969	Михайло	Валентинович	Кобцев	1969-01-10	M	
15309	ОлександрМихайловичКодола.1982	Олександр	Михайлович	Кодола	1982-02-17	M	
18034	ТарасРомановичКозак.1972	Тарас	Романович	Козак	1972-04-06	M	
7175	ЛеонідПетровичКозаченко.1955	Леонід	Петрович	Козаченко	1955-05-14	M	
18095	БорисЮрійовичКозир.1975	Борис	Юрійович	Козир	1975-03-06	M	
11098	ДмитроВалерійовичКолєсніков.1972	Дмитро	Валерійович	Колєсніков	1972-03-27	M	
17981	ІгорВіталійовичКононенко.1965	Ігор	Віталійович	Кононенко	1965-08-21	M	
20103	ІринаМирославівнаКонстанкевич.1965	Ірина	Мирославівна	Констанкевич	1965-06-23	F	
18096	ВячеславЛеонідовичКонстантіновський.1960	Вячеслав	Леонідович	Константіновський	1960-11-11	M	
18097	АркадійОлексійовичКорнацький.1953	Аркадій	Олексійович	Корнацький	1953-07-07	M	
8693	НаталіяЮріївнаКоролевська.1975	Наталія	Юріївна	Королевська	1975-05-18	F	
2314	ВікторМиколайовичКороль.1948	Віктор	Миколайович	Король	1948-03-03	M	
18167	ВіталійАндрійовичКорчик.1984	Віталій	Андрійович	Корчик	1984-04-18	M	
18165	ОксанаАнатоліївнаКорчинська.1970	Оксана	Анатоліївна	Корчинська	1970-11-17	F	
18028	ПавлоПетровичКостенко.1976	Павло	Петрович	Костенко	1976-10-09	M	
17965	ІгорОлександровичКотвіцький.1970	Ігор	Олександрович	Котвіцький	1970-01-24	M	
18048	АльонаВолодимирівнаКошелєва.1990	Альона	Володимирівна	Кошелєва	1990-07-14	F	
17969	ТарасДмитровичКремінь.1978	Тарас	Дмитрович	Кремінь	1978-06-10	M	
18005	ВікторМиколайовичКривенко.1982	Віктор	Миколайович	Кривенко	1982-01-09	M	
17970	ВадимВалерійовичКривенко.1968	Вадим	Валерійович	Кривенко	1968-09-08	M	
18107	ВадимВікторовичКривохатько.1962	Вадим	Вікторович	Кривохатько	1962-01-07	M	
15901	ГеннадійГригоровичКривошея.1977	Геннадій	Григорович	Кривошея	1977-07-02	M	
18108	ОлегЮрійовичКришин.1967	Олег	Юрійович	Кришин	1967-11-27	M	
6073	ІванІвановичКрулько.1981	Іван	Іванович	Крулько	1981-07-20	M	
17957	ОлександрСтепановичКсенжук.1968	Олександр	Степанович	Ксенжук	1968-06-11	M	
17999	СергійВолодимировичКудлаєнко.1975	Сергій	Володимирович	Кудлаєнко	1975-10-13	M	
18109	АнатолійІвановичКузьменко.1950	Анатолій	Іванович	Кузьменко	1950-07-29	M	
18160	ВалерійПетровичКуліч.1973	Валерій	Петрович	Куліч	1973-08-28	M	
18110	ІванІвановичКуліченко.1955	Іван	Іванович	Куліченко	1955-07-07	M	
18050	ОлегВасильовичКупрієнко.1964	Олег	Васильович	Купрієнко	1964-08-18	M	
18111	ВіталійМиколайовичКупрій.1973	Віталій	Миколайович	Купрій	1973-08-20	M	
8803	ВіталійСеменовичКурило.1957	Віталій	Семенович	Курило	1957-02-02	M	
13646	МаксимПавловичКурячий.1979	Максим	Павлович	Курячий	1979-11-08	M	
18112	МиколаІвановичКучер.1959	Микола	Іванович	Кучер	1959-08-24	M	
18115	ОлександрПетровичЛівік.1970	Олександр	Петрович	Лівік	1970-06-30	M	
18052	ДмитроВолодимировичЛінько.1987	Дмитро	Володимирович	Лінько	1987-07-14	M	
18113	МиколаІвановичЛаврик.1952	Микола	Іванович	Лаврик	1952-06-30	M	
18011	ОлегВасильовичЛаврик.1973	Олег	Васильович	Лаврик	1973-04-20	M	
18114	ІгорОлександровичЛапін.1969	Ігор	Олександрович	Лапін	1969-05-28	M	
2179	СергійМиколайовичЛарін.1962	Сергій	Миколайович	Ларін	1962-01-11	M	
11694	АндрійМар’яновичЛевус.1979	Андрій	Мар’янович	Левус	1979-08-09	M	
16672	ЮрійВолодимировичЛевченко.1984	Юрій	Володимирович	Левченко	1984-10-01	M	
10204	ОлексійОлексійовичЛенський.1975	Олексій	Олексійович	Ленський	1975-02-25	M	
18605	ЯрославВасильовичЛесюк.1952	Ярослав	Васильович	Лесюк	1952-05-08	M	
17977	СергійАнатолійовичЛещенко.1980	Сергій	Анатолійович	Лещенко	1980-08-30	M	
17958	ГеоргійВолодимировичЛогвинський.1978	Георгій	Володимирович	Логвинський	1978-08-03	M	
15916	АндрійСергійовичЛозовой.1989	Андрій	Сергійович	Лозовой	1989-06-03	M	
8815	АндрійЯрославовичЛопушанський.1962	Андрій	Ярославович	Лопушанський	1962-12-04	M	
18116	ДмитроВалерійовичЛубінець.1981	Дмитро	Валерійович	Лубінець	1981-07-04	M	
18054	ІгорВікторовичЛуценко.1978	Ігор	Вікторович	Луценко	1978-11-10	M	
4132	ЮрійВіталійовичЛуценко.1964	Юрій	Віталійович	Луценко	1964-12-14	M	
7718	СергійВолодимировичЛьовочкін.1972	Сергій	Володимирович	Льовочкін	1972-07-17	M	
18117	МиколаВолодимировичЛюшняк.1974	Микола	Володимирович	Люшняк	1974-02-08	M	
18014	ІванВолодимировичМірошніченко.1972	Іван	Володимирович	Мірошніченко	1972-08-29	M	
18030	АндрійМиколайовичМірошник.1980	Андрій	Миколайович	Мірошник	1980-11-02	M	
15972	ДавидБорисовичМакар’ян.1984	Давид	Борисович	Макар’ян	1984-08-12	M	
18163	ЮрійМиколайовичМакедон.1980	Юрій	Миколайович	Македон	1980-10-24	M	
17974	ЮлійВалерійовичМамчур.1971	Юлій	Валерійович	Мамчур	1971-08-15	M	
18013	ЯрославВолодимировичМаркевич.1973	Ярослав	Володимирович	Маркевич	1973-12-03	M	
18118	ОлександрОлександровичМарченко.1965	Олександр	Олександрович	Марченко	1965-01-14	M	
17966	ОленаСергіївнаМасоріна.1986	Олена	Сергіївна	Масоріна	1986-03-17	F	
2262	АнатолійСергійовичМатвієнко.1953	Анатолій	Сергійович	Матвієнко	1953-03-22	M	
5500	ЕдуардЛеонідовичМатвійчук.1963	Едуард	Леонідович	Матвійчук	1963-04-27	M	
17953	КостянтинВолодимировичМатейченко.1970	Костянтин	Володимирович	Матейченко	1970-12-17	M	
18119	БогданМироновичМатківський.1980	Богдан	Миронович	Матківський	1980-02-14	M	
11342	ОленаОлександрівнаМатузко.1976	Олена	Олександрівна	Матузко	1976-11-04	F	
18120	РоманМиколайовичМацола.1974	Роман	Миколайович	Мацола	1974-08-11	M	
18161	СергійІвановичМельник.1965	Сергій	Іванович	Мельник	1965-02-22	M	
18121	ІванІвановичМельничук.1969	Іван	Іванович	Мельничук	1969-02-08	M	
18039	СергійПетровичМельничук.1972	Сергій	Петрович	Мельничук	1972-01-26	M	
19740	ХвичаНодаровичМепарішвілі.1972	Хвича	Нодарович	Мепарішвілі	1972-08-07	M	
20107	МаксимВікторовичМикитась.1980	Максим	Вікторович	Микитась	1980-09-13	M	
11102	ЮрійМиколайовичМороко.1953	Юрій	Миколайович	Мороко	1953-05-06	M	
18045	ІгорВолодимировичМосійчук.1972	Ігор	Володимирович	Мосійчук	1972-05-05	M	
16517	ОлегСтепановичМусій.1965	Олег	Степанович	Мусій	1965-05-12	M	
17996	ОлексійПетровичМушак.1982	Олексій	Петрович	Мушак	1982-02-28	M	
18037	ВасильІвановичНімченко.1950	Василь	Іванович	Німченко	1950-09-13	M	
17978	Мустафа-МасіНайєм.1981	Мустафа-Масі		Найєм	1981-06-28	M	
17666	РоманМихайловичНасіров.1979	Роман	Михайлович	Насіров	1979-03-03	M	
2370	ІгорСтепановичНасалик.1962	Ігор	Степанович	Насалик	1962-11-25	M	
18122	ОлегАнатолійовичНедава.1969	Олег	Анатолійович	Недава	1969-10-26	M	
19058	АндрійВалентиновичНемировський.1983	Андрій	Валентинович	Немировський	1983-09-23	M	
18123	ВадимГригоровичНестеренко.1970	Вадим	Григорович	Нестеренко	1970-12-05	M	
18040	ЗлатаЛеонідівнаОгнєвіч.1986	Злата	Леонідівна	Огнєвіч	1986-01-12	F	
17982	БогданСеменовичОнуфрик.1958	Богдан	Семенович	Онуфрик	1958-04-15	M	
18019	ОлександрВалерійовичОпанасенко.1977	Олександр	Валерійович	Опанасенко	1977-04-20	M	
18018	ТетянаГеоргіївнаОстрікова.1979	Тетяна	Георгіївна	Острікова	1979-01-22	F	
19622	ВадимІвановичПідберезняк.1972	Вадим	Іванович	Підберезняк	1972-03-22	M	
18025	ЛевТеофіловичПідлісецький.1977	Лев	Теофілович	Підлісецький	1977-05-29	M	
5380	ЮрійОлексійовичПавленко.1975	Юрій	Олексійович	Павленко	1975-03-20	M	
5464	МихайлоМиколайовичПапієв.1960	Михайло	Миколайович	Папієв	1960-10-01	M	
18124	ВолодимирЗіновійовичПарасюк.1987	Володимир	Зіновійович	Парасюк	1987-07-09	M	
18125	ТарасТимофійовичПастух.1978	Тарас	Тимофійович	Пастух	1978-03-20	M	
18126	ОлегМиколайовичПетренко.1973	Олег	Миколайович	Петренко	1973-09-17	M	
8125	ПавлоВасильовичПинзеник.1976	Павло	Васильович	Пинзеник	1976-03-20	M	
20626	МихайлоОлександровичПобочіх.1986	Михайло	Олександрович	Побочіх	1986-10-06	M	
18127	ІринаІгорівнаПодоляк.1967	Ірина	Ігорівна	Подоляк	1967-05-02	F	
17960	МаксимАнатолійовичПоляков.1982	Максим	Анатолійович	Поляков	1982-04-23	M	
18164	АндрійВіталійовичПомазанов.1983	Андрій	Віталійович	Помазанов	1983-08-02	M	
18042	ІгорВолодимировичПопов.1972	Ігор	Володимирович	Попов	1972-04-18	M	
18128	ОлексійПетровичПорошенко.1985	Олексій	Петрович	Порошенко	1985-03-06	M	
11620	ОлександрАнатолійовичПрисяжнюк.1981	Олександр	Анатолійович	Присяжнюк	1981-04-20	M	
18022	ВікторіяЮріївнаПташник.1983	Вікторія	Юріївна	Пташник	1983-01-01	F	
18032	ВадимЗіновійовичРабінович.1953	Вадим	Зіновійович	Рабінович	1953-08-04	M	
18414	ОлександрВасильовичРевега.1966	Олександр	Васильович	Ревега	1966-08-22	M	
18129	АндрійОлександровичРека.1953	Андрій	Олександрович	Река	1953-12-01	M	
9123	ІванПетровичРибак.1978	Іван	Петрович	Рибак	1978-03-11	M	
18053	СергійВікторовичРибалка.1978	Сергій	Вікторович	Рибалка	1978-07-22	M	
18130	ЄвгенЮрійовичРибчинський.1969	Євген	Юрійович	Рибчинський	1969-12-21	M	
20105	ТетянаБорисівнаРичкова.1978	Тетяна	Борисівна	Ричкова	1978-10-07	F	
18131	БориславСоломоновичРозенблат.1969	Борислав	Соломонович	Розенблат	1969-05-25	M	
18029	АннаАнатоліївнаРоманова.1985	Анна	Анатоліївна	Романова	1985-02-21	F	
18245	ОлександрВолодимировичРомановський.1952	Олександр	Володимирович	Романовський	1952-08-10	M	
18132	ВікторМиколайовичРоманюк.1975	Віктор	Миколайович	Романюк	1975-08-28	M	
16430	СергійЯрославовичРудик.1970	Сергій	Ярославович	Рудик	1970-10-11	M	
18056	ОлексійМихайловичРябчин.1983	Олексій	Михайлович	Рябчин	1983-04-22	M	
5582	ПетроПавловичСабашук.1957	Петро	Павлович	Сабашук	1957-07-13	M	
20777	ІванІвановичСавка.1972	Іван	Іванович	Савка	1972-02-29	M	
19858	МаксимВіталійовичСаврасов.1980	Максим	Віталійович	Саврасов	1980-08-07	M	
18166	НадіяВікторівнаСавченко.1981	Надія	Вікторівна	Савченко	1981-05-11	F	
17988	ОлексійЮрійовичСавченко.1977	Олексій	Юрійович	Савченко	1977-11-19	M	
18133	СергійМиколайовичСажко.1969	Сергій	Миколайович	Сажко	1969-07-19	M	
19405	ВладиславВолодимировичСеврюков.1975	Владислав	Володимирович	Севрюков	1975-05-13	M	
18026	РоманСергійовичСеменуха.1977	Роман	Сергійович	Семенуха	1977-07-30	M	
18003	СеменІгоровичСеменченко.1974	Семен	Ігорович	Семенченко	1974-06-06	M	
1908	ОстапМихайловичСемерак.1972	Остап	Михайлович	Семерак	1972-06-27	M	
18020	РусланМихайловичСидорович.1974	Руслан	Михайлович	Сидорович	1974-10-20	M	
17954	ВадимВасильовичСидорчук.1979	Вадим	Васильович	Сидорчук	1979-11-02	M	
18047	ДенисОлеговичСилантьєв.1976	Денис	Олегович	Силантьєв	1976-10-03	M	
3180	ОксанаІванівнаСироїд.1976	Оксана	Іванівна	Сироїд	1976-05-02	F	
18024	ІринаВолодимирівнаСисоєнко.1982	Ірина	Володимирівна	Сисоєнко	1982-03-06	F	
18033	МиколаЛеонідовичСкорик.1972	Микола	Леонідович	Скорик	1972-11-27	M	
18004	ОлексійОлексійовичСкрипник.1964	Олексій	Олексійович	Скрипник	1964-03-08	M	
18051	СергійІвановичСкуратовський.1971	Сергій	Іванович	Скуратовський	1971-02-04	M	
18012	ЄгорВікторовичСоболєв.1977	Єгор	Вікторович	Соболєв	1977-02-26	M	
18134	ЮрійІгоровичСоловей.1978	Юрій	Ігорович	Соловей	1978-07-13	M	
18135	ЮрійВасильовичСолод.1972	Юрій	Васильович	Солод	1972-04-27	M	
17968	ВолодимирМироновичСоляр.1981	Володимир	Миронович	Соляр	1981-02-06	M	
18010	ОленаСергіївнаСотник.1982	Олена	Сергіївна	Сотник	1982-12-21	F	
12270	ОлександрОлександровичСочка.1971	Олександр	Олександрович	Сочка	1971-02-19	M	
18136	ОлександрВолодимировичСпіваковський.1957	Олександр	Володимирович	Співаковський	1957-03-28	M	
18137	ІванДмитровичСпориш.1959	Іван	Дмитрович	Спориш	1959-07-08	M	
18138	ВіталійФилимоновичСташук.1972	Віталій	Филимонович	Сташук	1972-10-15	M	
18220	ДмитроОлександровичСтеценко.1987	Дмитро	Олександрович	Стеценко	1987-11-06	M	
17379	ДмитроАнатолійовичСторожук.1985	Дмитро	Анатолійович	Сторожук	1985-11-12	M	
18139	ОлександрЛеонідовичСугоняко.1958	Олександр	Леонідович	Сугоняко	1958-01-08	M	
11097	ОлександрІвановичСупруненко.1971	Олександр	Іванович	Супруненко	1971-01-31	M	
11999	ІринаМиколаївнаСуслова.1988	Ірина	Миколаївна	Суслова	1988-08-05	F	
17948	ВікторіяПетрівнаСюмар.1977	Вікторія	Петрівна	Сюмар	1977-10-23	F	
18142	ГригорійІвановичТіміш.1970	Григорій	Іванович	Тіміш	1970-12-11	M	
18140	СергійОлексійовичТарута.1955	Сергій	Олексійович	Тарута	1955-07-23	M	
17947	АндрійАнатолійовичТетерук.1973	Андрій	Анатолійович	Тетерук	1973-05-15	M	
1792	ЮліяВолодимирівнаТимошенко.1960	Юлія	Володимирівна	Тимошенко	1960-11-27	F	
18141	ЮрійВолодимировичТимошенко.1961	Юрій	Володимирович	Тимошенко	1961-04-03	M	
17950	ДмитроБорисовичТимчук.1972	Дмитро	Борисович	Тимчук	1972-06-27	M	
5504	ОлександрЮрійовичТретьяков.1970	Олександр	Юрійович	Третьяков	1970-03-20	M	
17987	СергійМиколайовичТригубенко.1972	Сергій	Миколайович	Тригубенко	1972-03-06	M	
9540	ПавлоЯкимовичУнгурян.1979	Павло	Якимович	Унгурян	1979-11-12	M	
18143	ОлександрІгоровичУрбанський.1982	Олександр	Ігорович	Урбанський	1982-01-03	M	
18144	КостянтинГлібовичУсов.1988	Костянтин	Глібович	Усов	1988-07-09	M	
18145	БорисАльбертовичФілатов.1972	Борис	Альбертович	Філатов	1972-03-07	M	
9684	ІринаВасилівнаФріз.1974	Ірина	Василівна	Фріз	1974-09-25	F	
18146	МиколаОлександровичФролов.1959	Микола	Олександрович	Фролов	1959-01-09	M	
18147	СергійВолодимировичХлань.1972	Сергій	Володимирович	Хлань	1972-06-29	M	
7741	ГеннадійЛеонідовичЧекіта.1966	Геннадій	Леонідович	Чекіта	1966-07-17	M	
8715	ВіталійМихайловичЧепинога.1969	Віталій	Михайлович	Чепинога	1969-05-28	M	
17989	ОльгаВалеріївнаЧервакова.1975	Ольга	Валеріївна	Червакова	1975-04-06	F	
17979	ОлександрМиколайовичЧерненко.1976	Олександр	Миколайович	Черненко	1976-02-26	M	
18218	ЮрійВасильовичЧижмарь.1974	Юрій	Васильович	Чижмарь	1974-10-27	M	
17946	ТетянаМиколаївнаЧорновол.1979	Тетяна	Миколаївна	Чорновол	1979-06-04	F	
2340	РефатАбдурахмановичЧубаров.1957	Рефат	Абдурахманович	Чубаров	1957-09-22	M	
20106	СергійВолодимировичШахов.1975	Сергій	Володимирович	Шахов	1975-05-07	M	
19404	ГригорійАроновичШверк.1957	Григорій	Аронович	Шверк	1957-07-20	M	
20104	ВікторЛеонідовичШевченко.1980	Віктор	Леонідович	Шевченко	1980-12-04	M	
8473	АндрійВасильовичШинькович.1976	Андрій	Васильович	Шинькович	1976-03-02	M	
16532	АльонаІванівнаШкрум.1988	Альона	Іванівна	Шкрум	1988-01-02	F	
6548	ІгорМихайловичШурма.1958	Ігор	Михайлович	Шурма	1958-09-26	M	
18041	Юрій-БогданРомановичШухевич.1933	Юрій-Богдан	Романович	Шухевич	1933-03-28	M	
17980	НінаПетрівнаЮжаніна.1965	Ніна	Петрівна	Южаніна	1965-01-11	F	
19623	ТетянаЛеонідівнаЮзькова.1963	Тетяна	Леонідівна	Юзькова	1963-09-01	F	
18148	ТарасЗіновійовичЮрик.1980	Тарас	Зіновійович	Юрик	1980-12-09	M	
18149	ОксанаВасилівнаЮринець.1978	Оксана	Василівна	Юринець	1978-02-27	F	
18150	ПетроВасильовичЮрчишин.1958	Петро	Васильович	Юрчишин	1958-07-13	M	
18151	ВасильПетровичЯніцький.1973	Василь	Петрович	Яніцький	1973-01-14	M	
18152	КостянтинВолодимировичЯриніч.1970	Костянтин	Володимирович	Яриніч	1970-09-10	M	
18153	ДмитроАнатолійовичЯрош.1971	Дмитро	Анатолійович	Ярош	1971-09-30	M	
21110	РоманВалерійовичІванісов.1978	Роман	Валерійович	Іванісов	1978-11-02	M	
21112	ВолодимирІллічІванов.1982	Володимир	Ілліч	Іванов	1982-07-14	M	
21113	СергійКостянтиновичІонушас.1979	Сергій	Костянтинович	Іонушас	1979-10-18	M	
21114	ДмитроВалерійовичІсаєнко.1967	Дмитро	Валерійович	Ісаєнко	1967-08-30	M	
20964	ІгорОлександровичАбрамович.1984	Ігор	Олександрович	Абрамович	1984-08-24	M	
22522	АндрійАнатолійовичАксьонов.1971	Андрій	Анатолійович	Аксьонов	1971-02-02	M	
20965	ОлександрВасильовичАліксійчук.1981	Олександр	Васильович	Аліксійчук	1981-03-06	M	
20966	ІринаВалеріївнаАллахвердієва.1978	Ірина	Валеріївна	Аллахвердієва	1978-08-26	F	
20967	МихайлоОлеговичАнанченко.1994	Михайло	Олегович	Ананченко	1994-11-17	M	
20968	ЗіновійМирославовичАндрійович.1972	Зіновій	Мирославович	Андрійович	1972-01-10	M	
20970	ЮрійЮрійовичАрістов.1975	Юрій	Юрійович	Арістов	1975-07-01	M	
20969	ДавидГеоргійовичАрахамія.1979	Давид	Георгійович	Арахамія	1979-05-23	M	
20971	ОлегОлексійовичАрсенюк.1986	Олег	Олексійович	Арсенюк	1986-08-21	M	
20982	ЛарисаМиколаївнаБілозір.1981	Лариса	Миколаївна	Білозір	1981-09-24	F	
20975	РоманВячеславовичБабій.1977	Роман	Вячеславович	Бабій	1977-07-06	M	
20972	СергійВіталійовичБабак.1978	Сергій	Віталійович	Бабак	1978-07-31	M	
20974	МиколаВікторовичБабенко.1980	Микола	Вікторович	Бабенко	1980-09-17	M	
20976	ОлександрСергійовичБакумов.1989	Олександр	Сергійович	Бакумов	1989-04-25	M	
20977	ПавлоАндрійовичБакунець.1987	Павло	Андрійович	Бакунець	1987-07-10	M	
19958	МаринаОлегівнаБардіна.1992	Марина	Олегівна	Бардіна	1992-12-17	F	
20978	ВіталійЮрійовичБезгін.1990	Віталій	Юрійович	Безгін	1990-04-18	M	
20979	Мар’янаВолодимирівнаБезугла.1988	Мар’яна	Володимирівна	Безугла	1988-05-17	F	
20980	ЖанВенсановичБеленюк.1991	Жан	Венсанович	Беленюк	1991-01-24	M	
20981	МаксимЮрійовичБерезін.1984	Максим	Юрійович	Березін	1984-05-09	M	
20983	АндрійРостиславовичБоблях.1985	Андрій	Ростиславович	Боблях	1985-03-05	M	
20984	СоломіяАнатоліївнаБобровська.1989	Соломія	Анатоліївна	Бобровська	1989-12-20	F	
20985	АндрійВолодимировичБогданець.1983	Андрій	Володимирович	Богданець	1983-07-13	M	
20986	ЄлізаветаПетрівнаБогуцька.1964	Єлізавета	Петрівна	Богуцька	1964-04-14	F	
20987	ВалерійІвановичБожик.1971	Валерій	Іванович	Божик	1971-03-27	M	
20988	ГаннаВячеславівнаБондар.1975	Ганна	Вячеславівна	Бондар	1975-02-23	F	
20989	ОлегВолодимировичБондаренко.1975	Олег	Володимирович	Бондаренко	1975-11-03	M	
20990	ІринаНаумівнаБорзова.1982	Ірина	Наумівна	Борзова	1982-08-28	F	
20991	ВладиславВалерійовичБородін.1971	Владислав	Валерійович	Бородін	1971-06-18	M	
20992	ЄвгенійВадимовичБрагар.1994	Євгеній	Вадимович	Брагар	1994-05-30	M	
20993	МаксимАркадійовичБужанський.1974	Максим	Аркадійович	Бужанський	1974-11-24	M	
20994	ЛюдмилаАнатоліївнаБуймістер.1985	Людмила	Анатоліївна	Буймістер	1985-11-05	F	
20995	ЛадаВалентинівнаБулах.1976	Лада	Валентинівна	Булах	1976-02-11	F	
20996	СергійВалерійовичБунін.1971	Сергій	Валерійович	Бунін	1971-05-03	M	
20997	АнатолійПетровичБурміч.1962	Анатолій	Петрович	Бурміч	1962-08-13	M	
21921	ВолодимирМихайловичВ’ятрович.1977	Володимир	Михайлович	В’ятрович	1977-06-07	M	
21011	ОленаВасилівнаВінтоняк.1979	Олена	Василівна	Вінтоняк	1979-03-29	F	
22546	ВасильЯрославовичВірастюк.1974	Василь	Ярославович	Вірастюк	1974-04-22	M	
20998	ВікторіяОлександрівнаВагнєр.1981	Вікторія	Олександрівна	Вагнєр	1981-05-21	F	
11120	СвятославІвановичВакарчук.1975	Святослав	Іванович	Вакарчук	1975-05-14	M	
21001	ІгорВолодимировичВасилів.1979	Ігор	Володимирович	Василів	1979-11-16	M	
20999	ОльгаМихайлівнаВасилевська-Смаглюк.1985	Ольга	Михайлівна	Василевська-Смаглюк	1985-06-23	F	
21000	ЛесяВолодимирівнаВасиленко.1987	Леся	Володимирівна	Василенко	1987-03-31	F	
21002	ІгорСергійовичВасильєв.1984	Ігор	Сергійович	Васильєв	1984-08-25	M	
21003	ІгорІгоровичВасильковський.1985	Ігор	Ігорович	Васильковський	1985-03-31	M	
21004	ГалинаІванівнаВасильченко.1983	Галина	Іванівна	Васильченко	1983-10-24	F	
21005	ВолодимирАнтоновичВатрас.1980	Володимир	Антонович	Ватрас	1980-02-12	M	
21006	ГеннадійАнатолійовичВацак.1972	Геннадій	Анатолійович	Вацак	1972-02-09	M	
21007	СергійАнатолійовичВельможний.1976	Сергій	Анатолійович	Вельможний	1976-06-25	M	
21009	ФедірВолодимировичВеніславський.1969	Федір	Володимирович	Веніславський	1969-05-16	M	
21008	ІринаВалентинівнаВенедіктова.1978	Ірина	Валентинівна	Венедіктова	1978-09-21	F	
21010	ІринаАндріївнаВерещук.1979	Ірина	Андріївна	Верещук	1979-11-30	F	
22672	ВіталійОлександровичВойцехівський.1967	Віталій	Олександрович	Войцехівський	1967-07-04	M	
5417	МихайлоЯковичВолинець.1956	Михайло	Якович	Волинець	1956-10-30	M	
21012	Дар’яАртемівнаВолодіна.1991	Дар’я	Артемівна	Володіна	1991-04-16	F	
21013	ОлегАнатолійовичВолошин.1981	Олег	Анатолійович	Волошин	1981-04-07	M	
21014	ВолодимирАнатолійовичВоронов.1978	Володимир	Анатолійович	Воронов	1978-08-23	M	
21015	ОлегЄвгенійовичВоронько.1974	Олег	Євгенійович	Воронько	1974-05-15	M	
21016	ОлександрВасильовичГайду.1976	Олександр	Васильович	Гайду	1976-01-28	M	
21017	ВадимСергійовичГалайчук.1971	Вадим	Сергійович	Галайчук	1971-02-14	M	
21018	МиколаЛеонідовичГалушко.1979	Микола	Леонідович	Галушко	1979-12-05	M	
21019	ВолодимирЛеонідовичГевко.1975	Володимир	Леонідович	Гевко	1975-08-20	M	
21020	ІгорЛеонідовичГерасименко.1984	Ігор	Леонідович	Герасименко	1984-01-05	M	
21021	ДенисВадимовичГерман.1981	Денис	Вадимович	Герман	1981-09-08	M	
21022	АндрійМихайловичГерус.1982	Андрій	Михайлович	Герус	1982-03-18	M	
21023	ДанилоОлександровичГетманцев.1978	Данило	Олександрович	Гетманцев	1978-04-26	M	
21024	ВалерійСергійовичГнатенко.1967	Валерій	Сергійович	Гнатенко	1967-02-03	M	
21025	РусланОлександровичГорбенко.1979	Руслан	Олександрович	Горбенко	1979-03-12	M	
21026	ОлександрОлександровичГоренюк.1991	Олександр	Олександрович	Горенюк	1991-08-08	M	
14603	ОлександрСергійовичГоробець.1978	Олександр	Сергійович	Горобець	1978-02-15	M	
21027	ВікторіяОлександрівнаГриб.1968	Вікторія	Олександрівна	Гриб	1968-06-19	F	
21028	СергійДмитровичГривко.1985	Сергій	Дмитрович	Гривко	1985-12-12	M	
21029	ОксанаАнатоліївнаГринчук.1979	Оксана	Анатоліївна	Гринчук	1979-06-20	F	
21327	ЮліяМиколаївнаГришина.1978	Юлія	Миколаївна	Гришина	1978-06-16	F	
21030	ТетянаМиколаївнаГрищенко.1979	Тетяна	Миколаївна	Грищенко	1979-08-27	F	
21031	РоманПавловичГрищук.1989	Роман	Павлович	Грищук	1989-08-27	M	
21032	МаксимВасильовичГузенко.1981	Максим	Васильович	Гузенко	1981-06-08	M	
22310	АнатолійГригоровичГунько.1976	Анатолій	Григорович	Гунько	1976-03-12	M	
21033	ДмитроОлександровичГурін.1982	Дмитро	Олександрович	Гурін	1982-03-24	M	
21036	ЮліяОлександрівнаДіденко.1978	Юлія	Олександрівна	Діденко	1978-05-08	F	
21034	ОлександрАнатолійовичДануца.1980	Олександр	Анатолійович	Дануца	1980-01-29	M	
21035	СергійОлексійовичДемченко.1976	Сергій	Олексійович	Демченко	1976-03-13	M	
8358	МаксимЄвгеновичДирдін.1982	Максим	Євгенович	Дирдін	1982-10-11	M	
21037	ОксанаОлександрівнаДмитрієва.1980	Оксана	Олександрівна	Дмитрієва	1980-04-26	F	
21038	АртемГеннадійовичДмитрук.1993	Артем	Геннадійович	Дмитрук	1993-06-28	M	
21039	АнатолійГригоровичДрабовський.1958	Анатолій	Григорович	Драбовський	1958-08-01	M	
21040	ОлександрАнатолійовичДубінський.1981	Олександр	Анатолійович	Дубінський	1981-04-18	M	
21041	АртемВасильовичДубнов.1988	Артем	Васильович	Дубнов	1988-08-30	M	
21042	ОлегАндрійовичДунда.1980	Олег	Андрійович	Дунда	1980-03-06	M	
21043	ЯрославІвановичЖелезняк.1989	Ярослав	Іванович	Железняк	1989-10-20	M	
15304	ОлексійСергійовичЖмеренецький.1986	Олексій	Сергійович	Жмеренецький	1986-10-28	M	
21044	АндрійВікторовичЖупанин.1989	Андрій	Вікторович	Жупанин	1989-07-19	M	
21106	ЯнаВадимівнаЗінкевич.1995	Яна	Вадимівна	Зінкевич	1995-07-02	F	
21045	Мар’янБогдановичЗаблоцький.1985	Мар’ян	Богданович	Заблоцький	1985-09-21	M	
21046	МихайлоВіталійовичЗабродський.1973	Михайло	Віталійович	Забродський	1973-01-24	M	
21047	ЛесяВалентинівнаЗабуранна.1981	Леся	Валентинівна	Забуранна	1981-08-22	F	
21048	ОлександрМихайловичЗавітневич.1973	Олександр	Михайлович	Завітневич	1973-04-19	M	
21049	ЮрійІвановичЗагородній.1959	Юрій	Іванович	Загородній	1959-05-07	M	
10826	АлінаЛеонідівнаЗагоруйко.1984	Аліна	Леонідівна	Загоруйко	1984-04-11	F	
21101	МиколаМиколайовичЗадорожній.1984	Микола	Миколайович	Задорожній	1984-12-05	M	
21050	АндрійВікторовичЗадорожний.1968	Андрій	Вікторович	Задорожний	1968-05-21	M	
21102	МаксимВалентиновичЗаремський.1991	Максим	Валентинович	Заремський	1991-09-26	M	
21103	ЮрійІвановичЗаславський.1982	Юрій	Іванович	Заславський	1982-03-06	M	
21104	ВолодимирВасильовичЗахарченко.1971	Володимир	Васильович	Захарченко	1971-01-27	M	
21105	ЮрійВікторовичЗдебський.1972	Юрій	Вікторович	Здебський	1972-12-24	M	
21108	МаксимСергійовичЗуєв.1982	Максим	Сергійович	Зуєв	1982-04-14	M	
21107	ВалерійОлексійовичЗуб.1970	Валерій	Олексійович	Зуб	1970-03-04	M	
21132	ВікторіяОлександрівнаКінзбурська.1980	Вікторія	Олександрівна	Кінзбурська	1980-10-23	F	
13942	ІгорПетровичКісільов.1984	Ігор	Петрович	Кісільов	1984-12-02	M	
21133	ЮрійГригоровичКісєль.1963	Юрій	Григорович	Кісєль	1963-02-28	M	
21115	ОлександрЄвгенійовичКабанов.1973	Олександр	Євгенійович	Кабанов	1973-08-06	M	
21117	ВолодимирВікторовичКабаченко.1987	Володимир	Вікторович	Кабаченко	1987-07-01	M	
21326	ІванРомановичКалаур.1968	Іван	Романович	Калаур	1968-07-04	M	
12612	ВолодимирФедоровичКальцев.1966	Володимир	Федорович	Кальцев	1966-06-16	M	
21120	СергійВіталійовичКальченко.1964	Сергій	Віталійович	Кальченко	1964-12-30	M	
21122	ЮрійОлександровичКамельчук.1980	Юрій	Олександрович	Камельчук	1980-02-12	M	
21124	РоманВолодимировичКаптєлов.1980	Роман	Володимирович	Каптєлов	1980-03-16	M	
21125	ГеннадійОлександровичКасай.1972	Геннадій	Олександрович	Касай	1972-11-28	M	
21126	КостянтинІвановичКасай.1979	Костянтин	Іванович	Касай	1979-09-27	M	
17457	ОлександрСталіноленовичКачний.1968	Олександр	Сталіноленович	Качний	1968-10-23	M	
21127	ОлександрАнатолійовичКачура.1990	Олександр	Анатолійович	Качура	1990-08-18	M	
21128	ІлляВолодимировичКива.1977	Ілля	Володимирович	Кива	1977-06-02	M	
21129	МиколаОлександровичКириченко.1983	Микола	Олександрович	Кириченко	1983-12-12	M	
21130	ДмитроДавидовичКисилевський.1983	Дмитро	Давидович	Кисилевський	1983-04-23	M	
21131	БогданВікторовичКицак.1992	Богдан	Вікторович	Кицак	1992-09-02	M	
21134	ЮліяЛеонідівнаКлименко.1976	Юлія	Леонідівна	Клименко	1976-10-05	F	
21135	АндрійАндрійовичКлочко.1981	Андрій	Андрійович	Клочко	1981-03-16	M	
21136	АннаМиколаївнаКоваленко.1991	Анна	Миколаївна	Коваленко	1991-05-05	F	
21137	ОльгаВолодимирівнаКоваль.1991	Ольга	Володимирівна	Коваль	1991-06-17	F	
21138	АртемВолодимировичКовальов.1984	Артем	Володимирович	Ковальов	1984-03-02	M	
21140	ОлексійІвановичКовальов.1989	Олексій	Іванович	Ковальов	1989-01-19	M	
21139	ОлександрІвановичКовальов.1967	Олександр	Іванович	Ковальов	1967-10-07	M	
14168	ОлександрВолодимировичКовальчук.1974	Олександр	Володимирович	Ковальчук	1974-02-05	M	
16818	ВолодимирВасильовичКозак.1984	Володимир	Васильович	Козак	1984-06-09	M	
22671	СергійВ’ячеславовичКозир.1984	Сергій	В’ячеславович	Козир	1984-06-20	M	
21144	АннаСергіївнаКолісник.1994	Анна	Сергіївна	Колісник	1994-10-24	F	
21142	ОлегВікторовичКолєв.1973	Олег	Вікторович	Колєв	1973-05-09	M	
21141	СергійВалерійовичКолебошин.1977	Сергій	Валерійович	Колебошин	1977-11-22	M	
21143	ІгорВікторовичКолихаєв.1971	Ігор	Вікторович	Колихаєв	1971-05-08	M	
21149	ОлександрСергійовичКолтунович.1987	Олександр	Сергійович	Колтунович	1987-11-04	M	
21150	ВалерійВікторовичКолюх.1973	Валерій	Вікторович	Колюх	1973-04-18	M	
21151	ОленаЄвгенівнаКопанчук.1978	Олена	Євгенівна	Копанчук	1978-11-01	F	
129	ОлександрЛюбимовичКопиленко.1961	Олександр	Любимович	Копиленко	1961-06-26	M	
21152	ІгорВолодимировичКопитін.1981	Ігор	Володимирович	Копитін	1981-02-12	M	
21153	ОлександрСергійовичКорнієнко.1984	Олександр	Сергійович	Корнієнко	1984-05-12	M	
21154	ЮрійВалерійовичКорявченков.1974	Юрій	Валерійович	Корявченков	1974-11-26	M	
21156	АндрійЄвгеновичКостін.1973	Андрій	Євгенович	Костін	1973-04-17	M	
21155	РоманВасильовичКостенко.1983	Роман	Васильович	Костенко	1983-10-21	M	
22670	СергійВолодимировичКострійчук.1985	Сергій	Володимирович	Кострійчук	1985-06-07	M	
21157	ДмитроСергійовичКостюк.1993	Дмитро	Сергійович	Костюк	1993-06-01	M	
21158	АнатолійВячеславовичКостюх.1988	Анатолій	Вячеславович	Костюх	1988-03-25	M	
21159	ЄвгеніяМихайлівнаКравчук.1985	Євгенія	Михайлівна	Кравчук	1985-12-23	F	
21161	ОлексійІгоровичКрасов.1987	Олексій	Ігорович	Красов	1987-11-13	M	
21162	ВолодимирВікторовичКрейденко.1987	Володимир	Вікторович	Крейденко	1987-05-08	M	
21163	ОленаВолодимирівнаКриворучкіна.1971	Олена	Володимирівна	Криворучкіна	1971-10-18	F	
21164	ІгорСергійовичКривошеєв.1985	Ігор	Сергійович	Кривошеєв	1985-06-02	M	
21165	ВладиславАртуровичКриклій.1986	Владислав	Артурович	Криклій	1986-11-23	M	
21166	МихайлоВалерійовичКрячко.1980	Михайло	Валерійович	Крячко	1980-05-24	M	
21167	ОлександрМиколайовичКубраков.1982	Олександр	Миколайович	Кубраков	1982-08-20	M	
21168	ЮрійМихайловичКузбит.1977	Юрій	Михайлович	Кузбит	1977-03-29	M	
21169	ОлексійОлександровичКузнєцов.1979	Олексій	Олександрович	Кузнєцов	1979-12-02	M	
21170	РенатРавелійовичКузьмін.1967	Ренат	Равелійович	Кузьмін	1967-07-12	M	
21171	СергійВолодимировичКузьміних.1983	Сергій	Володимирович	Кузьміних	1983-01-17	M	
21172	АртемВалерійовичКультенко.1984	Артем	Валерійович	Культенко	1984-01-08	M	
21173	АртемЮрійовичКунаєв.1992	Артем	Юрійович	Кунаєв	1992-04-29	M	
21174	ОлександрОлеговичКуницький.1983	Олександр	Олегович	Куницький	1983-08-25	M	
21175	ОлексійВолодимировичКучер.1985	Олексій	Володимирович	Кучер	1985-03-23	M	
2287	ОлексійЮрійовичКучеренко.1961	Олексій	Юрійович	Кучеренко	1961-04-03	M	
21190	ОлександрМиколайовичЛітвінов.1972	Олександр	Миколайович	Літвінов	1972-01-21	M	
21191	ГаннаВасилівнаЛічман.1978	Ганна	Василівна	Лічман	1978-01-31	F	
21176	МихайлоМихайловичЛаба.1975	Михайло	Михайлович	Лаба	1975-10-29	M	
21185	ОлексійОлександровичЛеонов.1983	Олексій	Олександрович	Леонов	1983-02-26	M	
21186	ГеоБагратовичЛерос.1989	Гео	Багратович	Лерос	1989-04-24	M	
21187	ОленаГеоргіївнаЛис.1971	Олена	Георгіївна	Лис	1971-06-15	F	
21189	СергійАнатолійовичЛитвиненко.1968	Сергій	Анатолійович	Литвиненко	1968-02-15	M	
21192	РоманМихайловичЛозинський.1994	Роман	Михайлович	Лозинський	1994-01-20	M	
21193	ОлександрАнатолійовичЛукашев.1976	Олександр	Анатолійович	Лукашев	1976-04-01	M	
21194	ДмитроВалерійовичЛюбота.1981	Дмитро	Валерійович	Любота	1981-01-09	M	
21195	АнастасіяОлексіївнаЛяшенко.1986	Анастасія	Олексіївна	Ляшенко	1986-11-07	F	
21252	ВікторНичипоровичМ’ялик.1979	Віктор	Ничипорович	М’ялик	1979-05-10	M	
21237	СергійАнатолійовичМінько.1973	Сергій	Анатолійович	Мінько	1973-09-20	M	
21196	СергійВасильовичМагера.1956	Сергій	Васильович	Магера	1956-11-08	M	
21197	МусаСергоєвичМагомедов.1970	Муса	Сергоєвич	Магомедов	1970-04-07	M	
21198	ГеоргійГеоргійовичМазурашу.1971	Георгій	Георгійович	Мазурашу	1971-04-17	M	
21199	МихайлоВасильовичМакаренко.1950	Михайло	Васильович	Макаренко	1950-04-09	M	
21200	ОлегАнатолійовичМакаров.1965	Олег	Анатолійович	Макаров	1965-07-24	M	
21202	ДенисЛеонтійовичМалюська.1981	Денис	Леонтійович	Малюська	1981-11-19	M	
21203	ГригорійМиколайовичМамка.1974	Григорій	Миколайович	Мамка	1974-08-18	M	
21217	СутоЧолоєвичМамоян.1981	Суто	Чолоєвич	Мамоян	1981-12-02	M	
21932	СергійВолодимировичМандзій.1974	Сергій	Володимирович	Мандзій	1974-11-28	M	
21218	ОлександрВалерійовичМаріковський.1982	Олександр	Валерійович	Маріковський	1982-09-18	M	
21219	ОлегРомановичМарусяк.1968	Олег	Романович	Марусяк	1968-09-24	M	
21220	ЛюдмилаІванівнаМарченко.1983	Людмила	Іванівна	Марченко	1983-03-28	F	
21221	ІгорПетровичМарчук.1969	Ігор	Петрович	Марчук	1969-02-17	M	
22163	ДенисВячеславовичМаслов.1983	Денис	Вячеславович	Маслов	1983-08-01	M	
21223	ОлександрБорисовичМатусевич.1974	Олександр	Борисович	Матусевич	1974-03-20	M	
1934	ВікторВолодимировичМедведчук.1954	Віктор	Володимирович	Медведчук	1954-08-07	M	
21226	В’ячеславАнатолійовичМедяник.1987	В’ячеслав	Анатолійович	Медяник	1987-08-03	M	
21228	МаріяСергіївнаМезенцева.1989	Марія	Сергіївна	Мезенцева	1989-12-10	F	
21230	ОлегЛеонідовичМейдич.1970	Олег	Леонідович	Мейдич	1970-11-24	M	
21231	ПавлоВікторовичМельник.1984	Павло	Вікторович	Мельник	1984-06-26	M	
21232	ОлександрОлександровичМережко.1971	Олександр	Олександрович	Мережко	1971-02-14	M	
21233	ДмитроСергійовичМикиша.1985	Дмитро	Сергійович	Микиша	1985-09-04	M	
21234	ЮрійМихайловичМисягін.1974	Юрій	Михайлович	Мисягін	1974-03-21	M	
21236	ГалинаОлегівнаМихайлюк.1987	Галина	Олегівна	Михайлюк	1987-06-14	F	
21238	ОлексійВасильовичМовчан.1994	Олексій	Васильович	Мовчан	1994-02-12	M	
21239	ВасильІвановичМокан.1985	Василь	Іванович	Мокан	1985-04-19	M	
21241	ДенисАнатолійовичМонастирський.1980	Денис	Анатолійович	Монастирський	1980-06-12	M	
21243	ВолодимирВікторовичМороз.1967	Володимир	Вікторович	Мороз	1967-10-24	M	
21244	АндрійВікторовичМотовиловець.1982	Андрій	Вікторович	Мотовиловець	1982-04-29	M	
21246	ОленаВолодимирівнаМошенець.1983	Олена	Володимирівна	Мошенець	1983-03-06	F	
21248	РоманМироновичМулик.1973	Роман	Миронович	Мулик	1973-06-18	M	
21250	ІгорЮрійовичМурдій.1982	Ігор	Юрійович	Мурдій	1982-08-08	M	
21261	МаринаВікторівнаНікітіна.1986	Марина	Вікторівна	Нікітіна	1986-04-16	F	
21262	АндрійІвановичНіколаєнко.1979	Андрій	Іванович	Ніколаєнко	1979-06-23	M	
21254	АртемСергійовичНагаєвський.1983	Артем	Сергійович	Нагаєвський	1983-01-24	M	
21255	СергійВолодимировичНагорняк.1982	Сергій	Володимирович	Нагорняк	1982-05-13	M	
21256	ДмитроОлександровичНальотов.1985	Дмитро	Олександрович	Нальотов	1985-04-28	M	
21257	ДмитроАндрійовичНаталуха.1987	Дмитро	Андрійович	Наталуха	1987-09-15	M	
21258	ІгорПетровичНегулевський.1983	Ігор	Петрович	Негулевський	1983-12-06	M	
21259	ВладленМихайловичНеклюдов.1973	Владлен	Михайлович	Неклюдов	1973-10-13	M	
21260	КириллОлександровичНестеренко.1993	Кирилл	Олександрович	Нестеренко	1993-02-08	M	
21263	МихайлоМиколайовичНовіков.1965	Михайло	Миколайович	Новіков	1965-11-15	M	
21264	ГаннаІгорівнаНовосад.1990	Ганна	Ігорівна	Новосад	1990-07-28	F	
21242	ЮліяЮріївнаОвчинникова.1985	Юлія	Юріївна	Овчинникова	1985-03-24	F	
21245	АндрійМиколайовичОдарченко.1978	Андрій	Миколайович	Одарченко	1978-11-02	M	
21247	ОлексійАнатолійовичОржель.1984	Олексій	Анатолійович	Оржель	1984-01-26	M	
21249	АндрійПетровичОсадчук.1971	Андрій	Петрович	Осадчук	1971-11-20	M	
21324	АнатолійДмитровичОстапенко.1968	Анатолій	Дмитрович	Остапенко	1968-02-01	M	
21269	РоксоланаАндріївнаПідласа.1994	Роксолана	Андріївна	Підласа	1994-01-25	F	
21270	НаталіяРоманівнаПіпа.1983	Наталія	Романівна	Піпа	1983-10-12	F	
21216	ПавлоВасильовичПавліш.1979	Павло	Васильович	Павліш	1979-12-10	M	
21235	ПетроІвановичПавловський.1981	Петро	Іванович	Павловський	1981-10-15	M	
21240	МаксимВасильовичПавлюк.1992	Максим	Васильович	Павлюк	1992-06-03	M	
21251	ОлександрСтаніславовичПасічний.1972	Олександр	Станіславович	Пасічний	1972-11-03	M	
21253	МаксимІгоровичПашковський.1983	Максим	Ігорович	Пашковський	1983-03-24	M	
21265	МаксимВікторовичПеребийніс.1974	Максим	Вікторович	Перебийніс	1974-12-11	M	
21266	ЄвгенВасильовичПетруняк.1977	Євген	Васильович	Петруняк	1977-07-24	M	
21267	ЄвгенПавловичПивоваров.1978	Євген	Павлович	Пивоваров	1978-11-04	M	
17473	ТетянаМихайлівнаПлачкова.1983	Тетяна	Михайлівна	Плачкова	1983-01-05	F	
21271	ВікторіяВалентинівнаПодгорна.1969	Вікторія	Валентинівна	Подгорна	1969-02-10	F	
21272	ВладіславМиколайовичПоляк.1975	Владіслав	Миколайович	Поляк	1975-08-10	M	
21273	АнтонЕдуардовичПоляков.1987	Антон	Едуардович	Поляков	1987-11-11	M	
21274	МикитаРуслановичПотураєв.1970	Микита	Русланович	Потураєв	1970-09-04	M	
21275	ДмитроСергійовичПрипутень.1986	Дмитро	Сергійович	Припутень	1986-05-23	M	
21282	БорисВікторовичПриходько.1973	Борис	Вікторович	Приходько	1973-01-23	M	
13764	НаталіяІгорівнаПриходько.1981	Наталія	Ігорівна	Приходько	1981-10-29	F	
21276	ЕдуардПетровичПрощук.1982	Едуард	Петрович	Прощук	1982-02-19	M	
21278	АндрійВікторовичПузійчук.1978	Андрій	Вікторович	Пузійчук	1978-06-13	M	
21277	ОлександрГеннадійовичПузанов.1977	Олександр	Геннадійович	Пузанов	1977-02-26	M	
21279	АннаАнатоліївнаПуртова.1982	Анна	Анатоліївна	Пуртова	1982-04-15	F	
20772	АрсенійМихайловичПушкаренко.1992	Арсеній	Михайлович	Пушкаренко	1992-10-10	M	
21207	ЕллаАнатоліївнаРєпіна.1973	Елла	Анатоліївна	Рєпіна	1973-11-17	F	
21160	АнастасіяОлегівнаРадіна.1984	Анастасія	Олегівна	Радіна	1984-06-23	F	
21204	МихайлоБорисовичРадуцький.1968	Михайло	Борисович	Радуцький	1968-12-05	M	
21205	ДмитроОлександровичРазумков.1983	Дмитро	Олександрович	Разумков	1983-10-08	M	
21206	СергійІвановичРахманін.1969	Сергій	Іванович	Рахманін	1969-04-17	M	
21208	ВячеславВолодимировичРубльов.1979	Вячеслав	Володимирович	Рубльов	1979-02-25	M	
21328	ОльгаСергіївнаРуденко.1979	Ольга	Сергіївна	Руденко	1979-05-29	F	
21209	КіраОлександрівнаРудик.1985	Кіра	Олександрівна	Рудик	1985-10-14	F	
21213	ЯрославІвановичРущишин.1967	Ярослав	Іванович	Рущишин	1967-10-29	M	
21094	ОльгаСтаніславівнаСавченко.1989	Ольга	Станіславівна	Савченко	1989-06-07	F	
21095	ОксанаВасилівнаСавчук.1983	Оксана	Василівна	Савчук	1983-03-20	F	
21098	ОлександрВ’ячеславовичСалійчук.1987	Олександр	В’ячеславович	Салійчук	1987-02-25	M	
21096	ОльгаВалеріївнаСаладуха.1983	Ольга	Валеріївна	Саладуха	1983-06-04	F	
21097	ОрестІгоровичСаламаха.1991	Орест	Ігорович	Саламаха	1991-03-25	M	
21986	ОлександрВолодимировичСанченко.1988	Олександр	Володимирович	Санченко	1988-09-11	M	
22103	ЮліяОлександрівнаСвітлична.1984	Юлія	Олександрівна	Світлична	1984-06-06	F	
11432	СергійСергійовичСеверин.1980	Сергій	Сергійович	Северин	1980-06-20	M	
21100	ОлегВалерійовичСемінський.1973	Олег	Валерійович	Семінський	1973-12-20	M	
21145	ОлегМихайловичСинютка.1970	Олег	Михайлович	Синютка	1970-02-14	M	
21146	ОлександрОлександровичСкічко.1991	Олександр	Олександрович	Скічко	1991-04-28	M	
21147	АннаКостянтинівнаСкороход.1990	Анна	Костянтинівна	Скороход	1990-01-14	F	
21214	ТетянаВасилівнаСкрипка.1984	Тетяна	Василівна	Скрипка	1984-12-31	F	
21148	АнтонінаКеримівнаСлавицька.1988	Антоніна	Керимівна	Славицька	1988-04-30	F	
21177	ОлександрГеоргійовичСова.1972	Олександр	Георгійович	Сова	1972-05-29	M	
21178	ОльгаВолодимирівнаСовгиря.1980	Ольга	Володимирівна	Совгиря	1980-08-06	F	
21179	ІннаРоманівнаСовсун.1984	Інна	Романівна	Совсун	1984-09-21	F	
21180	ДмитроВікторовичСоломчук.1980	Дмитро	Вікторович	Соломчук	1980-10-01	M	
21181	МиколаТарасовичСольський.1979	Микола	Тарасович	Сольський	1979-05-22	M	
21182	РоманВасильовичСоха.1975	Роман	Васильович	Соха	1975-10-18	M	
21183	ВалерійОлександровичСтернійчук.1981	Валерій	Олександрович	Стернійчук	1981-06-18	M	
21184	ОльгаАнатоліївнаСтефанишина.1983	Ольга	Анатоліївна	Стефанишина	1983-05-14	F	
21210	МиколаОлексійовичСтефанчук.1981	Микола	Олексійович	Стефанчук	1981-05-04	M	
21211	РусланОлексійовичСтефанчук.1975	Руслан	Олексійович	Стефанчук	1975-10-29	M	
13687	ВадимМихайловичСтолар.1982	Вадим	Михайлович	Столар	1982-08-10	M	
21222	АндрійПетровичСтріхарський.1981	Андрій	Петрович	Стріхарський	1981-08-04	M	
21224	ВадимОлеговичСтруневич.1982	Вадим	Олегович	Струневич	1982-11-24	M	
2272	ГригорійМихайловичСуркіс.1949	Григорій	Михайлович	Суркіс	1949-09-04	M	
21227	ОлександрСергійовичСухов.1984	Олександр	Сергійович	Сухов	1984-05-20	M	
21229	ПавлоМиколайовичСушко.1979	Павло	Миколайович	Сушко	1979-11-16	M	
21093	РостиславЯрославовичТістик.1993	Ростислав	Ярославович	Тістик	1993-10-09	M	
21086	ТарасПетровичТарасенко.1980	Тарас	Петрович	Тарасенко	1980-07-26	M	
21088	ОлегСергійовичТарасов.1984	Олег	Сергійович	Тарасов	1984-02-26	M	
21089	ВолодимирЯрославовичТимофійчук.1986	Володимир	Ярославович	Тимофійчук	1986-02-17	M	
21091	МиколаМиколайовичТищенко.1972	Микола	Миколайович	Тищенко	1972-05-17	M	
21109	МаксимМиколайовичТкаченко.1983	Максим	Миколайович	Ткаченко	1983-01-24	M	
21111	ОлександрВладиславовичТкаченко.1966	Олександр	Владиславович	Ткаченко	1966-01-22	M	
21116	ОлександрМихайловичТкаченко.1984	Олександр	Михайлович	Ткаченко	1984-06-15	M	
21118	БогданГригоровичТорохтій.1984	Богдан	Григорович	Торохтій	1984-06-09	M	
21119	РусланВалерійовичТребушкін.1975	Руслан	Валерійович	Требушкін	1975-11-27	M	
21121	ГалинаМиколаївнаТретьякова.1963	Галина	Миколаївна	Третьякова	1963-01-21	F	
21201	ОлександрМиколайовичТрухін.1986	Олександр	Миколайович	Трухін	1986-11-10	M	
21085	РустемЕнверовичУмєров.1982	Рустем	Енверович	Умєров	1982-04-19	M	
21087	АнатолійІгоровичУрбанський.1975	Анатолій	Ігорович	Урбанський	1975-06-21	M	
21092	ОлександраЮріївнаУстінова.1985	Олександра	Юріївна	Устінова	1985-10-02	F	
21090	ОлексійОлеговичУстенко.1994	Олексій	Олегович	Устенко	1994-04-07	M	
21080	ОлександрПавловичФедієнко.1972	Олександр	Павлович	Федієнко	1972-04-20	M	
21079	СофіяРоманівнаФедина.1984	Софія	Романівна	Федина	1984-02-18	F	
21082	МихайлоАльбертовичФедоров.1991	Михайло	Альбертович	Федоров	1991-01-21	M	
21084	ІгорПавловичФріс.1973	Ігор	Павлович	Фріс	1973-09-29	M	
8671	ПавлоВалерійовичФролов.1976	Павло	Валерійович	Фролов	1976-09-01	M	
21078	ПавлоВіталійовичХалімон.1983	Павло	Віталійович	Халімон	1983-06-10	M	
21081	АндрійІвановичХолодов.1972	Андрій	Іванович	Холодов	1972-08-20	M	
21281	ОленаВікторівнаХоменко.1975	Олена	Вікторівна	Хоменко	1975-12-07	F	
21083	ФедірВолодимировичХристенко.1983	Федір	Володимирович	Христенко	1983-10-11	M	
21076	ВолодимирВолодимировичЦабаль.1985	Володимир	Володимирович	Цабаль	1985-04-25	M	
12619	ТетянаВікторівнаЦиба.1977	Тетяна	Вікторівна	Циба	1977-04-15	F	
21077	МихайлоМихайловичЦимбалюк.1964	Михайло	Михайлович	Цимбалюк	1964-11-21	M	
21066	ІванАдамовичЧайківський.1972	Іван	Адамович	Чайківський	1972-05-29	M	
21068	ЄгорВолодимировичЧернєв.1985	Єгор	Володимирович	Чернєв	1985-02-05	M	
21069	СтепанМиколайовичЧернявський.1973	Степан	Миколайович	Чернявський	1973-05-04	M	
21071	АхтемЗейтуллайовичЧийгоз.1964	Ахтем	Зейтуллайович	Чийгоз	1964-12-14	M	
8314	ВікторІвановичЧорний.1968	Віктор	Іванович	Чорний	1968-04-06	M	
21072	ДмитроСергійовичЧорний.1989	Дмитро	Сергійович	Чорний	1989-10-14	M	
21074	АртемОлеговичЧорноморов.1988	Артем	Олегович	Чорноморов	1988-03-10	M	
22298	АндрійАндрійовичШараськін.1977	Андрій	Андрійович	Шараськін	1977-09-20	M	
22604	АнтонОлексійовичШвачко.1992	Антон	Олексійович	Швачко	1992-12-11	M	
21059	СергійФедоровичШвець.1976	Сергій	Федорович	Швець	1976-06-13	M	
21062	ЄвгенійВолодимировичШевченко.1972	Євгеній	Володимирович	Шевченко	1972-05-04	M	
21064	ІванАнатолійовичШинкаренко.1986	Іван	Анатолійович	Шинкаренко	1986-10-01	M	
21065	ОстапІгоровичШипайло.1989	Остап	Ігорович	Шипайло	1989-01-07	M	
21067	МаргаритаВіталіївнаШол.1988	Маргарита	Віталіївна	Шол	1988-09-15	F	
21070	ЛюбовОлександрівнаШпак.1980	Любов	Олександрівна	Шпак	1980-07-19	F	
21073	СергійСергійовичШтепа.1990	Сергій	Сергійович	Штепа	1990-04-30	M	
21075	ОленаОлексіївнаШуляк.1976	Олена	Олексіївна	Шуляк	1976-01-24	F	
21060	ІванСергійовичЮнаков.1984	Іван	Сергійович	Юнаков	1984-01-28	M	
21061	СвятославАндрійовичЮраш.1996	Святослав	Андрійович	Юраш	1996-02-16	M	
21063	ОлександрМиколайовичЮрченко.1988	Олександр	Миколайович	Юрченко	1988-07-23	M	
15432	ЯрославРомановичЮрчишин.1980	Ярослав	Романович	Юрчишин	1980-10-14	M	
21058	ПавлоВіталійовичЯкименко.1989	Павло	Віталійович	Якименко	1989-11-08	M	
21057	ЄвгенГеннадійовичЯковенко.1965	Євген	Геннадійович	Яковенко	1965-06-06	M	
21056	НелліІллівнаЯковлєва.1985	Неллі	Іллівна	Яковлєва	1985-06-21	F	
21055	ГалинаІгорівнаЯнченко.1988	Галина	Ігорівна	Янченко	1988-04-29	F	
21054	БогданВасильовичЯременко.1971	Богдан	Васильович	Яременко	1971-09-25	M	
21053	ЄлизаветаОлексіївнаЯсько.1990	Єлизавета	Олексіївна	Ясько	1990-10-17	F	
21052	ЮліяГригорівнаЯцик.1979	Юлія	Григорівна	Яцик	1979-08-14	F	
