who	role	lang	cnt
ЄВДОЧЕНКО Л.О.	#regular	uk	9
ЄВЛАХОВ А.С.	#regular	be	1
ЄВЛАХОВ А.С.	#regular	uk	28
ЄВСТІГНЄЄВ А.С.	#regular	uk	2
ЄВТУШОК С.М.	#regular	be	1
ЄВТУШОК С.М.	#regular	ru	3
ЄВТУШОК С.М.	#regular	uk	1533
ЄДІН О.Й.	#regular	uk	7
ЄДАКОВ Я.Ю.	#regular	uk	6
ЄДНАК О.В.	#regular	ru	1
ЄДНАК О.В.	#regular	uk	449
ЄЛЕНСЬКИЙ В.Є.	#regular	uk	131
ЄМЕЛЬЯНОВА І.І.	#regular	uk	141
ЄМЕЦЬ Л.О.	#regular	ru	23
ЄМЕЦЬ Л.О.	#regular	sr	1
ЄМЕЦЬ Л.О.	#regular	uk	1764
ЄМЕЦЬ Л.О.	#regular	un	3
ЄНІН Є.В.	#regular	uk	4
ЄНС СТОЛТЕНБЕРГ	#regular	uk	16
ЄРЕМЄЄВ І.М.	#regular	uk	2
ЄРЕМЕЄВ І.М.	#regular	ru	1
ЄРЕМЕЄВ І.М.	#regular	uk	243
ЄФІМОВ М.В.	#regular	ru	43
ЄФІМОВ М.В.	#regular	uk	77
ЄФРЕМОВ О.С.	#chair	be	2
ЄФРЕМОВ О.С.	#chair	mk	1
ЄФРЕМОВ О.С.	#chair	ru	15
ЄФРЕМОВ О.С.	#chair	uk	187
ЄФРЕМОВ О.С.	#regular	ru	149
ЄФРЕМОВ О.С.	#regular	uk	42
ЄФРЕМОВА І.О.	#regular	uk	23
ІВАНКЕВИЧ В.І.	#regular	uk	3
ІВАНКЕВИЧ В.В.	#regular	uk	34
ІВАНОВ В.І.	#regular	ru	1
ІВАНОВ В.І.	#regular	uk	1
ІВАНОВ С.М.	#regular	uk	1
ІВАНЧВУК А.В.	#regular	ru	1
ІВАНЧВУК А.В.	#regular	uk	1
ІВАНЧУК А.В.	#regular	be	1
ІВАНЧУК А.В.	#regular	mk	1
ІВАНЧУК А.В.	#regular	ru	14
ІВАНЧУК А.В.	#regular	uk	1291
ІВАХІВ С.П.	#regular	uk	10
ІВАЩЕНКО І.А.	#regular	uk	4
ІВЧЕНКО Є.П.	#regular	uk	2
ІВЧЕНКО В.Є.	#regular	be	2
ІВЧЕНКО В.Є.	#regular	bg	1
ІВЧЕНКО В.Є.	#regular	ru	13
ІВЧЕНКО В.Є.	#regular	sr	1
ІВЧЕНКО В.Є.	#regular	uk	3053
ІГНАТОВ А.П.	#regular	uk	7
ІЛИК Р.Р.	#regular	uk	170
ІЛЛЄНКО А.Ю.	#regular	ru	4
ІЛЛЄНКО А.Ю.	#regular	uk	1178
ІЛЛЄНКО П.Ю.	#regular	uk	1
ІЛЛЯШЕНКО О.В.	#regular	uk	7
ІЛЬЮК А.О.	#regular	ru	8
ІЛЬЮК А.О.	#regular	uk	5
ІЛЯШЕНКО В.В.	#regular	uk	1
ІОНОВА М.М.	#regular	ru	2
ІОНОВА М.М.	#regular	uk	490
ІОНОВА М.М.	#regular	un	1
ІОНУШАС С.К.	#regular	uk	131
ІОФФЕ Ю.Я.	#regular	uk	27
ІСАЄНКО Д.В.	#regular	uk	12
ІЩЕЙКІН К.Є.	#regular	be	1
ІЩЕЙКІН К.Є.	#regular	ru	3
ІЩЕЙКІН К.Є.	#regular	uk	263
ІЩЕНКО В.О.	#regular	uk	3
АБДУЛЛІН О.Р.	#regular	ru	2
АБДУЛЛІН О.Р.	#regular	uk	26
АБРАМОВИЧУС А.	#regular	ru	3
АБРАМОВИЧУС А.	#regular	uk	1
АБРАМОВСЬКИЙ Р.Р.	#regular	uk	77
АБРОМАВИЧУС А.	#regular	ru	184
АБРОМАВИЧУС А.	#regular	uk	32
АБРОМАВИЧУС А.И.	#regular	ru	1
АБРОМАВИЧУС А.К.	#regular	ru	4
АБРОМАВИЧУС А.Я.	#regular	ru	1
АБРОМАВИЧУС А.Я.	#regular	uk	1
АВАКОВ А.Б.	#regular	ru	2
АВАКОВ А.Б.	#regular	uk	287
АВАКЯН Т.А.	#regular	uk	5
АВЕРЧЕНКО С.М.	#regular	uk	20
АГАФОНОВА Н.В.	#regular	ru	3
АГАФОНОВА Н.В.	#regular	uk	211
АГАФОНОВА Н.В.	#regular	un	2
АЗАРОВ М.Я.	#regular	ru	20
АЗАРОВ М.Я.	#regular	uk	155
АЙДЕР РУСТЕМОВ	#regular	uk	8
АКСЬОНОВ А.А.	#regular	uk	2
АЛЄКСЄЄВ С.О.	#regular	bg	1
АЛЄКСЄЄВ С.О.	#regular	ru	1
АЛЄКСЄЄВ С.О.	#regular	uk	385
АЛІКСІЙЧУК О.В.	#regular	uk	36
АЛЕКСЄЄВ І.В.	#regular	ru	2
АЛЕКСЄЄВ І.В.	#regular	uk	29
АЛЕКСЄЄВ І.С.	#regular	uk	205
АЛЕКСАНДРОВСЬКА А.О.	#regular	ru	15
АЛЛАХВЕРДІЄВА І.В.	#regular	ru	1
АЛЛАХВЕРДІЄВА І.В.	#regular	uk	18
АЛЮШИНА Н.О.	#regular	uk	8
АМЕЛІН А.І.	#regular	uk	6
АМЕЛЬЧЕНКО В.В.	#regular	uk	124
АНАНЧЕНКО М.О.	#regular	uk	1
АНДЖЕЙ ДУДА	#regular	uk	39
АНДРІЄВСЬКИЙ Д.Є.	#regular	uk	2
АНДРІЄВСЬКИЙ Д.Й.	#regular	bg	1
АНДРІЄВСЬКИЙ Д.Й.	#regular	ru	2
АНДРІЄВСЬКИЙ Д.Й.	#regular	uk	308
АНДРІЙОВИЧ З.М.	#regular	ru	1
АНДРІЙОВИЧ З.М.	#regular	uk	50
АНДРЕАС ЕБІ	#regular	uk	8
АНДРУЩЕНКО С.А.	#regular	uk	5
АНТОНИЩАК А.Ф.	#regular	ru	1
АНТОНИЩАК А.Ф.	#regular	uk	164
АНТОНЮК Д.Ю.	#regular	uk	6
АПОСТОЛ М.В.	#regular	uk	15
АРІСТОВ Ю.Ю.	#regular	uk	184
АРАХАМІЯ Д.Г.	#regular	ru	3
АРАХАМІЯ Д.Г.	#regular	uk	206
АРБУЗОВ С.Г.	#regular	uk	25
АРЕШОНКОВ В.Ю.	#regular	uk	914
АРЖЕВІТІН С.М.	#regular	uk	7
АРСЕНЮК О.О.	#regular	uk	15
АРТЕМЕНКО А.В.	#regular	uk	59
АРТЕМЕНКО Ю.А.	#regular	uk	3
АРТЮШЕНКО І.А.	#regular	uk	57
АР’ЄВ В.І.	#regular	ru	3
АР’ЄВ В.І.	#regular	uk	638
АР’ЄВ В.Г.	#regular	uk	1
АТРОШЕНКО В.А.	#regular	uk	29
БЄЛКОВА О.В.	#regular	uk	2
БЄЛЬКОВА О.В.	#regular	ru	7
БЄЛЬКОВА О.В.	#regular	uk	756
БІДЕНКО А.І.	#regular	uk	11
БІДЬОВКА В.А.	#regular	ru	62
БІДЬОВКА В.А.	#regular	uk	13
БІЛЕЦЬКИЙ А.Є.	#regular	ru	1
БІЛЕЦЬКИЙ А.Є.	#regular	uk	14
БІЛИЙ О.П.	#regular	ru	1
БІЛИЙ О.П.	#regular	uk	5
БІЛОВОЛ О.М.	#regular	uk	38
БІЛОЗІР Л.М.	#regular	ru	3
БІЛОЗІР Л.М.	#regular	uk	561
БІЛОЗІР О.В.	#regular	uk	160
БІЛОУС І.О.	#regular	uk	34
БІЛОУСОВ А.Л.	#regular	uk	18
БІЛОЦЕРКОВЕЦЬ Д.О.	#regular	ru	2
БІЛОЦЕРКОВЕЦЬ Д.О.	#regular	uk	22
БІСЮК І.Ю.	#regular	uk	8
БАБІЙ Р.В.	#regular	uk	75
БАБІЙ Ю.Ю.	#regular	uk	10
БАБАК А.І.	#regular	uk	3
БАБАК А.В.	#regular	be	1
БАБАК А.В.	#regular	ru	4
БАБАК А.В.	#regular	uk	968
БАБАК С.В.	#regular	ru	2
БАБАК С.В.	#regular	uk	164
БАБЕНКО В.Б.	#regular	uk	1
БАБЕНКО М.В.	#regular	ru	4
БАБЕНКО М.В.	#regular	uk	100
БАБИЧ В.В.	#regular	uk	11
БАГАНЕЦЬ О.В.	#regular	uk	6
БАДАЄВ Р.Г.	#regular	uk	2
БАЗЮК С.М.	#regular	uk	8
БАЙДЮК Л.М.	#regular	ru	14
БАЙДЮК Л.М.	#regular	uk	17
БАЙСАРОВ Л.В.	#regular	uk	7
БАКАНОВ І.Г.	#regular	uk	73
БАКУЛІН Є.М.	#regular	ru	1
БАКУМЕНКО О.Б.	#regular	ru	10
БАКУМЕНКО О.Б.	#regular	uk	309
БАКУМОВ О.С.	#regular	uk	390
БАКУНЕЦЬ П.А.	#regular	uk	730
БАЛАН М.І.	#regular	uk	9
БАЛАНДІН С.В.	#regular	ru	1
БАЛАНДІН С.В.	#regular	uk	8
БАЛАЦ С.В.	#regular	uk	2
БАЛИЦЬКИЙ Є.В.	#regular	ru	70
БАЛИЦЬКИЙ Є.В.	#regular	uk	12
БАЛОГА В.І.	#regular	uk	4
БАНДУРОВ В.В.	#regular	ru	10
БАНДУРОВ В.В.	#regular	uk	38
БАНЧУК О.А.	#regular	uk	59
БАРАНОВ В.О.	#regular	ru	7
БАРАНОВ В.О.	#regular	uk	72
БАРАШ М.Я.	#regular	uk	3
БАРВІНЕНКО В.Д.	#regular	uk	6
БАРДІНА М.О.	#regular	be	1
БАРДІНА М.О.	#regular	ru	1
БАРДІНА М.О.	#regular	uk	101
БАРНА О.С.	#regular	be	1
БАРНА О.С.	#regular	ru	4
БАРНА О.С.	#regular	uk	764
БАРНА С.С.	#regular	uk	33
БАСАЛАЄВА А.В.	#regular	uk	2
БАТЕНКО Т.І.	#regular	ru	5
БАТЕНКО Т.І.	#regular	uk	1899
БАТЕНКО Т.І.	#regular	un	10
БАУЛІН Ю.В.	#regular	uk	5
БАХТЕЄВА Т.Д.	#regular	ru	34
БАХТЕЄВА Т.Д.	#regular	uk	116
БЕЗБАХ Я.Я.	#regular	ru	56
БЕЗБАХ Я.Я.	#regular	uk	28
БЕЗГІН В.Ю.	#regular	uk	230
БЕЗУГЛА М.В.	#regular	uk	215
БЕЛЕНЮК Ж.В.	#regular	uk	51
БЕНДЮЖЕНКО Ф.В.	#regular	uk	1
БЕНЕДИСЮК І.М.	#regular	uk	41
БЕНЮК Б.М.	#regular	uk	96
БЕРЕЖНА І.Г.	#regular	uk	18
БЕРЕЖНА И.Г.	#regular	uk	2
БЕРЕЖНА Т.В.	#regular	uk	4
БЕРЕЗІН М.Ю.	#regular	uk	17
БЕРЕЗА Б.Ю.	#regular	ru	18
БЕРЕЗА Б.Ю.	#regular	uk	587
БЕРЕЗА Ю.М.	#regular	bg	1
БЕРЕЗА Ю.М.	#regular	ru	1
БЕРЕЗА Ю.М.	#regular	uk	297
БЕРЕЗЕНКО С.І.	#regular	uk	90
БЕРЕЗКІН С.С.	#regular	ru	1
БЕРЕЗКІН С.С.	#regular	uk	14
БЕРЕЗЮК К.Г.	#regular	uk	3
БЕРЕЗЮК О.Р.	#regular	be	2
БЕРЕЗЮК О.Р.	#regular	ru	2
БЕРЕЗЮК О.Р.	#regular	uk	1235
БЕРЕЗЮК Р.	#regular	uk	1
БЕРНАЦЬКА Н.І.	#regular	uk	14
БЛАВАЦЬКИЙ М.В.	#regular	uk	76
БЛАГОДИР Ю.А.	#regular	ru	1
БЛАГОДИР Ю.А.	#regular	uk	15
БЛИЗНЮК А.М.	#regular	uk	13
БЛИЗНЮК М.Д.	#regular	uk	15
БОБАР І.М.	#regular	uk	2
БОБКОВ О.М.	#regular	uk	6
БОБЛЯХ А.Р.	#regular	uk	14
БОБОВ Г.Б.	#regular	uk	1
БОБРОВСЬКА С.А.	#regular	ru	1
БОБРОВСЬКА С.А.	#regular	uk	765
БОБРОВСЬКА С.А.	#regular	un	1
БОГАТИРЬОВА Р.В.	#regular	uk	38
БОГАЧЕВ Р.М.	#regular	uk	8
БОГДАН Р.Д.	#regular	uk	21
БОГДАНЕЦЬ А.В.	#regular	uk	25
БОГОВСЛОВСЬКА І.Г.	#regular	ru	4
БОГОМОЛЕЦЬ О.В.	#regular	ru	3
БОГОМОЛЕЦЬ О.В.	#regular	uk	548
БОГОСЛОВСЬКА І.Г.	#regular	ru	15
БОГОСЛОВСЬКА І.Г.	#regular	uk	171
БОГУЦЬКА Є.П.	#regular	uk	13
БОДНАР В.М.	#regular	uk	83
БОДНАР-ПЕТРОВСЬКА О.Б.	#regular	uk	22
БОЖИК В.І.	#regular	uk	73
БОЖКОВ О.В.	#regular	uk	6
БОЖОК Є.В.	#regular	uk	6
БОЙКО А.М.	#regular	uk	2
БОЙКО В.	#regular	uk	1
БОЙКО В.Б.	#regular	uk	3
БОЙКО О.П.	#regular	ru	1
БОЙКО О.П.	#regular	uk	433
БОЙКО О.П.	#regular	un	1
БОЙКО Ю.А.	#regular	be	1
БОЙКО Ю.А.	#regular	uk	707
БОЙКО Ю.М.	#regular	uk	4
БОЛОТСЬКИХ М.В.	#regular	uk	46
БОНДАР Б.В.	#regular	uk	25
БОНДАР В.В.	#regular	ru	1
БОНДАР В.В.	#regular	uk	1302
БОНДАР Г.В.	#regular	ru	1
БОНДАР Г.В.	#regular	uk	49
БОНДАР М.Л.	#regular	ru	11
БОНДАР М.Л.	#regular	uk	898
БОНДАР О.М.	#regular	uk	8
БОНДАР С.В.	#regular	uk	1
БОНДАРЄВ К.А.	#regular	ru	3
БОНДАРЄВ К.А.	#regular	uk	217
БОНДАРЕНКО А.Є.	#regular	be	1
БОНДАРЕНКО А.Є.	#regular	uk	4
БОНДАРЕНКО В.Д.	#regular	ru	1
БОНДАРЕНКО В.Д.	#regular	uk	208
БОНДАРЕНКО О.А.	#regular	ru	31
БОНДАРЕНКО О.В.	#regular	ru	1
БОНДАРЕНКО О.В.	#regular	sr	1
БОНДАРЕНКО О.В.	#regular	uk	133
БОНДАРЧУК І.В.	#regular	uk	26
БОНДАРЧУК О.В.	#regular	uk	61
БОРДЮГ І.Л.	#regular	uk	2
БОРЗОВА І.Н.	#regular	uk	45
БОРИС ДЖОНСОН	#regular	uk	15
БОРИТА О.В.	#regular	uk	52
БОРТ В.П.	#regular	uk	1
БОРУХОВСЬКИЙ Б.В.	#regular	uk	7
БОЧКОВСЬКИЙ С.С.	#regular	uk	6
БОЯРСЬКИЙ Ю.І.	#regular	uk	8
БОЯРЧУК О.Б.	#regular	uk	1
БРАГАР Є.В.	#regular	ru	2
БРАГАР Є.В.	#regular	uk	80
БРАЙКО С.Б.	#regular	ru	10
БРАЙКО С.Б.	#regular	uk	2
БРАЦЮНЬ І.О.	#regular	uk	4
БРЕНЗОВИЧ В.І.	#regular	uk	101
БРИГИНЕЦЬ О.М.	#regular	uk	64
БРИЧЕНКО І.В.	#regular	uk	20
БРОВЧЕНКО Ю.П.	#regular	uk	9
БРОДСЬКИЙ М.Ю.	#regular	uk	3
БРУСИЛО І.М.	#regular	uk	31
БУБЛИК Ю.В.	#regular	ru	1
БУБЛИК Ю.В.	#regular	uk	96
БУГЛАК Ю.О.	#regular	bg	1
БУГЛАК Ю.О.	#regular	ru	1
БУГЛАК Ю.О.	#regular	uk	85
БУЖАНСЬКИЙ М.А.	#regular	ru	2
БУЖАНСЬКИЙ М.А.	#regular	uk	217
БУЙМІСТЕР Л.А.	#regular	uk	48
БУЛАХ В.В.	#regular	uk	14
БУЛАХ Л.В.	#regular	uk	51
БУНІН С.В.	#regular	uk	12
БУРАН О.М.	#regular	ru	4
БУРАН О.М.	#regular	uk	2
БУРБАК М.Ю.	#regular	ru	3
БУРБАК М.Ю.	#regular	uk	2314
БУРМІЧ А.П.	#regular	ru	2
БУРМІЧ А.П.	#regular	uk	398
БУРМІЧ А.П.	#regular	un	2
БУТКІВСЬКИЙ В.В.	#regular	ru	1
БУТКІВСЬКИЙ В.В.	#regular	uk	23
БУТКЕВИЧ В.Г.	#regular	ru	1
БУТКЕВИЧ В.Г.	#regular	uk	27
БУХОВЕЦЬ О.Ю.	#regular	uk	13
БУЦА Б.Е.	#regular	uk	7
БУЦА Ю.Б.	#regular	uk	25
ВІЗІРОВ Б.Й.	#regular	uk	14
ВІЛКУЛ О.Ю.	#regular	ru	211
ВІЛКУЛ О.Ю.	#regular	uk	515
ВІННИК І.Ю.	#regular	bg	1
ВІННИК І.Ю.	#regular	ru	14
ВІННИК І.Ю.	#regular	uk	1483
ВІНТОНЯК О.В.	#regular	uk	21
ВІРАСТЮК В.Я.	#regular	uk	2
ВІТІВ А.М.	#regular	uk	37
ВІТКО А.Л.	#regular	ru	7
ВІТКО А.Л.	#regular	uk	11
ВІТРЕНКО А.О.	#regular	uk	6
ВІТРЕНКО Ю.Ю.	#regular	uk	40
ВАДАТУРСЬКИЙ А.О.	#regular	uk	110
ВАКАРАШ В.М.	#regular	uk	4
ВАКАРЧУК С.І.	#regular	uk	122
ВАЛЕНТИРОВ С.В.	#regular	uk	1
ВАНАТ П.М.	#regular	ru	1
ВАНАТ П.М.	#regular	uk	14
ВАНЗУРЯК Р.С.	#regular	ru	1
ВАНЗУРЯК Р.С.	#regular	uk	4
ВАСИЛІВ І.В.	#regular	uk	16
ВАСИЛЕВСЬКА-СМАГЛЮК О.М.	#regular	ru	1
ВАСИЛЕВСЬКА-СМАГЛЮК О.М.	#regular	uk	218
ВАСИЛЕНКО В.А.	#regular	uk	19
ВАСИЛЕНКО Л.В.	#regular	ru	2
ВАСИЛЕНКО Л.В.	#regular	uk	144
ВАСИЛЬЄВ І.С.	#regular	uk	14
ВАСИЛЬЄВ Г.А.	#regular	uk	10
ВАСИЛЬЧЕНКО Г.І.	#regular	ru	3
ВАСИЛЬЧЕНКО Г.І.	#regular	uk	352
ВАСИЛЬЧЕНКО Г.І.	#regular	un	2
ВАСЮК О.О.	#regular	uk	2
ВАСЮНИК І.В.	#regular	uk	197
ВАТРАС В.А.	#regular	uk	20
ВАЦАК Г.А.	#regular	uk	19
ВАЩЕНКО К.О.	#regular	uk	27
ВАЩУК К.С.	#regular	uk	3
ВАЩУК К.Т.	#regular	ru	1
ВАЩУК К.Т.	#regular	uk	96
ВЕЛІКІН О.М.	#regular	uk	3
ВЕЛИЧКОВИЧ М.Р.	#regular	uk	359
ВЕЛЬМОЖНИЙ С.А.	#regular	be	2
ВЕЛЬМОЖНИЙ С.А.	#regular	bg	1
ВЕЛЬМОЖНИЙ С.А.	#regular	ru	6
ВЕЛЬМОЖНИЙ С.А.	#regular	uk	325
ВЕЛЬМОЖНИЙ С.А.	#regular	un	1
ВЕНІСЛАВСКИЙ Ф.В.	#regular	uk	2
ВЕНІСЛАВСЬКИЙ Ф.В.	#regular	uk	750
ВЕНЕДІКТОВА І.В.	#regular	uk	412
ВЕРБЕНСЬКИЙ М.Г.	#regular	uk	1
ВЕРЕМІЙ І.Г.	#regular	uk	2
ВЕРЕЩУК І.А.	#regular	uk	104
ВЕРЛАНОВ С.О.	#regular	uk	8
ВЕРСТЮК В.Ф.	#regular	uk	18
ВЕСЕЛОВА Н.В.	#regular	ru	2
ВЕСЕЛОВА Н.В.	#regular	uk	113
ВЕЧЕРКО В.М.	#regular	ru	7
ВЕЧЕРКО В.М.	#regular	uk	38
ВИНОКУРОВ С.М.	#regular	uk	1
ВИСОЦЬКИЙ С.В.	#regular	ru	7
ВИСОЦЬКИЙ С.В.	#regular	uk	90
ВИСОЦЬКИЙ Т.М.	#regular	ru	1
ВИСОЦЬКИЙ Т.М.	#regular	uk	36
ВЛАСЕНКО С.В.	#regular	bg	4
ВЛАСЕНКО С.В.	#regular	mk	1
ВЛАСЕНКО С.В.	#regular	ru	14
ВЛАСЕНКО С.В.	#regular	sr	1
ВЛАСЕНКО С.В.	#regular	uk	3399
ВЛАСЕНКО С.В.	#regular	un	2
ВЛАСЕНКО Ю.М.	#regular	uk	17
ВОВК В.І.	#regular	mk	1
ВОВК В.І.	#regular	uk	241
ВОВК Д.В.	#regular	uk	120
ВОЗНЮК Ю.В.	#regular	uk	67
ВОЙТОВИЧ Я.В.	#regular	uk	5
ВОЙЦІЦЬКА В.М.	#regular	ru	1
ВОЙЦІЦЬКА В.М.	#regular	uk	318
ВОЙЦЕХІВСЬКИЙ В.О.	#regular	uk	5
ВОЙЦЕХОВСЬКА С.М.	#regular	ru	1
ВОЙЦЕХОВСЬКА С.М.	#regular	uk	52
ВОЛИНЕЦЬ М.Я.	#regular	be	2
ВОЛИНЕЦЬ М.Я.	#regular	ru	3
ВОЛИНЕЦЬ М.Я.	#regular	uk	190
ВОЛКОВИЦЬКА Н.О.	#regular	uk	1
ВОЛОДІНА Д.А.	#regular	uk	37
ВОЛОШИН О.А.	#regular	ru	1
ВОЛОШИН О.А.	#regular	sr	2
ВОЛОШИН О.А.	#regular	uk	666
ВОРОНА Д.М.	#regular	uk	12
ВОРОНОВ В.А.	#regular	uk	2
ВОРОНЬКО О.Є.	#regular	uk	14
ВОРОПАЄВ Ю.М.	#regular	ru	115
ВОРОПАЄВ Ю.М.	#regular	uk	57
ВОЩЕВСЬКИЙ В.М.	#regular	uk	38
ВРОНСЬКА Г.О.	#regular	uk	24
В’ЯТРОВИЧ В.М.	#regular	ru	3
В’ЯТРОВИЧ В.М.	#regular	uk	516
В’ЯТРОВИЧ В.М.	#regular	un	2
ГЄЛЛЄР Є.Б.	#regular	ru	25
ГЄЛЛЄР Є.Б.	#regular	uk	311
ГІНКА Я.Я.	#regular	uk	23
ГІРШФЕЛЬД А.М.	#regular	ru	75
ГІРШФЕЛЬД А.М.	#regular	sr	1
ГІРШФЕЛЬД А.М.	#regular	uk	12
ГІТАНАС НАУСЄДА	#regular	uk	43
ГАВРИЛЮК М.В.	#regular	uk	19
ГАЙДОШ І.Ф.	#regular	uk	72
ГАЙДУ О.В.	#regular	uk	7
ГАЛІБАРЕНКО Н.М.	#regular	uk	4
ГАЛАЙЧУК В.С.	#regular	uk	21
ГАЛАСЮК В.В.	#regular	ru	6
ГАЛАСЮК В.В.	#regular	uk	2559
ГАЛАСЮК В.В.	#regular	un	1
ГАЛУШКО М.Л.	#regular	uk	7
ГАЛУЩЕНКО Г.В.	#regular	uk	251
ГАЛЬЧЕНКО А.В.	#regular	ru	17
ГАЛЬЧЕНКО А.В.	#regular	uk	39
ГАНУЩАК Ю.І.	#regular	uk	29
ГАНЧУКОВ О.К.	#regular	uk	1
ГАРБАРУК І.М.	#regular	uk	2
ГАТАУЛЛІНА О.А.	#regular	uk	2
ГАШЕВ М.Х.	#regular	uk	2
ГВОЗДЬ В.І.	#regular	uk	6
ГЕВКО А.Є.	#regular	uk	10
ГЕВКО В.Л.	#regular	uk	56
ГЕЛЕВЕЙ О.І.	#regular	uk	48
ГЕЛЕТІЙ Ю.І.	#regular	uk	12
ГЕЛЕТЕЙ В.В.	#regular	uk	6
ГЕРАСИМЕНКО І.Л.	#regular	uk	4
ГЕРАСИМОВ А.В.	#regular	ru	6
ГЕРАСИМОВ А.В.	#regular	uk	2224
ГЕРАСИМЧУК М.І.	#regular	uk	5
ГЕРАЩЕНКО І.В.	#chair	be	465
ГЕРАЩЕНКО І.В.	#chair	bg	4
ГЕРАЩЕНКО І.В.	#chair	mk	4
ГЕРАЩЕНКО І.В.	#chair	ru	618
ГЕРАЩЕНКО І.В.	#chair	sr	4
ГЕРАЩЕНКО І.В.	#chair	uk	41221
ГЕРАЩЕНКО І.В.	#chair	un	14
ГЕРАЩЕНКО І.В.	#regular	be	7
ГЕРАЩЕНКО І.В.	#regular	bg	2
ГЕРАЩЕНКО І.В.	#regular	ru	24
ГЕРАЩЕНКО І.В.	#regular	uk	4176
ГЕРАЩЕНКО І.В.	#regular	un	2
ГЕРАЩЕНКО А.Ю.	#regular	ru	155
ГЕРАЩЕНКО А.Ю.	#regular	uk	285
ГЕРЕ Ю.П.	#regular	uk	4
ГЕРЕГА О.В.	#regular	uk	2
ГЕРЖОВ Ю.І.	#regular	uk	9
ГЕРМАН Г.М.	#regular	ru	1
ГЕРМАН Г.М.	#regular	uk	318
ГЕРМАН Д.В.	#regular	uk	2
ГЕРУС А.М.	#regular	ru	2
ГЕРУС А.М.	#regular	uk	305
ГЕРУС А.М.	#regular	un	1
ГЕТМАНЦЕВ Д.О.	#regular	mk	1
ГЕТМАНЦЕВ Д.О.	#regular	ru	1
ГЕТМАНЦЕВ Д.О.	#regular	uk	1353
ГЕТМАНЦЕВ Д.О.	#regular	un	1
ГЛАДІЙ В.І.	#regular	uk	38
ГЛАЗУНОВ С.М.	#regular	uk	41
ГЛУЩЕНКО В.А.	#regular	uk	1
ГЛУЩЕНКО С.В.	#regular	uk	28
ГНАТЕНКО В.С.	#regular	ru	4
ГНАТЕНКО В.С.	#regular	uk	361
ГОЛЕНКО В.М.	#regular	ru	5
ГОЛОВАТИЙ В.Я.	#regular	uk	1
ГОЛОВКО В.А.	#regular	uk	13
ГОЛОВКО М.Й.	#regular	uk	884
ГОЛОС ІЗ ЗАЛИ	#regular	bg	1
ГОЛОС ІЗ ЗАЛИ	#regular	uk	2
ГОЛОС ІЗ ЗАЛИ	#regular	un	1
ГОЛОСИ ІЗ ЗАЛИ	#regular	ru	4
ГОЛОСИ ІЗ ЗАЛИ	#regular	uk	1
ГОЛУБ В.В.	#regular	uk	472
ГОЛУБОВ Д.І.	#regular	ru	22
ГОЛУБОВ Д.І.	#regular	uk	3
ГОНТАРЄВА В.О.	#regular	uk	14
ГОНТАРЕВА В.О.	#regular	ru	5
ГОНТАРЕВА В.О.	#regular	uk	238
ГОНТАРЕВА В.О.	#regular	un	1
ГОНЧАРЕНКО О.В.	#regular	uk	1
ГОНЧАРЕНКО О.О.	#regular	bg	1
ГОНЧАРЕНКО О.О.	#regular	ru	24
ГОНЧАРЕНКО О.О.	#regular	sr	1
ГОНЧАРЕНКО О.О.	#regular	uk	2053
ГОНЧАРЕНКО О.О.	#regular	un	1
ГОНЧАРОВ А.Д.	#regular	ru	35
ГОНЧАРОВ А.Д.	#regular	uk	43
ГОНЧАРОВ С.В.	#regular	ru	33
ГОНЧАРОВ С.В.	#regular	uk	56
ГОНЧАРОВ С.М.	#regular	uk	5
ГОНЧАРУК О.В.	#regular	ru	6
ГОНЧАРУК О.В.	#regular	uk	371
ГОПКО Г.М.	#regular	ru	1
ГОПКО Г.М.	#regular	uk	1151
ГОПОКО Г.М.	#regular	uk	2
ГОРІНА І.А.	#regular	ru	5
ГОРІНА І.А.	#regular	uk	3
ГОРБЕНКО Р.О.	#regular	uk	39
ГОРБУЛІН В.П.	#regular	uk	15
ГОРБУНОВ О.В.	#regular	uk	131
ГОРВАТ Р.І.	#regular	uk	79
ГОРДЄЄВ А.А.	#regular	uk	111
ГОРДІЄНКО С.В.	#regular	bg	1
ГОРДІЄНКО С.В.	#regular	uk	218
ГОРЕНЮК О.О.	#regular	uk	20
ГОРОХОВ С.О.	#regular	ru	13
ГОРОХОВ С.О.	#regular	uk	2
ГОЦУЛ І.Є.	#regular	uk	7
ГРАДІЛЬ А.І.	#regular	mk	1
ГРАДІЛЬ А.І.	#regular	uk	22
ГРЕБА Р.В.	#regular	uk	24
ГРЕНЬ В.В.	#regular	uk	2
ГРЕЧКІВСЬКИЙ П.М.	#regular	uk	2
ГРИБ В.О.	#regular	be	1
ГРИБ В.О.	#regular	ru	8
ГРИБ В.О.	#regular	uk	289
ГРИБ В.О.	#regular	un	7
ГРИВКО С.Д.	#regular	uk	7
ГРИНІВ І.О.	#regular	ru	1
ГРИНІВ І.О.	#regular	uk	108
ГРИНЕВЕЦЬКИЙ С.Р.	#regular	ru	3
ГРИНЕВЕЦЬКИЙ С.Р.	#regular	uk	116
ГРИНЕВИЧ Л.М.	#regular	ru	2
ГРИНЕВИЧ Л.М.	#regular	uk	652
ГРИНЕВИЧ Л.С.	#regular	uk	2
ГРИНЧУК О.А.	#regular	uk	16
ГРИНЮК В.В.	#regular	uk	4
ГРИНЮК В.О.	#regular	uk	1
ГРИЦАК В.С.	#regular	ru	1
ГРИЦАК В.С.	#regular	uk	38
ГРИЦЕНКО А.С.	#regular	uk	52
ГРИЦЕНКО А.С.	#regular	un	1
ГРИЦЕНКО О.В.	#regular	uk	13
ГРИШИНА Ю.М.	#regular	uk	163
ГРИЩЕНКО К.І.	#regular	uk	1
ГРИЩЕНКО Т.М.	#regular	uk	3
ГРИЩУК Р.П.	#regular	uk	68
ГРОЙСАН В.Б.	#chair	uk	36
ГРОЙСМАН Б.В.	#regular	uk	1
ГРОЙСМАН В.Б.	#chair	be	539
ГРОЙСМАН В.Б.	#chair	bg	7
ГРОЙСМАН В.Б.	#chair	mk	21
ГРОЙСМАН В.Б.	#chair	ru	575
ГРОЙСМАН В.Б.	#chair	sr	5
ГРОЙСМАН В.Б.	#chair	uk	29749
ГРОЙСМАН В.Б.	#chair	un	6
ГРОЙСМАН В.Б.	#regular	be	2
ГРОЙСМАН В.Б.	#regular	bg	1
ГРОЙСМАН В.Б.	#regular	ru	15
ГРОЙСМАН В.Б.	#regular	uk	3449
ГРОЙСМАН В.Ю.	#regular	uk	6
ГРОЙСМНА В.Б.	#regular	uk	2
ГРУБА Г.І.	#regular	uk	9
ГРУШЕВСЬКИЙ В.А.	#regular	uk	40
ГУБАР В.І.	#regular	uk	23
ГУДЗЕНКО В.І.	#regular	uk	23
ГУЗЕНКО К.О.	#regular	uk	51
ГУЗЕНКО М.В.	#regular	uk	2
ГУЗИР В.П.	#regular	ru	6
ГУЗИР В.П.	#regular	uk	62
ГУЗЬ І.В.	#regular	ru	1
ГУЗЬ І.В.	#regular	uk	583
ГУЛАК О.М.	#regular	uk	3
ГУЛЯЄВ В.О.	#regular	ru	25
ГУЛЯЄВ В.О.	#regular	uk	75
ГУНЬКО А.Г.	#regular	uk	4
ГУРІН Д.О.	#regular	uk	39
ГУСЄВ Ю.В.	#regular	uk	29
ГУСАК В.Г.	#regular	ru	1
ГУСАК В.Г.	#regular	uk	386
ГУТЦАЙТ В.М.	#regular	uk	20
ДЄЄВА А.Є.	#regular	uk	8
ДІДЕНКО І.А.	#regular	sr	1
ДІДЕНКО І.А.	#regular	uk	48
ДІДЕНКО І.М.	#regular	uk	32
ДІДЕНКО О.М.	#regular	uk	3
ДІДЕНКО Ю.О.	#regular	uk	23
ДІДИЧ В.В.	#regular	uk	18
ДАВИДЕНКО В.М.	#regular	uk	26
ДАВИДОВА Л.	#regular	uk	4
ДАВИМУКА С.А.	#regular	uk	9
ДАНІЛІН В.Ю.	#regular	uk	10
ДАНІЛОВ В.Б.	#regular	uk	2
ДАНІЛОВ О.М.	#regular	uk	40
ДАНІШЕВСЬКА В.І.	#regular	uk	9
ДАНИЛЮК О.О.	#regular	ru	1
ДАНИЛЮК О.О.	#regular	uk	285
ДАНУЦА О.А.	#regular	uk	85
ДАНЧЕНКО О.І.	#regular	ru	6
ДАНЧЕНКО О.І.	#regular	uk	469
ДАНЧЕНКО О.І.	#regular	un	1
ДАЦЕНКО Л.М.	#regular	uk	2
ДЕЙДЕЙ Є.С.	#regular	ru	3
ДЕЙДЕЙ Є.С.	#regular	uk	2
ДЕЙЧ Б.Д.	#regular	ru	8
ДЕЙЧ Б.Д.	#regular	uk	3
ДЕМЕДЮК В.Х.	#regular	uk	15
ДЕМИДОВИЧ Д.В.	#regular	uk	5
ДЕМЧАК Р.Є.	#regular	be	2
ДЕМЧАК Р.Є.	#regular	ru	4
ДЕМЧАК Р.Є.	#regular	uk	550
ДЕМЧЕНКО Р.М.	#regular	uk	26
ДЕМЧЕНКО С.О.	#regular	uk	82
ДЕМЧИШИН В.В.	#regular	uk	325
ДЕНІСОВА Л.Л.	#regular	ru	24
ДЕНІСОВА Л.Л.	#regular	uk	572
ДЕНИСЕНКО А.П.	#regular	ru	1
ДЕНИСЕНКО А.П.	#regular	uk	12
ДЕНИСЕНКО А.С.	#regular	uk	48
ДЕНИСЕНКО В.І.	#regular	uk	70
ДЕНИСЕНКО Н.М.	#regular	uk	4
ДЕНИСОВА Л.Л.	#regular	ru	1
ДЕПУТАТ НЕ НАЗВАВСЯ	#regular	uk	1
ДЕРЕВЛЯНИЙ В.Т.	#regular	uk	1
ДЕРЕВ’ЯНКО Ю.Б.	#regular	ru	3
ДЕРЕВ’ЯНКО Ю.Б.	#regular	uk	866
ДЕРКАЧ А.Л.	#regular	ru	36
ДЕРКАЧ А.Л.	#regular	uk	30
ДЕХТЯРЧУК О.В.	#regular	be	1
ДЕХТЯРЧУК О.В.	#regular	uk	161
ДЖАПАРОВА Е.А.	#regular	uk	5
ДЖЕМІЛЄВ М.	#regular	ru	6
ДЖЕМІЛЄВ М.	#regular	uk	73
ДЖЕМІЛЄВ М.А.	#regular	uk	1
ДЖИГА М.В.	#regular	uk	5
ДЖИГИР Ю.А.	#regular	uk	24
ДЖО БАЙДЕН	#regular	uk	68
ДЗАРДАНОВ М.С.	#regular	ru	38
ДЗАРДАНОВ М.С.	#regular	uk	6
ДЗОЗ В.О.	#regular	ru	37
ДЗОЗ В.О.	#regular	uk	10
ДЗЮБЛИК П.В.	#regular	uk	202
ДИРІВ А.Б.	#regular	uk	7
ДИРДІН М.Є.	#regular	ru	1
ДИРДІН М.Є.	#regular	uk	122
ДМИТРІЄВА О.О.	#regular	ru	1
ДМИТРІЄВА О.О.	#regular	uk	66
ДМИТРЕНКО О.М.	#regular	uk	9
ДМИТРУК А.Г.	#regular	uk	87
ДМИТРУК Н.Ю.	#regular	ru	1
ДМИТРУК Н.Ю.	#regular	uk	2
ДОБКІН М.М.	#regular	ru	11
ДОБКІН М.М.	#regular	uk	2
ДОБРОДОМОВ Д.Є.	#regular	uk	81
ДОВБЕНКО М.В.	#regular	ru	1
ДОВБЕНКО М.В.	#regular	uk	295
ДОВБЕНКО М.В.	#regular	un	1
ДОВГАНЬ В.М.	#regular	uk	53
ДОВГИЙ О.С.	#regular	uk	146
ДОЛГОВ І.О.	#regular	uk	7
ДОЛЖЕНКО О.В.	#regular	uk	2
ДОЛЖЕНКОВ О.В.	#regular	ru	292
ДОЛЖЕНКОВ О.В.	#regular	uk	1577
ДОМБРОВСЬКИЙ О.Г.	#regular	mk	1
ДОМБРОВСЬКИЙ О.Г.	#regular	ru	39
ДОМБРОВСЬКИЙ О.Г.	#regular	uk	572
ДОНІЙ О.С.	#regular	uk	227
ДОНЕЦЬ Т.А.	#regular	uk	32
ДОНЕЦЬ Т.А.	#regular	un	1
ДОРОХОВ А.М.	#regular	ru	2
ДОРОХОВ А.М.	#regular	uk	3
ДРАБОВСЬКИЙ А.Г.	#regular	uk	20
ДРАГАНЧУК Ю.О.	#regular	uk	8
ДРАП’ЯТИЙ Б.Є.	#regular	uk	38
ДРАЮК С.Є.	#regular	uk	61
ДРОЗДИК О.В.	#regular	uk	92
ДРОЗДОВА Л.М.	#regular	uk	4
ДУБІЛЬ В.О.	#regular	uk	192
ДУБІНІН О.І.	#regular	ru	10
ДУБІНІН О.І.	#regular	uk	9
ДУБІНСЬКИЙ О.А.	#regular	uk	148
ДУБІНСЬКИЙ О.А.	#regular	un	1
ДУБЛЯН О.В.	#regular	uk	20
ДУБНЕВИЧ Б.В.	#regular	uk	21
ДУБНЕВИЧ Я.В.	#regular	ru	2
ДУБНЕВИЧ Я.В.	#regular	uk	389
ДУБНОВ А.В.	#regular	uk	27
ДУБОВИК В.Б.	#regular	uk	12
ДУБОВИК С.О.	#regular	uk	1
ДУДКА В.В.	#regular	uk	22
ДУНАЄВ С.В.	#regular	ru	59
ДУНАЄВ С.В.	#regular	uk	52
ДУНДА О.А.	#regular	uk	22
ЖВАНІЯ Д.В.	#regular	ru	11
ЖВАНІЯ Д.В.	#regular	uk	227
ЖВАНІЯ Д.В.	#regular	un	6
ЖДАНОВ І.О.	#regular	uk	226
ЖЕЛЕЗНЯК Я.І.	#regular	ru	6
ЖЕЛЕЗНЯК Я.І.	#regular	uk	1468
ЖЕЛЕЗНЯК Я.І.	#regular	un	1
ЖЕЛТОВА О.М.	#regular	uk	1
ЖЕРАР ЛАРШЕ	#regular	uk	42
ЖЕРЕБНЮК В.М.	#regular	uk	3
ЖИВИЦЬКИЙ Д.О.	#regular	uk	24
ЖМЕРЕНЕЦЬКИЙ О.С.	#regular	uk	60
ЖОЛНОВИЧ О.І.	#regular	uk	19
ЖОЛОБЕЦЬКИЙ О.О.	#regular	ru	12
ЖОЛОБЕЦЬКИЙ О.О.	#regular	uk	34
ЖУК М.В.	#regular	uk	50
ЖУПАНИН А.В.	#regular	ru	1
ЖУПАНИН А.В.	#regular	uk	204
ЖУРАВЛЬОВ Д.В.	#regular	uk	16
ЖУРАВСЬКИЙ В.С.	#regular	be	1
ЖУРАВСЬКИЙ В.С.	#regular	ru	2
ЖУРАВСЬКИЙ В.С.	#regular	uk	463
ЖУРЖІЙ А.В.	#regular	ru	1
ЖУРЖІЙ А.В.	#regular	uk	205
ЗІНГЯРІАС Е.	#regular	uk	6
ЗІНКЕВИЧ Я.В.	#regular	ru	4
ЗІНКЕВИЧ Я.В.	#regular	uk	229
ЗАЄЦЬ І.О.	#regular	uk	4
ЗАІЧКО О.В.	#regular	uk	15
ЗАБЗАЛЮК Р.О.	#regular	uk	22
ЗАБЛОЦЬКИЙ М.Б.	#regular	uk	99
ЗАБОЛОТНИЙ Г.М.	#regular	bg	1
ЗАБОЛОТНИЙ Г.М.	#regular	ru	2
ЗАБОЛОТНИЙ Г.М.	#regular	uk	278
ЗАБРОДСЬКИЙ М.В.	#regular	be	1
ЗАБРОДСЬКИЙ М.В.	#regular	ru	2
ЗАБРОДСЬКИЙ М.В.	#regular	sr	1
ЗАБРОДСЬКИЙ М.В.	#regular	uk	242
ЗАБУРАННА Л.В.	#regular	uk	175
ЗАВІТНЕВИЧ О.М.	#regular	ru	3
ЗАВІТНЕВИЧ О.М.	#regular	uk	114
ЗАГОРІЙ Г.В.	#regular	uk	7
ЗАГОРОДНІЙ Ю.І.	#regular	uk	488
ЗАГОРОДНЮК А.П.	#regular	uk	68
ЗАГОРУЙКО А.Л.	#regular	ru	1
ЗАГОРУЙКО А.Л.	#regular	uk	181
ЗАГОРУЙКО А.Л.	#regular	un	1
ЗАДОРОЖНІЙ М.М.	#regular	uk	87
ЗАДОРОЖНИЙ В.К.	#regular	uk	2
ЗАЙЧУК В.О.	#regular	uk	4
ЗАКОПЕЦЬ Ю.М.	#regular	uk	8
ЗАЛІЩУК С.В.	#regular	uk	4
ЗАЛІЩУК С.П.	#regular	uk	263
ЗАМАНА В.М.	#regular	uk	2
ЗАМЛИНСЬКИЙ Р.Т.	#regular	uk	15
ЗАРЕМСЬКИЙ М.В.	#regular	uk	43
ЗАРУБІНСЬКИЙ О.О.	#regular	uk	477
ЗАРУЖКО В.Л.	#regular	be	1
ЗАРУЖКО В.Л.	#regular	uk	283
ЗАСЛАВСЬКИЙ Ю.І.	#regular	uk	6
ЗАСТАВНИЙ Р.Й.	#regular	uk	13
ЗАСУХА С.О.	#regular	uk	19
ЗАХАРОВ Б.Є.	#regular	uk	9
ЗАХАРЧЕНКО В.Ю.	#regular	ru	1
ЗАХАРЧЕНКО В.Ю.	#regular	uk	103
ЗАЦ О.В.	#regular	ru	8
ЗАЦ О.В.	#regular	uk	3
ЗАЯЦЬ А.І.	#regular	uk	8
ЗВЄРЄВ В.П.	#regular	uk	9
ЗВАРИЧ М.П.	#regular	uk	4
ЗВАРИЧ Р.М.	#regular	uk	2
ЗВЯГІЛЬСЬКИЙ Ю.Л.	#regular	ru	13
ЗВЯГІЛЬСЬКИЙ Ю.Л.	#regular	uk	4
ЗГУЛАДЗЕ Е.	#regular	ru	3
ЗГУЛАДЗЕ Е.И.	#regular	ru	1
ЗГУЛАДЗЕ-ГЛУКСМАНН Е.	#regular	ru	30
ЗГУЛАДЗЕ-ГЛУКСМАНН Е.	#regular	uk	3
ЗГУЛАДЗЕ-ГЛУКСМАНН Е.Я.	#regular	ru	1
ЗДЕБСЬКИЙ Ю.В.	#regular	uk	38
ЗЕЛЕНСЬКИЙ В.О.	#regular	ru	6
ЗЕЛЕНСЬКИЙ В.О.	#regular	uk	480
ЗЕЛЕНСЬКИЙ О.В.	#regular	uk	1
ЗЕЛИК Р.Б.	#regular	ru	1
ЗЕЛИК Р.Б.	#regular	uk	112
ЗЕРКАЛЬ О.В.	#regular	uk	14
ЗУЄВ М.С.	#regular	uk	4
ЗУБ В.О.	#regular	uk	16
ЗУБАЧ Л.Л.	#regular	mk	1
ЗУБАЧ Л.Л.	#regular	uk	128
ЗУБИК В.В.	#regular	uk	13
ЗУБКО Г.Г.	#regular	ru	2
ЗУБКО Г.Г.	#regular	uk	1171
ЗУБЧЕВСЬКИЙ О.П.	#regular	ru	70
ЗУБЧЕВСЬКИЙ О.П.	#regular	uk	16
ЗУЗАНА ЧАПУТОВА	#regular	uk	22
ЗЮКОВ Ю.Є.	#regular	ru	1
ЗЮКОВ Ю.Є.	#regular	uk	1
ЙОНАС ЛЕСІС	#regular	uk	9
КІВАЛОВ С.В.	#regular	ru	13
КІВАЛОВ С.В.	#regular	uk	5
КІЛІНКАРОВ С.П.	#regular	ru	50
КІЛІНКАРОВ С.П.	#regular	uk	89
КІНАХ А.К.	#regular	ru	1
КІНАХ А.К.	#regular	uk	245
КІНЗБУРСЬКА В.О.	#regular	uk	39
КІРАЛЬ С.І.	#regular	ru	2
КІРАЛЬ С.І.	#regular	sr	1
КІРАЛЬ С.І.	#regular	uk	210
КІРШ О.В.	#regular	ru	4
КІРШ О.В.	#regular	uk	100
КІСЄЛЬ Ю.Г.	#regular	uk	17
КІСІЛЬОВ І.П.	#regular	uk	1
КІССЕ А.І.	#regular	mk	1
КІССЕ А.І.	#regular	ru	132
КІССЕ А.І.	#regular	uk	55
КІСТІОН В.Є.	#regular	uk	59
КІТ А.Б.	#regular	be	1
КІТ А.Б.	#regular	uk	144
КАБАНОВ О.Є.	#regular	uk	1
КАБАЧЕНКО В.В.	#regular	ru	3
КАБАЧЕНКО В.В.	#regular	uk	533
КАЙДА О.П.	#regular	ru	2
КАЙДА О.П.	#regular	uk	380
КАЙДА П.О.	#regular	uk	2
КАЛЄТНІК І.Г.	#chair	be	1
КАЛЄТНІК І.Г.	#chair	ru	17
КАЛЄТНІК І.Г.	#chair	uk	2952
КАЛЄТНІК І.Г.	#regular	uk	25
КАЛАУР І.Р.	#regular	uk	6
КАЛЕТНІК Г.М.	#regular	ru	4
КАЛЕТНІК Г.М.	#regular	sr	1
КАЛЕТНІК Г.М.	#regular	uk	217
КАЛЕТНИК Г.М.	#regular	uk	3
КАЛЕТНИК О.М.	#regular	uk	34
КАЛЬЦЕВ В.Ф.	#regular	ru	1
КАЛЬЦЕВ В.Ф.	#regular	uk	120
КАЛЬЦЕВ С.Ф.	#regular	ru	13
КАЛЬЦЕВ С.Ф.	#regular	uk	62
КАЛЬЧЕНКО В.М.	#regular	uk	8
КАЛЬЧЕНКО С.В.	#regular	ru	1
КАЛЬЧЕНКО С.В.	#regular	uk	703
КАЛЮЖНИЙ В.А.	#regular	ru	2
КАМЕЛЬЧУК Ю.О.	#regular	uk	145
КАНІВЕЦЬ О.Л.	#regular	ru	1
КАНІВЕЦЬ О.Л.	#regular	uk	38
КАПІНУС Є.В.	#regular	ru	1
КАПІНУС Є.В.	#regular	uk	27
КАПЛІН С.В.	#regular	uk	1
КАПЛІН С.М.	#regular	be	1
КАПЛІН С.М.	#regular	bg	1
КАПЛІН С.М.	#regular	uk	1968
КАПЛІНА О.В.	#regular	uk	2
КАПТЄЛОВ Р.В.	#regular	uk	10
КАРАНДЄЄВ Р.В.	#regular	uk	23
КАРАНДІЙ В.А.	#regular	uk	1
КАРМАЗІН Ю.А.	#regular	uk	28
КАРМАЗА О.О.	#regular	uk	1
КАРПУНЦОВ В.В.	#regular	ru	1
КАРПУНЦОВ В.В.	#regular	uk	229
КАРТАШОВ Є.Г.	#regular	ru	11
КАРТАШОВ Є.Г.	#regular	uk	16
КАСАЙ Г.О.	#regular	uk	7
КАСАЙ К.І.	#regular	uk	10
КАСМІНІН О.В.	#regular	uk	1
КАТЕРИНЧУК М.Д.	#regular	uk	197
КАЦЕР-БУЧКОВСЬКА Н.В.	#regular	uk	148
КАЦУБА В.М.	#regular	uk	1
КАЧНИЙ О.С.	#regular	mk	1
КАЧНИЙ О.С.	#regular	ru	2
КАЧНИЙ О.С.	#regular	uk	211
КАЧУР О.Ю.	#regular	uk	3
КАЧУР Р.П.	#regular	uk	35
КАЧУРА О.А.	#regular	uk	462
КАЧУРА О.А.	#regular	un	2
КВІТ С.М.	#regular	uk	153
КВІТАШВІЛІ О.	#regular	ru	31
КВІТАШВІЛІ О.	#regular	uk	4
КВІТАШВІЛІ О.М.	#regular	ru	34
КВІТАШВІЛІ О.М.	#regular	uk	4
КВІТАШВІЛІ О.Я.	#regular	ru	3
КВАШУК В.П.	#regular	uk	4
КВАШУК В.С.	#regular	uk	3
КИВА І.В.	#regular	ru	2
КИВА І.В.	#regular	uk	31
КИЗИМ М.О.	#regular	uk	10
КИРИЛЕНКО І.Г.	#regular	ru	2
КИРИЛЕНКО І.Г.	#regular	uk	854
КИРИЛЕНКО В.А.	#regular	uk	686
КИРИЛЕНКО П.В.	#regular	uk	33
КИРИЛЕНТКО В.А.	#regular	uk	1
КИРИЧЕНКО М.О.	#regular	uk	1
КИРИЧЕНКО О.М.	#regular	ru	5
КИРИЧЕНКО О.М.	#regular	uk	25
КИСИЛЕВСЬКИЙ Д.Д.	#regular	uk	171
КИСЛИЦЯ С.О.	#regular	uk	46
КИЦАК Б.В.	#regular	uk	61
КИЦЮК В.П.	#regular	uk	4
КИЧУН В.І.	#regular	uk	16
КИШКАР П.М.	#regular	ru	3
КИШКАР П.М.	#regular	sr	1
КИШКАР П.М.	#regular	uk	840
КЛІМКІН А.П.	#regular	uk	5
КЛІМКІН П.А.	#regular	uk	225
КЛІМОВ Л.М.	#regular	uk	2
КЛИМЕНКО І.В.	#regular	uk	28
КЛИМЕНКО О.В.	#regular	ru	2
КЛИМЕНКО О.В.	#regular	uk	15
КЛИМЕНКО Ю.Л.	#regular	ru	5
КЛИМЕНКО Ю.Л.	#regular	uk	653
КЛИМПУШ-ЦИНЦАДЗЕ І.О.	#regular	ru	6
КЛИМПУШ-ЦИНЦАДЗЕ І.О.	#regular	uk	825
КЛИМПУШ-ЦИНЦАДЗЕ І.О.	#regular	un	2
КЛИЧКО В.В.	#regular	ru	11
КЛИЧКО В.В.	#regular	uk	448
КЛИЧКО В.Я.	#regular	uk	2
КЛОЧКО А.А.	#regular	uk	141
КЛЮЄВ С.П.	#regular	ru	22
КЛЮЧКОВСЬКИЙ Ю.Б.	#regular	uk	2
КНІЗЕВИЧ Р.П.	#regular	uk	3
КНЯЖИЙЦЬКИЙ М.Л.	#regular	be	1
КНЯЖИЦЬКИЙ Л.М.	#regular	uk	2
КНЯЖИЦЬКИЙ М.Л.	#regular	be	3
КНЯЖИЦЬКИЙ М.Л.	#regular	bg	1
КНЯЖИЦЬКИЙ М.Л.	#regular	ru	32
КНЯЖИЦЬКИЙ М.Л.	#regular	sr	2
КНЯЖИЦЬКИЙ М.Л.	#regular	uk	4300
КНЯЖИЦЬКИЙ М.Л.	#regular	un	6
КНЯЗЄВ С.М.	#regular	uk	22
КНЯЗЕВИЧ Р.П.	#regular	bg	2
КНЯЗЕВИЧ Р.П.	#regular	ru	15
КНЯЗЕВИЧ Р.П.	#regular	uk	4068
КНЯЗКВИЧ Р.П.	#regular	uk	2
КОБОЛЄВ А.В.	#regular	uk	18
КОБЦЕВ М.В.	#regular	ru	14
КОБЦЕВ М.В.	#regular	uk	19
КОВАЛІВ Ю.І.	#regular	uk	31
КОВАЛІВ Я.Б.	#regular	uk	2
КОВАЛЬ Д.М.	#regular	uk	40
КОВАЛЬ М.В.	#regular	ru	3
КОВАЛЬ М.В.	#regular	uk	50
КОВАЛЬ О.В.	#regular	uk	39
КОВАЛЬОВ А.В.	#regular	uk	8
КОВАЛЬОВ О.І.	#regular	be	1
КОВАЛЬОВ О.І.	#regular	ru	1
КОВАЛЬОВ О.І.	#regular	uk	109
КОВАЛЬОВА О.В.	#regular	uk	10
КОВАЛЬЧУК В.А.	#regular	ru	6
КОВАЛЬЧУК В.А.	#regular	uk	93
КОВАЛЬЧУК В.А.	#regular	un	3
КОВАЛЬЧУК О.В.	#regular	ru	2
КОВАЛЬЧУК О.В.	#regular	uk	208
КОВАЛЬЧУК Т.І.	#regular	uk	3
КОВАЧ В.І.	#regular	ru	1
КОВАЧ В.І.	#regular	uk	3
КОВТОНЮК П.А.	#regular	uk	46
КОВТУНЕЦЬ В.В.	#regular	uk	42
КОДОЛА О.М.	#regular	be	1
КОДОЛА О.М.	#regular	uk	288
КОЖАРА Л.О.	#regular	uk	26
КОЖАРА Я.Л.	#regular	uk	1
КОЖЕМЯКІН А.А.	#regular	uk	2
КОЖЕМЯКІНН А.А.	#regular	uk	1
КОЖЕМ’ЯКІН А.А.	#regular	be	1
КОЖЕМ’ЯКІН А.А.	#regular	ru	10
КОЖЕМ’ЯКІН А.А.	#regular	sr	1
КОЖЕМ’ЯКІН А.А.	#regular	uk	1699
КОЗАК В.В.	#regular	uk	33
КОЗАК Т.Р.	#regular	ru	1
КОЗАК Т.Р.	#regular	uk	1
КОЗАЧЕНКО Л.П.	#regular	uk	5
КОЗИР Б.Ю.	#regular	uk	52
КОЗИР С.В.	#regular	uk	5
КОЗИРЄВ П.Г.	#regular	uk	7
КОЗЛОВСЬКА Н.В.	#regular	uk	3
КОЗУБ О.А.	#regular	uk	21
КОЛЄВ О.В.	#regular	uk	1
КОЛЄСНІКОВ Д.В.	#regular	ru	18
КОЛЄСНІКОВ Д.В.	#regular	uk	57
КОЛІСНИК А.А.	#regular	uk	8
КОЛІСНИК А.С.	#regular	uk	22
КОЛІСНИК В.П.	#regular	uk	1
КОЛГАНОВА О.В.	#regular	be	1
КОЛГАНОВА О.В.	#regular	ru	1
КОЛГАНОВА О.В.	#regular	uk	9
КОЛЕБОШИН С.В.	#regular	uk	38
КОЛЕСНІКОВ Б.В.	#regular	ru	14
КОЛЕСНІЧЕНКО В.В.	#regular	mk	1
КОЛЕСНІЧЕНКО В.В.	#regular	ru	98
КОЛЕСНІЧЕНКО В.В.	#regular	uk	20
КОЛЕСНИЧЕНКО В.М.	#regular	uk	62
КОЛИХАЄВ І.В.	#regular	uk	1
КОЛОБОВ Ю.В.	#regular	uk	37
КОЛОМІЄЦЬ В.М.	#regular	uk	34
КОЛОМІЄЦЬ В.Р.	#regular	ru	1
КОЛОМІЄЦЬ В.Р.	#regular	uk	85
КОЛТУНОВИЧ О.С.	#regular	be	3
КОЛТУНОВИЧ О.С.	#regular	ru	10
КОЛТУНОВИЧ О.С.	#regular	sr	1
КОЛТУНОВИЧ О.С.	#regular	uk	3149
КОЛТУНОВИЧ О.С.	#regular	un	5
КОЛЮХ В.В.	#regular	uk	27
КОМАРІДА О.О.	#regular	uk	12
КОМОРОВСЬКИЙ Б.	#regular	uk	33
КОНДРАТЮК О.К.	#chair	be	28
КОНДРАТЮК О.К.	#chair	ru	15
КОНДРАТЮК О.К.	#chair	sr	1
КОНДРАТЮК О.К.	#chair	uk	6348
КОНДРАТЮК О.К.	#regular	be	1
КОНДРАТЮК О.К.	#regular	uk	426
КОНОНЕНКО І.В.	#regular	uk	11
КОНОПОЛЬСЬКИЙ О.М.	#regular	uk	1
КОНСТАНКЕВИЧ І.М.	#regular	ru	1
КОНСТАНКЕВИЧ І.М.	#regular	uk	509
КОНСТАНТІНОВСЬКИЙ В.Л.	#regular	ru	5
КОПАНЧУК О.Є.	#regular	uk	29
КОПИЛЕНКО О.Л.	#regular	ru	2
КОПИЛЕНКО О.Л.	#regular	uk	3
КОПИТІН І.В.	#regular	ru	1
КОПИТІН І.В.	#regular	uk	40
КОРЖ П.П.	#regular	uk	11
КОРЖ Р.А.	#regular	uk	10
КОРЗУН А.В.	#regular	uk	57
КОРИНЕВИЧ А.О.	#regular	uk	6
КОРНІЄНКО В.В.	#regular	uk	4
КОРНІЄНКО О.С.	#chair	be	26
КОРНІЄНКО О.С.	#chair	mk	1
КОРНІЄНКО О.С.	#chair	ru	12
КОРНІЄНКО О.С.	#chair	sr	1
КОРНІЄНКО О.С.	#chair	uk	1704
КОРНІЄНКО О.С.	#chair	un	2
КОРНІЄНКО О.С.	#regular	mk	1
КОРНІЄНКО О.С.	#regular	ru	10
КОРНІЄНКО О.С.	#regular	sr	3
КОРНІЄНКО О.С.	#regular	uk	551
КОРНІЄНКО О.С.	#regular	un	1
КОРНАЦЬКИЙ А.О.	#regular	uk	6
КОРНЕЙКО О.В.	#regular	uk	13
КОРОЛЕВСЬКА Н.Ю.	#regular	mk	1
КОРОЛЕВСЬКА Н.Ю.	#regular	ru	366
КОРОЛЕВСЬКА Н.Ю.	#regular	uk	1651
КОРОЛЕВСЬКА Н.Ю.	#regular	un	2
КОРОЛЕНКО В.Ю.	#regular	uk	2
КОРОЛЬ В.М.	#regular	ru	1
КОРОЛЬ В.М.	#regular	uk	63
КОРОЛЮК В.А.	#regular	uk	2
КОРЧАК Н.М.	#regular	uk	48
КОРЧИК В.А.	#regular	uk	138
КОРЧИНСЬКА О.А.	#regular	ru	1
КОРЧИНСЬКА О.А.	#regular	uk	413
КОРЯВЧЕНКОВ Ю.В.	#regular	uk	1
КОСТІН А.Є.	#regular	uk	247
КОСТЕНКО П.П.	#regular	ru	1
КОСТЕНКО П.П.	#regular	uk	28
КОСТЕНКО Р.В.	#regular	ru	2
КОСТЕНКО Р.В.	#regular	sr	1
КОСТЕНКО Р.В.	#regular	uk	280
КОСТРІЙЧУК С.В.	#regular	uk	3
КОСТЮК Д.С.	#regular	uk	118
КОСТЮХ А.В.	#regular	uk	18
КОСЮГА В.І.	#regular	ru	5
КОСЮГА В.І.	#regular	uk	1
КОТВІЦЬКИЙ І.О.	#regular	ru	1
КОТВІЦЬКИЙ І.О.	#regular	uk	1
КОТЕЛЯК Л.Л.	#regular	uk	54
КОТИК Є.Д.	#regular	uk	4
КОШЕЛЄВА А.В.	#regular	uk	124
КОШУЛИНСЬКИЙ Р.В.	#chair	be	14
КОШУЛИНСЬКИЙ Р.В.	#chair	bg	1
КОШУЛИНСЬКИЙ Р.В.	#chair	mk	4
КОШУЛИНСЬКИЙ Р.В.	#chair	ru	89
КОШУЛИНСЬКИЙ Р.В.	#chair	sr	1
КОШУЛИНСЬКИЙ Р.В.	#chair	uk	4208
КОШУЛИНСЬКИЙ Р.В.	#regular	ru	2
КОШУЛИНСЬКИЙ Р.В.	#regular	uk	229
КРАВЦОВ Є.П.	#regular	uk	3
КРАВЧУК Є.М.	#regular	uk	139
КРАВЧУК В.П.	#regular	ru	1
КРАВЧУК В.П.	#regular	uk	7
КРАВЧУК Л.М.	#regular	uk	46
КРАПІВНИЦЬКА Н.Л.	#regular	uk	1
КРАСНОЛУЦЬКИЙ О.В.	#regular	uk	7
КРАСНОПОЛЬСЬКИЙ Я.В.	#regular	uk	22
КРАСНОСІЛЬСЬКА А.О.	#regular	uk	80
КРАСОВ О.І.	#regular	uk	15
КРЕЙДЕНКО В.В.	#regular	uk	4
КРЕМІНЬ Т.Д.	#regular	uk	347
КРЕНТОВСЬКА О.П.	#regular	uk	17
КРИВЕНКО В.В.	#regular	uk	15
КРИВЕНКО В.М.	#regular	bg	1
КРИВЕНКО В.М.	#regular	ru	6
КРИВЕНКО В.М.	#regular	uk	1080
КРИВЕЦЬКИЙ І.І.	#regular	uk	2
КРИВОРУЧКІНА О.В.	#regular	uk	38
КРИВОХАТЬКО В.В.	#regular	uk	82
КРИВОШЕЄВ І.С.	#regular	uk	18
КРИВОШЕЯ Г.Г.	#regular	ru	2
КРИВОШЕЯ Г.Г.	#regular	uk	734
КРИЖАНІВСЬКИЙ В.П.	#regular	uk	13
КРИКЛІЙ В.А.	#regular	uk	48
КРИШИН О.Ю.	#regular	ru	7
КРИШИН О.Ю.	#regular	uk	162
КРОТЮК В.Л.	#regular	uk	3
КРОТЮК В.М.	#regular	uk	6
КРУГЛОВ М.П.	#regular	uk	2
КРУК Ю.Б.	#regular	ru	1
КРУК Ю.Б.	#regular	uk	1
КРУЛЬКО І.І.	#regular	ru	5
КРУЛЬКО І.І.	#regular	uk	2533
КРУТІЙ В.І.	#regular	uk	1
КРЯЧКО М.В.	#regular	uk	20
КСЕНЖУК О.С.	#regular	uk	3
КУБІВ І.С.	#regular	uk	7
КУБІВ С.І.	#regular	ru	2
КУБІВ С.І.	#regular	uk	1493
КУБРАКОВ О.М.	#regular	uk	108
КУДІН Д.І.	#regular	uk	8
КУДЛАЄНКО С.В.	#regular	uk	50
КУДРЯ В.І.	#regular	uk	32
КУДРЯВЦЕВ О.В.	#regular	ru	1
КУДРЯВЦЕВ О.В.	#regular	uk	8
КУЖЕЛЬ О.	#regular	uk	2
КУЖЕЛЬ О.В.	#regular	be	2
КУЖЕЛЬ О.В.	#regular	bg	1
КУЖЕЛЬ О.В.	#regular	mk	1
КУЖЕЛЬ О.В.	#regular	ru	42
КУЖЕЛЬ О.В.	#regular	sr	1
КУЖЕЛЬ О.В.	#regular	uk	1719
КУЖЕЛЬ О.В.	#regular	un	1
КУЖЕЛЬ О.М.	#regular	uk	3
КУЗБИТ Ю.М.	#regular	ru	1
КУЗБИТ Ю.М.	#regular	uk	128
КУЗНЄЦОВ О.О.	#regular	uk	7
КУЗЬМІН Р.І.	#regular	uk	7
КУЗЬМІН Р.Р.	#regular	uk	2
КУЗЬМІНИХ С.В.	#regular	uk	36
КУЗЬМЕНКО С.А.	#regular	uk	1
КУЗЬМИШИН В.М.	#regular	uk	3
КУЗЬМУК О.І.	#regular	uk	159
КУЛІНІЧ О.І.	#regular	ru	5
КУЛІНІЧ О.І.	#regular	uk	1501
КУЛІЧЕНКО І.І.	#regular	uk	106
КУЛЕБА Д.І.	#regular	uk	39
КУЛЕБА М.М.	#regular	ru	1
КУЛЕБА М.М.	#regular	uk	11
КУЛЬТЕНКО А.В.	#regular	ru	1
КУЛЬТЕНКО А.В.	#regular	uk	4
КУНІЦИН С.В.	#regular	ru	6
КУНІЦИН С.В.	#regular	uk	47
КУНАЄВ А.Ю.	#regular	uk	9
КУНИЦЬКИЙ О.О.	#regular	uk	14
КУНЧЕНКО О.П.	#regular	ru	1
КУНЧЕНКО О.П.	#regular	uk	1
КУПРІЄНКО О.В.	#regular	ru	12
КУПРІЄНКО О.В.	#regular	uk	884
КУПРІЙ В.М.	#regular	uk	167
КУПРЕЙЧИК І.В.	#regular	ru	7
КУПРЕЙЧИК І.В.	#regular	uk	32
КУПЧАК В.Р.	#regular	uk	7
КУРДІНОВИЧ О.В.	#regular	uk	9
КУРЕНКОВ Є.С.	#regular	uk	10
КУРЕННОЙ В.К.	#regular	ru	4
КУРЕННОЙ В.К.	#regular	uk	56
КУРИКІН С.І.	#regular	uk	18
КУРИЛО В.С.	#regular	uk	195
КУРПІЛЬ С.В.	#regular	uk	33
КУРТСЕІТОВА АНІФЕ	#regular	ru	25
КУРТСЕІТОВА АНІФЕ	#regular	uk	17
КУРЯЧИЙ М.П.	#regular	mk	1
КУРЯЧИЙ М.П.	#regular	ru	13
КУРЯЧИЙ М.П.	#regular	sr	1
КУРЯЧИЙ М.П.	#regular	uk	455
КУСТОВА С.М.	#regular	uk	1
КУТОВИЙ Т.В.	#regular	be	1
КУТОВИЙ Т.В.	#regular	ru	1
КУТОВИЙ Т.В.	#regular	uk	423
КУХАР М.Д.	#regular	uk	1
КУХТА П.А.	#regular	uk	2
КУЧЕР М.І.	#regular	ru	2
КУЧЕР М.І.	#regular	uk	132
КУЧЕР О.В.	#regular	uk	26
КУЧЕРЕНКО О.Ю.	#regular	ru	3
КУЧЕРЕНКО О.Ю.	#regular	uk	702
КУЧЕРЕНКО О.Ю.	#regular	un	6
КУЧЕРУК М.Г.	#regular	uk	26
КУЧМА Л.Д.	#regular	uk	14
ЛІБАНОВ М.О.	#regular	uk	2
ЛІВІК О.П.	#regular	ru	1
ЛІВІК О.П.	#regular	uk	1
ЛІНА ДЕШВАР	#regular	uk	12
ЛІНЧЕВСЬКИЙ О.В.	#regular	uk	3
ЛІНЬКО Д.В.	#regular	uk	333
ЛІСНЕВСЬКА Н.О.	#regular	uk	3
ЛІСОВЕНКО В.В.	#regular	uk	26
ЛІСОВЕНКО В.О.	#regular	uk	2
ЛІТВІНОВ О.М.	#regular	uk	21
ЛІХОВИЙ І.Д.	#regular	uk	10
ЛІЧМАН Г.В.	#regular	uk	32
ЛІЩИНА І.Ю.	#regular	uk	10
ЛАБА М.М.	#regular	uk	133
ЛАБАЗЮК С.П.	#regular	ru	3
ЛАБАЗЮК С.П.	#regular	sr	1
ЛАБАЗЮК С.П.	#regular	uk	399
ЛАБУНСЬКА А.В.	#regular	ru	1
ЛАБУНСЬКА А.В.	#regular	uk	177
ЛАВРЕНЮК Ю.Ф.	#regular	uk	33
ЛАВРИК М.І.	#regular	uk	28
ЛАВРИК О.В.	#regular	ru	1
ЛАВРИК О.В.	#regular	uk	118
ЛАВРИНОВИЧ О.В.	#regular	uk	175
ЛАВРИНОВИЧ О.В.	#regular	un	1
ЛАЗЕБНА М.В.	#regular	uk	152
ЛАЗОРИШИНЕЦЬ В.В.	#regular	uk	31
ЛАНДИК В.І.	#regular	uk	6
ЛАПІН І.О.	#regular	sr	2
ЛАПІН І.О.	#regular	uk	385
ЛАПА В.І.	#regular	uk	21
ЛАПУТІНА Ю.А.	#regular	uk	35
ЛАРІН С.М.	#regular	uk	4
ЛЕБЕДЄВ П.В.	#regular	uk	19
ЛЕБЕДЦОВ Б.Б.	#regular	uk	20
ЛЕВ М.О.	#regular	uk	7
ЛЕВИЦЬКИЙ В.С.	#regular	uk	2
ЛЕВСЕНКО Ю.В.	#regular	uk	1
ЛЕВУС А.М.	#regular	uk	69
ЛЕВЧЕНКО М.О.	#regular	ru	63
ЛЕВЧЕНКО М.О.	#regular	uk	13
ЛЕВЧЕНКО О.В.	#regular	ru	35
ЛЕВЧЕНКО О.В.	#regular	uk	15
ЛЕВЧЕНКО Ю.В.	#regular	be	2
ЛЕВЧЕНКО Ю.В.	#regular	ru	14
ЛЕВЧЕНКО Ю.В.	#regular	uk	3025
ЛЕВЧЕНКО Ю.В.	#regular	un	3
ЛЕДОВСЬКИХ О.В.	#regular	uk	12
ЛЕКАРЬ С.І.	#regular	uk	7
ЛЕНСЬКИЙ О.О.	#regular	mk	1
ЛЕНСЬКИЙ О.О.	#regular	ru	1
ЛЕНСЬКИЙ О.О.	#regular	uk	22
ЛЕОНОВ Е.В.	#regular	ru	1
ЛЕОНОВ Е.В.	#regular	uk	195
ЛЕОНОВ О.О.	#regular	uk	22
ЛЕРОС Г.Б.	#regular	uk	174
ЛЕСЮК Я.В.	#regular	ru	1
ЛЕСЮК Я.В.	#regular	uk	96
ЛЕЩЕНКО Р.М.	#regular	uk	82
ЛЕЩЕНКО С.А.	#regular	uk	693
ЛИС О.Г.	#regular	uk	12
ЛИТВИН В.М.	#chair	ru	3
ЛИТВИН В.М.	#chair	uk	293
ЛИТВИН В.М.	#regular	be	1
ЛИТВИН В.М.	#regular	ru	1
ЛИТВИН В.М.	#regular	sr	1
ЛИТВИН В.М.	#regular	uk	1355
ЛИТВИНЕНКО С.А.	#regular	uk	18
ЛИТВИНОВ О.М.	#regular	uk	1
ЛОГВИНСЬКИЙ Г.В.	#regular	ru	2
ЛОГВИНСЬКИЙ Г.В.	#regular	uk	164
ЛОЗИНСЬКИЙ Р.М.	#regular	ru	3
ЛОЗИНСЬКИЙ Р.М.	#regular	uk	629
ЛОЗИНСЬКИЙ Р.М.	#regular	un	3
ЛОЗОВИЙ А.С.	#regular	uk	6
ЛОЗОВОЙ А.С.	#regular	ru	1
ЛОЗОВОЙ А.С.	#regular	uk	825
ЛОПАЧАК М.Р.	#regular	uk	26
ЛОПУШАНСЬКИЙ А.Я.	#regular	be	2
ЛОПУШАНСЬКИЙ А.Я.	#regular	ru	1
ЛОПУШАНСЬКИЙ А.Я.	#regular	uk	32
ЛОТЮК О.С.	#regular	uk	1
ЛУБІНЕЦЬ Д.В.	#regular	ru	36
ЛУБІНЕЦЬ Д.В.	#regular	uk	966
ЛУЗАН А.	#regular	uk	3
ЛУКАШ О.Л.	#regular	uk	21
ЛУКАШЕВ О.А.	#regular	ru	1
ЛУКАШЕВ О.А.	#regular	uk	240
ЛУКАШУК О.Г.	#regular	uk	23
ЛУКЕРЯ І.М.	#regular	uk	10
ЛУК’ЯНОВ В.В.	#regular	ru	19
ЛУК’ЯНОВ В.В.	#regular	uk	46
ЛУК’ЯНЧУК Р.В.	#regular	uk	58
ЛУНЧЕНКО В.В.	#regular	ru	1
ЛУНЧЕНКО В.В.	#regular	uk	52
ЛУТКОВСЬКА В.В.	#regular	uk	82
ЛУЦЕКО І.С.	#regular	uk	1
ЛУЦЕНК І.В.	#regular	uk	2
ЛУЦЕНКО І.В.	#regular	ru	1
ЛУЦЕНКО І.В.	#regular	uk	499
ЛУЦЕНКО І.О.	#regular	uk	2
ЛУЦЕНКО І.С.	#regular	uk	844
ЛУЦЕНКО Ю.В.	#regular	bg	1
ЛУЦЕНКО Ю.В.	#regular	ru	11
ЛУЦЕНКО Ю.В.	#regular	uk	1857
ЛУЦЕНКО Ю.В.	#regular	un	1
ЛУЦЕНКО ЮВ	#regular	uk	1
ЛУЧЕНКО І.В.	#regular	uk	2
ЛЬОВОЧКІНА Ю.В.	#regular	ru	17
ЛЬОВОЧКІНА Ю.В.	#regular	uk	8
ЛЮБИНЕЦЬКИЙ М.В.	#regular	uk	1
ЛЮБОТА Д.В.	#regular	uk	62
ЛЮБЧЕНКО О.М.	#regular	uk	69
ЛЮБЧЕНКО П.М.	#regular	uk	1
ЛЮТІКОВА В.І.	#regular	uk	2
ЛЮШНЯК М.В.	#regular	uk	165
ЛЯПІНА К.М.	#regular	uk	245
ЛЯШЕНКО А.О.	#regular	uk	8
ЛЯШКО В.К.	#regular	uk	225
ЛЯШКО В.О.	#regular	uk	1
ЛЯШКО О.І.	#regular	uk	1
ЛЯШКО О.В.	#regular	be	3
ЛЯШКО О.В.	#regular	bg	4
ЛЯШКО О.В.	#regular	mk	1
ЛЯШКО О.В.	#regular	ru	10
ЛЯШКО О.В.	#regular	sr	1
ЛЯШКО О.В.	#regular	uk	6892
МІЛОШ ВИСТРЧІЛ	#regular	uk	22
МІНЬКО С.А.	#regular	uk	5
МІРОШНІЧЕНКО І.В.	#regular	ru	14
МІРОШНІЧЕНКО І.В.	#regular	uk	59
МІРОШНІЧЕНКО Ю.Р.	#regular	uk	3
МІРОШНИЧЕНКО І.В.	#regular	uk	4
МІРОШНИЧЕНКО І.М.	#regular	uk	328
МІРОШНИЧЕНКО Ю.Р.	#regular	bg	1
МІРОШНИЧЕНКО Ю.Р.	#regular	uk	702
МІЩЕНКО А.М.	#regular	uk	110
МІЩЕНКО С.Г.	#regular	uk	478
МАГЕРА С.В.	#regular	uk	35
МАГОМЕДОВ М.С.	#regular	uk	6
МАГОМЕДОВ Р.С.	#regular	ru	1
МАГОМЕДОВ Р.С.	#regular	uk	17
МАГУТА Р.М.	#regular	uk	62
МАЗУР Л.М.	#regular	uk	76
МАЗУРАШУ Г.Г.	#regular	ru	3
МАЗУРАШУ Г.Г.	#regular	uk	142
МАЙБОРОДА С.М.	#regular	uk	3
МАЙКО В.А.	#regular	uk	20
МАКАРЕНКО М.В.	#regular	ru	1
МАКАРЕНКО М.В.	#regular	uk	22
МАКАРОВ О.А.	#regular	be	2
МАКАРОВ О.А.	#regular	ru	3
МАКАРОВ О.А.	#regular	uk	343
МАКАРЯН Д.Б.	#regular	uk	2
МАКАР’ЯН Д.Б.	#regular	ru	1
МАКАР’ЯН Д.Б.	#regular	uk	9
МАКЕЄВА О.Л.	#regular	uk	59
МАКЕЄНКО В.В.	#regular	ru	1
МАКЕЄНКО В.В.	#regular	uk	72
МАКЕДОН Ю.М.	#regular	sr	1
МАКЕДОН Ю.М.	#regular	uk	6
МАКСЮТА А.А.	#regular	uk	36
МАКУЛ Л.Я.	#regular	uk	1
МАКУХА В.О.	#regular	uk	6
МАЛАШКІН М.А.	#regular	uk	6
МАЛИШЕВ В.С.	#regular	ru	17
МАЛИШЕВ В.С.	#regular	uk	4
МАЛОВАЦЬКИЙ О.В.	#regular	uk	4
МАЛЮСЬКА Д.Л.	#regular	uk	69
МАЛЯР Г.В.	#regular	uk	3
МАМАЛИГА А.В.	#regular	uk	7
МАМКА Г.М.	#regular	bg	1
МАМКА Г.М.	#regular	ru	9
МАМКА Г.М.	#regular	sr	1
МАМКА Г.М.	#regular	uk	1113
МАМКА Г.М.	#regular	un	1
МАМОНТОВА І.Ю.	#regular	uk	4
МАМОЯН С.Ч.	#regular	uk	20
МАМЧУР Ю.В.	#regular	ru	1
МАМЧУР Ю.В.	#regular	uk	40
МАНДЗІЙ Л.С.	#regular	uk	23
МАНДЗІЙ С.В.	#regular	uk	25
МАНЖОСОВ В.А.	#regular	uk	57
МАРІКОВСЬКИЙ О.В.	#regular	ru	2
МАРІКОВСЬКИЙ О.В.	#regular	uk	123
МАРК РЮТТЕ	#regular	uk	23
МАРКАРОВ О.С.	#regular	uk	2
МАРКАРОВА О.С.	#regular	ru	2
МАРКАРОВА О.С.	#regular	uk	435
МАРКЕВИЧ Я.В.	#regular	mk	1
МАРКЕВИЧ Я.В.	#regular	ru	27
МАРКЕВИЧ Я.В.	#regular	uk	41
МАРКОВ І.О.	#regular	ru	7
МАРМАЗОВ Є.В.	#regular	ru	3
МАРМАЗОВ Є.В.	#regular	uk	5
МАРТИНЕНКО М.В.	#regular	ru	1
МАРТИНЕНКО М.В.	#regular	uk	80
МАРТИНЮК А.І.	#chair	ru	3
МАРТИНЮК А.І.	#chair	uk	13
МАРТИНЮК А.І.	#regular	uk	332
МАРТИНЮК Л.С.	#regular	uk	27
МАРТИНЮК М.П.	#regular	uk	2
МАРТИНЯК С.В.	#regular	uk	18
МАРТОВИЦЬКИЙ А.В.	#regular	ru	33
МАРТОВИЦЬКИЙ А.В.	#regular	uk	351
МАРТОВИЦЬКИЙ А.В.	#regular	un	1
МАРУСЯК О.Р.	#regular	ru	2
МАРУСЯК О.Р.	#regular	uk	120
МАРЦІНКІВ Р.Р.	#regular	uk	279
МАРЧЕНКО Л.І.	#regular	uk	29
МАРЧЕНКО О.О.	#regular	uk	117
МАРЧЕНКО С.М.	#regular	uk	624
МАРЧУК І.П.	#regular	uk	31
МАСЕЛКО Р.А.	#regular	uk	14
МАСЛОВ Д.В.	#regular	uk	120
МАСОРІНА О.С.	#regular	uk	45
МАТІОС М.В.	#regular	ru	1
МАТІОС М.В.	#regular	uk	50
МАТВЄЄВ В.Г.	#regular	ru	1
МАТВЄЄВ В.Г.	#regular	uk	24
МАТВІЄНКО А.С.	#regular	ru	9
МАТВІЄНКО А.С.	#regular	uk	160
МАТВІЄНКО С.А.	#regular	uk	1
МАТВІЄНКОВ С.А.	#regular	ru	384
МАТВІЄНКОВ С.А.	#regular	uk	69
МАТВІЙЧУК В.М.	#regular	uk	37
МАТЕЙЧЕНКО К.В.	#regular	ru	2
МАТЕЙЧЕНКО К.В.	#regular	uk	8
МАТКІВСЬКИЙ Б.М.	#regular	uk	78
МАТУЗКО О.О.	#regular	uk	4
МАТУСЕВИЧ О.Б.	#regular	uk	17
МАХНІЦЬКИЙ О.І.	#regular	ru	2
МАХНІЦЬКИЙ О.І.	#regular	uk	361
МАЦОЛА Р.М.	#regular	uk	65
МЕДВЕДЧУК В.В.	#regular	uk	6
МЕДУНИЦЯ О.В.	#regular	be	2
МЕДУНИЦЯ О.В.	#regular	uk	285
МЕДЯНИК В.А.	#regular	uk	87
МЕДЯНИК В.Ю.	#regular	ru	4
МЕДЯНИК В.Ю.	#regular	uk	4
МЕЗЕНЦЕВА М.С.	#regular	ru	1
МЕЗЕНЦЕВА М.С.	#regular	uk	210
МЕЙДИЧ О.Л.	#regular	uk	2
МЕЛЬНИК Є.І.	#regular	uk	91
МЕЛЬНИК М.І.	#regular	uk	2
МЕЛЬНИК П.В.	#regular	uk	84
МЕЛЬНИК С.І.	#regular	uk	275
МЕЛЬНИК С.А.	#regular	uk	11
МЕЛЬНИЦУК І.І.	#regular	ru	1
МЕЛЬНИЧЕНКО В.В.	#regular	uk	64
МЕЛЬНИЧУК І.І.	#regular	ru	2
МЕЛЬНИЧУК І.І.	#regular	uk	208
МЕЛЬНИЧУК Л.Ю.	#regular	ru	1
МЕЛЬНИЧУК Л.Ю.	#regular	uk	2
МЕЛЬНИЧУК С.П.	#regular	uk	438
МЕПАРІШВІЛІ Х.Н.	#regular	be	1
МЕПАРІШВІЛІ Х.Н.	#regular	ru	16
МЕПАРІШВІЛІ Х.Н.	#regular	uk	11
МЕПЛЬНИЧУК С.П.	#regular	uk	1
МЕРІКОВ В.І.	#regular	uk	2
МЕРЕЖКО О.О.	#regular	uk	166
МЕТТЕ ФРЕДЕРІКСЕН	#regular	uk	11
МЕХЕД П.М.	#regular	uk	49
МЕЦОЛА Р.	#regular	uk	15
МИКИТАСЬ М.В.	#regular	uk	4
МИКИЧАК І.В.	#regular	uk	7
МИКИША Д.С.	#regular	uk	69
МИКОЛАЙЧУК О.А.	#regular	uk	9
МИКОЛЬСЬКА Н.Я.	#regular	uk	51
МИЛОВАНОВ Т.С.	#regular	uk	21
МИРИМСЬКИЙ Л.Ю.	#regular	ru	5
МИРИМСЬКИЙ Л.Ю.	#regular	uk	1
МИРНИЙ І.М.	#regular	uk	2
МИРНИЙ О.Б.	#regular	uk	519
МИРОНЕНКО М.І.	#regular	uk	2
МИСИК В.Ю.	#regular	ru	1
МИСЯГІН Ю.М.	#regular	uk	10
МИХАЙЛЕНКО О.Д.	#regular	ru	23
МИХАЙЛЕНКО О.Д.	#regular	uk	85
МИХАЙЛЮК Г.О.	#regular	uk	121
МИХАЛЬЧИШИН Ю.А.	#regular	ru	1
МИХАЛЬЧИШИН Ю.А.	#regular	uk	224
МИХАЛЬЧИШИН Ю.Я.	#regular	uk	2
МОІСЕЄНКО Р.О.	#regular	uk	3
МОВЧАН М.П.	#regular	uk	21
МОВЧАН О.В.	#regular	be	1
МОВЧАН О.В.	#regular	ru	1
МОВЧАН О.В.	#regular	uk	199
МОГИЛЬОВ А.В.	#regular	ru	2
МОЖАРОВСЬКИЙ В.М.	#regular	uk	9
МОЙСИК В.Р.	#regular	uk	1
МОКАН В.І.	#regular	uk	35
МОЛОТОК І.Ф.	#regular	ru	1
МОЛОТОК І.Ф.	#regular	uk	49
МОМОТ О.І.	#regular	mk	1
МОМОТ О.І.	#regular	uk	175
МОНАСТИРСЬКИЙ Д.А.	#regular	mk	1
МОНАСТИРСЬКИЙ Д.А.	#regular	ru	4
МОНАСТИРСЬКИЙ Д.А.	#regular	uk	679
МОРОЗ В.В.	#regular	ru	4
МОРОЗ В.В.	#regular	uk	360
МОРОЗ М.В.	#regular	uk	21
МОРОЗ О.О.	#regular	uk	35
МОРОЗЕНКО Є.В.	#regular	ru	19
МОРОКО Ю.М.	#regular	ru	42
МОРОКО Ю.М.	#regular	uk	9
МОСІЙЧУК І.В.	#regular	ru	1
МОСІЙЧУК І.В.	#regular	uk	1128
МОСІЙЧУК І.Р.	#regular	uk	6
МОСКАЛЕНКО Я.М.	#regular	uk	220
МОСКАЛЬ Г.Г.	#regular	uk	27
МОТОВИЛОВЕЦЬ А.В.	#regular	ru	2
МОТОВИЛОВЕЦЬ А.В.	#regular	uk	113
МОХНИК А.В.	#regular	bg	1
МОХНИК А.В.	#regular	uk	122
МОХНИК А.В.	#regular	un	1
МОЧКОВ О.Б.	#regular	ru	1
МОЧКОВ О.Б.	#regular	uk	78
МОШАК С.М.	#regular	uk	1
МОШЕНЕЦЬ О.В.	#regular	uk	23
МОШЕНСЬКИЙ В.З.	#regular	ru	20
МОШЕНСЬКИЙ В.З.	#regular	uk	3
МУЖЕНКО В.М.	#regular	uk	28
МУЗИЧЕНКО В.В.	#regular	uk	32
МУЛИК Р.М.	#regular	uk	7
МУРАЄВ Є.В.	#regular	uk	6
МУРАВЙОВ О.В.	#regular	uk	1
МУРДІЙ І.Ю.	#regular	uk	9
МУРНІЄЦЕ І.	#regular	uk	8
МУСІЙ О.С.	#regular	be	1
МУСІЙ О.С.	#regular	ru	3
МУСІЙ О.С.	#regular	uk	876
МУСІЙ О.С.	#regular	un	1
МУСТАФА ДЖЕМІЛЄВ	#regular	uk	18
МУШАК О.П.	#regular	uk	321
МУЩИНІН В.В.	#regular	uk	25
МЮКРЕМІН ШАХІН	#regular	uk	9
МЯРКОВСЬКИЙ А.І.	#regular	uk	258
МЯРКОВЬСКИЙ А.І.	#regular	uk	14
М’ЯЛИК В.Н.	#regular	bg	1
М’ЯЛИК В.Н.	#regular	ru	3
М’ЯЛИК В.Н.	#regular	uk	16
НІКІТІНА М.В.	#regular	uk	12
НІКІФОРЕНКО В.О.	#regular	uk	4
НІКІФОРЕНКО В.С.	#regular	uk	6
НІКОЛАЄНКО А.І.	#regular	ru	3
НІКОЛАЄНКО А.І.	#regular	uk	369
НІКОЛАЙЧУК С.А.	#regular	uk	6
НІМЧЕНКО В.І.	#regular	be	3
НІМЧЕНКО В.І.	#regular	bg	1
НІМЧЕНКО В.І.	#regular	ru	105
НІМЧЕНКО В.І.	#regular	sr	2
НІМЧЕНКО В.І.	#regular	uk	2056
НІМЧЕНКО В.І.	#regular	un	2
НАЄМ М.	#regular	ru	1
НАГАЄВСЬКИЙ А.С.	#regular	uk	20
НАГОРНЯК С.В.	#regular	ru	1
НАГОРНЯК С.В.	#regular	uk	27
НАЗАРЕНКО В.О.	#regular	uk	12
НАЙЄМ М.	#regular	ru	36
НАЙЄМ М.	#regular	uk	355
НАЙЄМ М.І.	#regular	uk	6
НАЙЄМ М.Я.	#regular	ru	3
НАЙЄМ М.Я.	#regular	uk	1
НАЙДЖЕЛ БРАУН	#regular	uk	9
НАЛИВАЙКО О.І.	#regular	uk	2
НАЛИВАЙЧЕНКО В.О.	#regular	be	1
НАЛИВАЙЧЕНКО В.О.	#regular	ru	2
НАЛИВАЙЧЕНКО В.О.	#regular	uk	515
НАЛЬОТОВ Д.О.	#regular	be	1
НАЛЬОТОВ Д.О.	#regular	uk	23
НАСІРОВ Р.М.	#regular	ru	1
НАСІРОВ Р.М.	#regular	uk	98
НАСАЛИК І.С.	#regular	bg	2
НАСАЛИК І.С.	#regular	uk	544
НАТАЛУХА Д.А.	#regular	uk	477
НЕГОДА В.А.	#regular	uk	82
НЕГОЙ Ф.Ф.	#regular	uk	8
НЕГУЛЕВСЬКИЙ І.П.	#regular	uk	39
НЕДАВА О.А.	#regular	ru	5
НЕДАВА О.А.	#regular	uk	90
НЕКЛЮДОВ В.М.	#regular	uk	142
НЕМІЛОСТІВИЙ В.О.	#regular	uk	81
НЕМИРОВСЬКИЙ А.В.	#regular	uk	69
НЕМИРЯ Г.	#regular	uk	2
НЕМИРЯ Г.М.	#regular	ru	1
НЕМИРЯ Г.М.	#regular	uk	476
НЕМЧІНОВ О.М.	#regular	uk	5
НЕСТЕРЕНКО К.О.	#regular	uk	85
НЕТЕЦЬКА О.А.	#regular	ru	8
НЕТЕЦЬКА О.А.	#regular	uk	2
НЕФЬОДОВ М.Є.	#regular	uk	173
НЕЧАЄВ О.І.	#regular	ru	3
НЕЧАЄВ О.І.	#regular	uk	41
НЕЧИПОРЕНКО В.М.	#regular	uk	1
НИЧИПОРЕНКО В.М.	#regular	uk	84
НИЩУК Є.М.	#regular	uk	273
НОВІКОВ М.М.	#regular	uk	7
НОВІКОВ О.Ф.	#regular	uk	5
НОВІКОВА І.Ю.	#regular	ru	1
НОВІКОВА І.Ю.	#regular	uk	16
НОВАК Н.В.	#regular	ru	1
НОВАК Н.В.	#regular	uk	126
НОВИНСЬКИЙ В.В.	#regular	ru	25
НОВИНСЬКИЙ В.В.	#regular	uk	98
НОВОХАТЬКО Л.М.	#regular	uk	48
НОСОВ О.Г.	#regular	uk	6
ОВЧИННИКОВА Ю.Ю.	#regular	ru	1
ОВЧИННИКОВА Ю.Ю.	#regular	uk	96
ОГНЄВІЧ З.Л.	#regular	uk	14
ОДАРЧЕНКО А.М.	#regular	uk	3
ОДАРЧЕНКО Ю.В.	#regular	be	1
ОДАРЧЕНКО Ю.В.	#regular	bg	1
ОДАРЧЕНКО Ю.В.	#regular	ru	3
ОДАРЧЕНКО Ю.В.	#regular	uk	1579
ОДАРЧЕНКО Ю.В.	#regular	un	5
ОЛІЙНИК А.С.	#regular	uk	1
ОЛІЙНИК В.М.	#regular	mk	13
ОЛІЙНИК В.М.	#regular	ru	3
ОЛІЙНИК В.М.	#regular	uk	153
ОЛІЙНИК В.М.	#regular	un	2
ОМЕЛЬЧЕНКО В.П.	#regular	uk	27
ОМЕЛЬЯНОВИЧ Д.С.	#regular	uk	7
ОМЕЛЯН В.В.	#regular	uk	243
ОНИЩЕНКО О.Р.	#regular	ru	7
ОНУФРИК Б.С.	#regular	uk	11
ОПАНАСЕНКО О.В.	#regular	ru	2
ОПАНАСЕНКО О.В.	#regular	uk	101
ОПАНАЩЕНКО М.В.	#regular	uk	153
ОРЖЕЛЬ О.А.	#regular	uk	69
ОРЛОВСЬКИЙ О.С.	#regular	uk	6
ОРОБЕЦЬ Л.Ю.	#regular	uk	42
ОСАДЧУК А.П.	#regular	be	8
ОСАДЧУК А.П.	#regular	mk	1
ОСАДЧУК А.П.	#regular	ru	3
ОСАДЧУК А.П.	#regular	uk	212
ОСАУЛЕНКО Т.В.	#regular	uk	9
ОСТІРКОВА Т.Г.	#regular	uk	1
ОСТАПЕНКО А.Д.	#regular	ru	2
ОСТАПЕНКО А.Д.	#regular	uk	42
ОСТАПЧУК В.М.	#regular	ru	3
ОСТАПЧУК В.М.	#regular	uk	11
ОСТРІКОВ АТ	#regular	uk	1
ОСТРІКОВА Т.Г.	#regular	ru	6
ОСТРІКОВА Т.Г.	#regular	uk	1364
ОСТРІКОВА Т.Г.	#regular	un	3
ОСУХОВСЬКИЙ О.І.	#regular	ru	1
ОСУХОВСЬКИЙ О.І.	#regular	uk	173
ОХЕНДОВСЬКИЙ М.В.	#regular	uk	19
ПІДБЕРЕЗНЯК В.І.	#regular	uk	11
ПІДЛІСЕЦЬКИЙ Л.Т.	#regular	be	1
ПІДЛІСЕЦЬКИЙ Л.Т.	#regular	ru	9
ПІДЛІСЕЦЬКИЙ Л.Т.	#regular	uk	393
ПІДЛІСЕЦЬКИЙ Л.Т.	#regular	un	1
ПІДЛІСЕЬКИЙ Л.Т.	#regular	uk	1
ПІДЛАСА Р.А.	#regular	ru	3
ПІДЛАСА Р.А.	#regular	uk	322
ПІЛІСЕЦЬКИЙ Л.Т.	#regular	uk	3
ПІНЧУК А.П.	#regular	uk	26
ПІНЧУК М.Г.	#regular	be	1
ПІНЧУК М.Г.	#regular	ru	1
ПІНЧУК М.Г.	#regular	uk	192
ПІНЧУК М.Г.	#regular	un	2
ПІПА Н.Р.	#regular	ru	4
ПІПА Н.Р.	#regular	uk	252
ПІЩАНСЬКА О.С.	#regular	uk	5
ПАВЕЛКО А.В.	#regular	ru	2
ПАВЕЛКО А.В.	#regular	uk	93
ПАВЕЛКО А.В.	#regular	un	1
ПАВЛІШ П.В.	#regular	ru	3
ПАВЛІШ П.В.	#regular	uk	125
ПАВЛЕНКО О.М.	#regular	ru	1
ПАВЛЕНКО О.М.	#regular	uk	77
ПАВЛЕНКО О.С.	#regular	uk	30
ПАВЛЕНКО Р.М.	#regular	ru	1
ПАВЛЕНКО Р.М.	#regular	uk	259
ПАВЛЕНКО Ю.О.	#regular	ru	1
ПАВЛЕНКО Ю.О.	#regular	uk	1250
ПАВЛОВ К.Ю.	#regular	ru	44
ПАВЛОВ К.Ю.	#regular	uk	83
ПАВЛОВСЬКИЙ І.В.	#regular	uk	11
ПАВЛОВСЬКИЙ А.М.	#regular	ru	3
ПАВЛОВСЬКИЙ А.М.	#regular	uk	199
ПАВЛОВСЬКИЙ П.І.	#regular	uk	33
ПАВЛЮК М.В.	#regular	ru	2
ПАВЛЮК М.В.	#regular	uk	89
ПАЗИНЯК В.С.	#regular	uk	10
ПАЛАМАРЧУК М.П.	#regular	ru	2
ПАЛАМАРЧУК М.П.	#regular	sr	1
ПАЛАМАРЧУК М.П.	#regular	uk	536
ПАЛАТНИЙ А.Л.	#regular	uk	150
ПАЛИЦЯ І.П.	#regular	uk	87
ПАНАІОТІДІ С.М.	#regular	uk	19
ПАНЬКЕВИЧ О.І.	#regular	ru	1
ПАНЬКЕВИЧ О.І.	#regular	uk	107
ПАОЛО АЛЛІ	#regular	uk	16
ПАПІЄВ М.М.	#regular	ru	7
ПАПІЄВ М.М.	#regular	uk	1879
ПАРАСКІВ О.Д.	#regular	ru	6
ПАРАСКІВ О.Д.	#regular	uk	24
ПАРАСЮК В.З.	#regular	be	1
ПАРАСЮК В.З.	#regular	uk	243
ПАРУБІЙ А.В.	#chair	be	2048
ПАРУБІЙ А.В.	#chair	bg	14
ПАРУБІЙ А.В.	#chair	mk	34
ПАРУБІЙ А.В.	#chair	ru	1538
ПАРУБІЙ А.В.	#chair	sr	10
ПАРУБІЙ А.В.	#chair	uk	99656
ПАРУБІЙ А.В.	#chair	un	9
ПАРУБІЙ А.В.	#chair	ur	1
ПАРУБІЙ А.В.	#regular	be	16
ПАРУБІЙ А.В.	#regular	ru	15
ПАРУБІЙ А.В.	#regular	uk	1804
ПАРУБІЙ А.В.	#regular	un	1
ПАРУБОК О.Н.	#regular	uk	3
ПАРФЕНЕНКО Д.М.	#regular	uk	17
ПАСІЧНИЙ О.С.	#regular	uk	24
ПАСТУХ Т.Т.	#regular	ru	2
ПАСТУХ Т.Т.	#regular	uk	474
ПАЦКАН В.В.	#regular	uk	524
ПАЦКАН В.В.	#regular	un	1
ПАШИНСЬКИЙ С.В.	#regular	ru	1
ПАШИНСЬКИЙ С.В.	#regular	uk	549
ПАШКОВСЬКИЙ М.І.	#regular	uk	2
ПЕРЕБИЙНІС М.В.	#regular	uk	6
ПЕРЕВЕЗЕНЦЕВ О.Ю.	#regular	uk	2
ПЕРЕПЕЛЮК В.Г.	#regular	uk	1
ПЕТРАШКО І.Р.	#regular	ru	1
ПЕТРАШКО І.Р.	#regular	uk	65
ПЕТРЕНКО А.Г.	#regular	uk	7
ПЕТРЕНКО О.М.	#regular	uk	28
ПЕТРЕНКО П.Д.	#regular	ru	1
ПЕТРЕНКО П.Д.	#regular	uk	804
ПЕТРЕНКО П.П.	#regular	uk	6
ПЕТРУНЯК Є.В.	#regular	uk	10
ПЕТУХОВ С.І.	#regular	ru	1
ПЕТУХОВ С.І.	#regular	uk	108
ПЕТЬОВКА В.В.	#regular	uk	4
ПЕХОВ В.А.	#regular	uk	5
ПИВОВАРОВ Є.П.	#regular	uk	37
ПИВОВАРСЬКИЙ А.М.	#regular	uk	104
ПИЛИПЕНКО В.П.	#regular	ru	1
ПИЛИПЕНКО В.П.	#regular	uk	224
ПИЛИПИШИН В.П.	#regular	uk	10
ПИНЗЕНИК В.М.	#regular	ru	1
ПИНЗЕНИК В.М.	#regular	uk	1102
ПИНЗЕНИК П.В.	#regular	uk	893
ПИРОЖЕНКО О.В.	#regular	ru	1
ПИРОЖЕНКО О.В.	#regular	uk	21
ПИСАРЕНКО В.В.	#regular	ru	7
ПИСАРЕНКО В.В.	#regular	uk	1074
ПИСАРУК О.В.	#regular	uk	10
ПИШНИЙ А.Г.	#regular	uk	78
ПЛАЧКОВ Г.І.	#regular	uk	21
ПЛАЧКОВА Т.М.	#regular	uk	295
ПЛЕНКОВИЧ АНДРЕЙ	#regular	uk	40
ПЛУКАР В.В.	#regular	uk	3
ПОБЕР І.М.	#regular	uk	22
ПОБОЧІХ М.О.	#regular	uk	3
ПОДОЛЯК І.І.	#regular	be	1
ПОДОЛЯК І.І.	#regular	ru	3
ПОДОЛЯК І.І.	#regular	uk	318
ПОЛІЩУК О.М.	#regular	uk	23
ПОЛОЧАНІНОВ В.Г.	#regular	uk	5
ПОЛОЧАНІНОВ В.Г.	#regular	un	1
ПОЛТОРАК С.Т.	#regular	uk	87
ПОЛУЙКО В.Ю.	#regular	uk	6
ПОЛЯК В.М.	#regular	uk	11
ПОЛЯКОВ А.Е.	#regular	ru	3
ПОЛЯКОВ А.Е.	#regular	sr	1
ПОЛЯКОВ А.Е.	#regular	uk	622
ПОЛЯКОВ В.Л.	#regular	uk	8
ПОЛЯКОВ М.А.	#regular	uk	93
ПОЛЯЧЕНКО Ю.В.	#regular	uk	2
ПОМАЗАНОВ А.В.	#regular	uk	378
ПОНОМАРЬОВ А.В.	#regular	ru	15
ПОНОМАРЬОВ А.В.	#regular	uk	27
ПОНОМАРЬОВ О.С.	#regular	be	1
ПОНОМАРЬОВ О.С.	#regular	ru	10
ПОНОМАРЬОВ О.С.	#regular	uk	253
ПОПЕСКУ І.В.	#regular	uk	130
ПОПЛАВСЬКИЙ М.М.	#regular	uk	1
ПОПОВ І.В.	#regular	uk	142
ПОПОВА Л.В.	#regular	uk	16
ПОПОВА Т.В.	#regular	uk	3
ПОПОВИЧ І.М.	#regular	uk	14
ПОРОШЕНКО О.П.	#regular	uk	66
ПОРОШЕНКО П.О.	#regular	ru	7
ПОРОШЕНКО П.О.	#regular	uk	1308
ПОРТНОВ А.В.	#regular	uk	55
ПОРШЕНКО П.О.	#regular	uk	24
ПОСТІВИЙ С.О.	#regular	uk	1
ПОТУРАЄВ М.Р.	#regular	ru	1
ПОТУРАЄВ М.Р.	#regular	uk	225
ПОЯРКОВ В.О.	#regular	uk	4
ПРАСОЛОВ І.М.	#regular	ru	2
ПРАСОЛОВ І.М.	#regular	uk	50
ПРЕСМАН О.С.	#regular	ru	1
ПРЕСМАН О.С.	#regular	uk	15
ПРИВАЛОВ О.В.	#regular	uk	15
ПРИПУТЕНЬ Д.С.	#regular	uk	16
ПРИСТАЙКО В.В.	#regular	uk	136
ПРИСЯЖНЮК М.В.	#regular	uk	117
ПРИСЯЖНЮК О.А.	#regular	ru	35
ПРИСЯЖНЮК О.А.	#regular	uk	25
ПРИХОДЬКО Б.В.	#regular	uk	90
ПРИХОДЬКО Н.І.	#regular	ru	6
ПРИХОДЬКО Н.І.	#regular	uk	45
ПРОДАН О.П.	#regular	bg	1
ПРОДАН О.П.	#regular	ru	2
ПРОДАН О.П.	#regular	uk	800
ПРОДАН Ю.В.	#regular	uk	86
ПРОСКУРЯКОВ О.А.	#regular	uk	23
ПРОХОРЕНКО О.В.	#regular	uk	13
ПРОЩУК Е.П.	#regular	ru	1
ПРОЩУК Е.П.	#regular	uk	58
ПТАШНИК В.Ю.	#regular	ru	3
ПТАШНИК В.Ю.	#regular	uk	902
ПТАШНИК В.Ю.	#regular	un	1
ПУЗІЙЧУК А.В.	#regular	ru	3
ПУЗІЙЧУК А.В.	#regular	uk	1062
ПУЗІЙЧУК А.В.	#regular	un	2
ПУЗАНОВ О.Г.	#regular	uk	90
ПУЗАНОВ О.Г.	#regular	un	1
ПУШКАРЕНКО А.М.	#regular	uk	212
ПШЕНІЧКА П.Ф.	#regular	uk	16
ПШОНКА В.П.	#regular	uk	70
РЄПІНА Е.А.	#regular	uk	31
РІЗАНЕНКО П.О.	#regular	ru	2
РІЗАНЕНКО П.О.	#regular	uk	433
РІКАРДУ БЕШІГА	#regular	uk	8
РАБІНОВИЧ В.З.	#regular	ru	28
РАБІНОВИЧ В.З.	#regular	uk	118
РАДІНА А.О.	#regular	uk	117
РАДУТНИЙ С.І.	#regular	uk	11
РАДУЦЬКИЙ М.Б.	#regular	ru	1
РАДУЦЬКИЙ М.Б.	#regular	uk	340
РАДЧЕНКО Є.В.	#regular	uk	2
РАЗВАДОВСЬКИЙ В.Й.	#regular	ru	1
РАЗВАДОВСЬКИЙ В.Й.	#regular	uk	48
РАЗУМКОВ Д.О.	#chair	be	19
РАЗУМКОВ Д.О.	#chair	bg	13
РАЗУМКОВ Д.О.	#chair	mk	5
РАЗУМКОВ Д.О.	#chair	ru	959
РАЗУМКОВ Д.О.	#chair	sr	17
РАЗУМКОВ Д.О.	#chair	uk	58904
РАЗУМКОВ Д.О.	#chair	un	50
РАЗУМКОВ Д.О.	#regular	ru	3
РАЗУМКОВ Д.О.	#regular	uk	406
РАТАС Ю.	#regular	uk	11
РАТУШНЯК В.І.	#regular	uk	9
РАУПОВ Р.Б.	#regular	uk	8
РАХМАНІН С.І.	#regular	ru	1
РАХМАНІН С.І.	#regular	uk	460
РБЯБЧИН О.М.	#regular	uk	2
РЕВА А.О.	#regular	ru	5
РЕВА А.О.	#regular	uk	476
РЕВЕГА О.В.	#regular	uk	44
РЕВЕНКО А.Д.	#regular	uk	11
РЕЗНІКОВ О.Ю.	#regular	uk	327
РЕКА А.О.	#regular	uk	38
РЕФАТ ЧУБАРОВ	#regular	uk	21
РИБАК І.П.	#regular	ru	1
РИБАК І.П.	#regular	uk	717
РИБАК В.В.	#chair	be	21
РИБАК В.В.	#chair	bg	6
РИБАК В.В.	#chair	mk	14
РИБАК В.В.	#chair	ru	708
РИБАК В.В.	#chair	sr	8
РИБАК В.В.	#chair	uk	17615
РИБАК В.В.	#regular	ru	1
РИБАК В.В.	#regular	uk	90
РИБАК С.О.	#regular	uk	10
РИБАЛКА С.В.	#regular	ru	21
РИБАЛКА С.В.	#regular	uk	341
РИБАЧУК Ю.А.	#regular	uk	3
РИБЧИНСЬКИЙ Є.Ю.	#regular	ru	1
РИБЧИНСЬКИЙ Є.Ю.	#regular	uk	273
РИЖЕНКОВ О.М.	#regular	ru	1
РИЖЕНКОВ О.М.	#regular	uk	43
РИЧКОВА Т.Б.	#regular	uk	105
РОБЕРТ ХАНТЕР	#regular	uk	11
РОБЕРТА МЕЦОЛА	#regular	uk	14
РОГОВА В.Б.	#regular	uk	9
РОЗЕНБЛАТ Б.С.	#regular	uk	313
РОЗЕНКО П.В.	#regular	ru	3
РОЗЕНКО П.В.	#regular	uk	1138
РОЗЕНОКО П.В.	#regular	uk	1
РОМАНІШИН О.В.	#regular	uk	4
РОМАНОВ М.І.	#regular	uk	14
РОМАНОВА А.А.	#regular	uk	373
РОМАНОВА Н.А.	#regular	uk	9
РОМАНОВСЬКИЙ О.В.	#regular	uk	17
РОМАНЮК В.М.	#regular	uk	9
РОМАНЮК Р.С.	#regular	uk	78
РОМАНЮК Я.М.	#regular	uk	89
РОМЕНСЬКИЙ Д.В.	#regular	uk	24
РУБЛЬОВ В.В.	#regular	uk	34
РУДЕНКО О.С.	#regular	uk	7
РУДИК К.О.	#regular	ru	2
РУДИК К.О.	#regular	uk	161
РУДИК С.Я.	#regular	uk	1018
РУДЬКОВСЬКИЙ М.М.	#regular	ru	2
РУДЬКОВСЬКИЙ М.М.	#regular	uk	430
РУСНАК І.С.	#regular	uk	118
РУТИЦЬКА В.В.	#regular	uk	3
РУЩИШИН Я.І.	#regular	ru	18
РУЩИШИН Я.І.	#regular	uk	227
РЯБІКІН П.Б.	#regular	uk	35
РЯБОШАПКА Р.Г.	#regular	uk	91
РЯБУХА Т.В.	#regular	uk	40
РЯБЧЕНКО О.В.	#regular	uk	4
РЯБЧИН О.М.	#regular	be	1
РЯБЧИН О.М.	#regular	ru	4
РЯБЧИН О.М.	#regular	uk	959
РЯБЧИН О.М.	#regular	un	1
СІГАЛ Є.Я.	#regular	uk	7
СІКОРА О.М.	#regular	uk	13
СІРИЙ М.І.	#regular	uk	20
САБІЙ І.М.	#regular	ru	1
САБІЙ І.М.	#regular	uk	173
САБАШУК П.П.	#regular	ru	2
САБАШУК П.П.	#regular	uk	92
САВКА І.І.	#regular	uk	197
САВРАСОВ М.В.	#regular	uk	99
САВЧЕНКО Н.В.	#regular	ru	1
САВЧЕНКО Н.В.	#regular	uk	110
САВЧЕНКО О.С.	#regular	uk	10
САВЧЕНКО О.Ю.	#regular	ru	1
САВЧЕНКО О.Ю.	#regular	uk	4
САВЧУК О.В.	#regular	uk	207
САВЧУК С.Д.	#regular	uk	23
САВЧУК Ю.П.	#regular	uk	39
САДОВ’ЯК І.Д.	#regular	uk	4
САЖКО С.М.	#regular	ru	5
САЖКО С.М.	#regular	uk	117
САКВАРЕЛІДЗЕ Д.	#regular	ru	4
САЛІЙЧУК О.В.	#regular	uk	4
САЛАДУХА О.В.	#regular	uk	8
САЛАМАХА О.І.	#regular	uk	13
САЛЬДО В.В.	#regular	uk	49
САЛЮТІН Р.В.	#regular	uk	2
САМОЙЛЕНКО В.П.	#regular	uk	63
САМОЙЛЕНКО Ю.П.	#regular	ru	1
САМОЙЛИК К.С.	#regular	uk	7
САМСІН І.Л.	#regular	ru	4
САМСІН І.Л.	#regular	uk	420
САНДЕР ЛЕВІН	#regular	uk	14
САНЧЕНКО О.В.	#regular	uk	18
САС С.В.	#regular	ru	1
САС С.В.	#regular	uk	140
САУДАРГАС П.	#regular	uk	5
СВІНЦІЦЬКА О.П.	#regular	uk	2
СВІТЛИЧНА Ю.О.	#regular	uk	20
СВЕТЕЛІК О.Д.	#regular	uk	70
СВИРИДЕНКО Ю.А.	#regular	uk	43
СВЯТАШ Д.В.	#regular	uk	23
СЕВОСТЬЯНОВА Н.І.	#regular	uk	56
СЕВРУК Ю.Г.	#regular	uk	14
СЕВРЮКОВ В.В.	#regular	uk	66
СЕМІНСЬКИЙ О.В.	#regular	uk	26
СЕМЕНУХ Р.С.	#regular	un	1
СЕМЕНУХА Р.С.	#regular	be	1
СЕМЕНУХА Р.С.	#regular	ru	6
СЕМЕНУХА Р.С.	#regular	sr	2
СЕМЕНУХА Р.С.	#regular	uk	1780
СЕМЕНЧЕНКО С.І.	#regular	ru	81
СЕМЕНЧЕНКО С.І.	#regular	uk	40
СЕМЕНЮК А.О.	#regular	uk	9
СЕМЕРАК О.М.	#regular	be	1
СЕМЕРАК О.М.	#regular	uk	384
СЕМИНОЖЕНКО В.П.	#regular	uk	3
СЕМЧУК Г.М.	#regular	uk	22
СЕННИЧЕНКО Д.В.	#regular	uk	13
СЕНЧЕНКО А.В.	#regular	uk	29
СЕРВАТЮК В.М.	#regular	uk	13
СЕХ І.І.	#regular	ru	2
СЕХ І.І.	#regular	uk	153
СИВАК О.В.	#regular	uk	3
СИДОРОВИЧ Р.М.	#regular	bg	1
СИДОРОВИЧ Р.М.	#regular	ru	43
СИДОРОВИЧ Р.М.	#regular	sr	1
СИДОРОВИЧ Р.М.	#regular	uk	1446
СИДОРОВИЧ Р.М.	#regular	un	9
СИДОРЧУК В.В.	#regular	uk	6
СИДРОВИЧ Р.М.	#regular	uk	3
СИЛАНТЄВ Д.О.	#regular	uk	3
СИЛАНТЬЄВ Д.О.	#regular	ru	58
СИЛАНТЬЄВ Д.О.	#regular	uk	344
СИМОНЕНКО М.П.	#regular	ru	1
СИМОНЕНКО П.М.	#regular	ru	379
СИМОНЕНКО П.М.	#regular	uk	652
СИНЮТКА О.М.	#regular	ru	1
СИНЮТКА О.М.	#regular	uk	173
СИРОЇД О.І.	#chair	be	232
СИРОЇД О.І.	#chair	bg	6
СИРОЇД О.І.	#chair	mk	1
СИРОЇД О.І.	#chair	ru	1260
СИРОЇД О.І.	#chair	sr	4
СИРОЇД О.І.	#chair	uk	26016
СИРОЇД О.І.	#chair	un	3
СИРОЇД О.І.	#regular	ru	6
СИРОЇД О.І.	#regular	uk	508
СИРОДОРОВИЧ Р.М.	#regular	uk	1
СИРОТЮК О.М.	#regular	uk	34
СИРОТЮК Ю.М.	#regular	ru	1
СИРОТЮК Ю.М.	#regular	uk	230
СИСОЄНКО І.В.	#regular	ru	2
СИСОЄНКО І.В.	#regular	uk	635
СИТНИК А.С.	#regular	uk	50
СИЧ О.М.	#regular	uk	114
СКІЧКО О.О.	#regular	uk	71
СКАЛЕЦЬКА З.С.	#regular	uk	90
СКАРБОВІЙЧУК Р.В.	#regular	ru	6
СКАРБОВІЙЧУК Р.В.	#regular	uk	5
СКОРИК М.Л.	#regular	ru	1
СКОРИК М.Л.	#regular	uk	706
СКОРОХОД А.К.	#regular	be	1
СКОРОХОД А.К.	#regular	ru	14
СКОРОХОД А.К.	#regular	uk	433
СКОРОХОД А.К.	#regular	un	3
СКОРОХОД К.	#regular	uk	13
СКРИПКА Т.В.	#regular	uk	12
СКРИПНИК О.О.	#regular	ru	1
СКРИПНИК О.О.	#regular	uk	67
СКУРАТОВСЬКИЙ С.І.	#regular	ru	1
СКУРАТОВСЬКИЙ С.І.	#regular	uk	1
СКУТЕЛЬНИК П.Ф.	#regular	ru	1
СКУТЕЛЬНИК П.Ф.	#regular	uk	12
СЛІДЕНКО І.Д.	#regular	uk	2
СЛІПАЧУК Т.В.	#regular	uk	10
СЛАВИЦЬКА А.К.	#regular	uk	119
СЛЮЗ Т.Я.	#regular	ru	1
СЛЮЗ Т.Я.	#regular	uk	93
СМІТЮХ Г.Є.	#regular	ru	1
СМІТЮХ Г.Є.	#regular	uk	137
СМАЧИЛО І.В.	#regular	uk	2
СМОЛІЙ Я.В.	#regular	uk	165
СОБОЛЄВ Є.В.	#regular	be	1
СОБОЛЄВ Є.В.	#regular	ru	6
СОБОЛЄВ Є.В.	#regular	uk	1327
СОБОЛЄВ С.В.	#regular	ru	22
СОБОЛЄВ С.В.	#regular	uk	3337
СОБОЛЄВ С.В.	#regular	un	4
СОБОЛЕВСЬКИЙ Г.Г.	#regular	uk	4
СОВА О.Г.	#regular	uk	41
СОВГИРЯ О.В.	#regular	uk	166
СОВСУН І.Р.	#regular	ru	1
СОВСУН І.Р.	#regular	uk	665
СОКОЛОВСЬКА Ю.С.	#regular	uk	7
СОКОЛЮК М.Ю.	#regular	ru	1
СОКОЛЮК М.Ю.	#regular	uk	46
СОЛОВЕЙ Ю.І.	#regular	uk	993
СОЛОМЧУК Д.В.	#regular	uk	18
СОЛОШЕНКО М.П.	#regular	ru	2
СОЛОШЕНКО М.П.	#regular	uk	1
СОЛЬВАР Р.М.	#regular	uk	8
СОЛЬОНА Н.М.	#regular	uk	10
СОЛЬСЬКИЙ М.Т.	#regular	ru	3
СОЛЬСЬКИЙ М.Т.	#regular	uk	796
СОЛЯР В.М.	#regular	uk	3
СОРІН ДУМІТРУ ДУКАРУ	#regular	uk	13
СОРКІН І.В.	#regular	uk	12
СОРОКА М.П.	#regular	uk	1
СОРОЧИНСЬКА-КИРИЛЕНКО Р.М.	#regular	uk	8
СОТНИК О.	#regular	uk	3
СОТНИК О.С.	#regular	be	2
СОТНИК О.С.	#regular	ru	2
СОТНИК О.С.	#regular	uk	1656
СОХА Р.В.	#regular	uk	19
СОЧКА О.О.	#regular	uk	1
СПІВАКОВСЬКИЙ О.В.	#regular	ru	5
СПІВАКОВСЬКИЙ О.В.	#regular	uk	914
СПІРІНА І.Д.	#regular	ru	37
СПІРІНА І.Д.	#regular	uk	33
СПОРИШ І.Д.	#regular	be	1
СПОРИШ І.Д.	#regular	ru	2
СПОРИШ І.Д.	#regular	uk	1006
СТАВИЦЬКИЙ Е.А.	#regular	uk	69
СТАВНІЙЧУК М.І.	#regular	ru	1
СТАВНІЙЧУК М.І.	#regular	uk	30
СТАВЧУК І.І.	#regular	uk	2
СТАДНІЙЧУК Р.В.	#regular	uk	1
СТАДНІЙЧУК Р.М.	#regular	uk	1
СТАШУК В.Ф.	#regular	ru	2
СТАШУК В.Ф.	#regular	uk	104
СТЕБЛИНСЬКИЙ М.М.	#regular	uk	4
СТЕПАНЕНКО А.А.	#regular	ru	1
СТЕПАНОВ М.В.	#regular	uk	641
СТЕРНІЙЧУК В.О.	#regular	uk	1
СТЕФАН РОМАНІВ	#regular	uk	14
СТЕФАНІШИНА О.В.	#regular	uk	27
СТЕФАНИШИНА О.А.	#regular	ru	4
СТЕФАНИШИНА О.А.	#regular	uk	375
СТЕФАНЧУК М.О.	#regular	uk	35
СТЕФАНЧУК Р.О.	#chair	be	291
СТЕФАНЧУК Р.О.	#chair	bg	5
СТЕФАНЧУК Р.О.	#chair	mk	4
СТЕФАНЧУК Р.О.	#chair	ru	203
СТЕФАНЧУК Р.О.	#chair	sr	3
СТЕФАНЧУК Р.О.	#chair	uk	44880
СТЕФАНЧУК Р.О.	#chair	un	2
СТЕФАНЧУК Р.О.	#regular	be	2
СТЕФАНЧУК Р.О.	#regular	ru	10
СТЕФАНЧУК Р.О.	#regular	uk	1083
СТЕЦЕНКО Д.О.	#regular	uk	3
СТЕЦЬ Ю.Я.	#regular	ru	2
СТЕЦЬ Ю.Я.	#regular	uk	45
СТОЙКО І.М.	#regular	uk	109
СТОРОЖУК Д.А.	#regular	uk	10
СТОЯН О.М.	#regular	ru	1
СТОЯН О.М.	#regular	uk	113
СТРІЛЕЦЬ Р.О.	#regular	uk	18
СТРІХА М.В.	#regular	uk	24
СТРІХАРСЬКИЙ А.П.	#regular	uk	25
СТРУНЕВИЧ В.О.	#regular	uk	2
СУГОНЯКО О.Л.	#regular	uk	55
СУКМАНОВА О.В.	#regular	ru	1
СУКМАНОВА О.В.	#regular	uk	43
СУПРУН У.	#regular	uk	3
СУПРУН У.Н.	#regular	ru	1
СУПРУН У.Н.	#regular	uk	94
СУПРУНЕНКО О.І.	#regular	uk	32
СУРКІС Г.М.	#regular	uk	1
СУСЛОВА І.М.	#regular	sr	1
СУСЛОВА І.М.	#regular	uk	166
СУХАЧОВ О.О.	#regular	uk	81
СУХИЙ Я.М.	#regular	uk	470
СУХОВ О.С.	#regular	ru	2
СУХОВ О.С.	#regular	sr	2
СУХОВ О.С.	#regular	uk	38
СУШКЕВИЧ В.М.	#regular	ru	1
СУШКЕВИЧ В.М.	#regular	uk	353
СУШКО О.В.	#regular	uk	24
СУШКО П.М.	#regular	uk	179
СЮМАР В.В.	#regular	uk	7
СЮМАР В.П.	#regular	ru	8
СЮМАР В.П.	#regular	uk	1191
ТІГІПКО С.Л.	#regular	uk	74
ТІМІШ Г.І.	#regular	uk	108
ТІСТИК Р.Я.	#regular	uk	46
ТІТАРЧУК М.І.	#regular	uk	122
ТАБАЛОВ А.О.	#regular	uk	18
ТАБАЧНИК Д.В.	#regular	uk	106
ТАЛЬКО В.В.	#regular	uk	13
ТАРАН А.В.	#regular	uk	63
ТАРАСЕНКО Т.П.	#regular	uk	48
ТАРАСОВ О.С.	#regular	ru	1
ТАРАСОВ О.С.	#regular	uk	11
ТАРАСЮК Б.І.	#regular	ru	1
ТАРАСЮК Б.І.	#regular	uk	260
ТАРАСЮК В.В.	#regular	uk	53
ТАРУТА С.О.	#regular	ru	16
ТАРУТА С.О.	#regular	uk	89
ТАРУТА С.О.	#regular	un	1
ТАХТАЙ О.В.	#regular	uk	10
ТЕВЕЛЄВ Д.М.	#regular	uk	13
ТЕВЕЛІВ Д.М.	#regular	uk	2
ТЕМНИК Г.П.	#regular	uk	22
ТЕНЮХ І.Й.	#regular	uk	27
ТЕРЕЩЕНКО А.В.	#regular	uk	5
ТЕРЛЕЦЬКИЙ Р.	#regular	uk	4
ТЕРТЬЯКОВ О.Ю.	#regular	ru	1
ТЕРЬОХІН С.А.	#regular	ru	1
ТЕРЬОХІН С.А.	#regular	uk	134
ТЕТЕРУК А.А.	#regular	ru	3
ТЕТЕРУК А.А.	#regular	uk	649
ТИГІПКО С.Л.	#regular	uk	2
ТИГНИБОК О.Я.	#regular	uk	1
ТИМОФІЙЧУК В.Я.	#regular	uk	3
ТИМОШЕНКО В.А.	#regular	uk	8
ТИМОШЕНКО О.В.	#regular	uk	1
ТИМОШЕНКО Ю.В.	#regular	ru	11
ТИМОШЕНКО Ю.В.	#regular	uk	3052
ТИМОШЕНКО Ю.В.	#regular	un	2
ТИМЧУК Д.Б.	#regular	uk	31
ТИЩЕНКО М.М.	#regular	uk	23
ТКАЛЕНКО І.І.	#regular	uk	2
ТКАЧЕНКО М.М.	#regular	ru	1
ТКАЧЕНКО М.М.	#regular	uk	29
ТКАЧЕНКО О.В.	#regular	uk	133
ТКАЧЕНКО О.М.	#regular	uk	9
ТКАЧУК Г.В.	#regular	uk	19
ТОБАЙЯС ЕЛВУД	#regular	uk	10
ТОМАШ ГРОДЗЬКИЙ	#regular	uk	24
ТОМЕНКО В.М.	#regular	uk	1
ТОМЕНКО М.В.	#regular	uk	1368
ТОМЕНКО М.В.	#regular	un	1
ТОМЕНОКО М.В.	#regular	uk	2
ТОПАЛОВ С.В.	#regular	ru	1
ТОПАЛОВ С.В.	#regular	uk	2
ТОПЧІЙ В.М.	#regular	uk	3
ТОЧИЦЬКИЙ М.С.	#regular	uk	3
ТРЕБУШКІН Р.В.	#regular	uk	36
ТРЕТЬЯКОВ О.Ю.	#regular	ru	143
ТРЕТЬЯКОВ О.Ю.	#regular	uk	211
ТРЕТЬЯКОВА Г.М.	#regular	ru	3
ТРЕТЬЯКОВА Г.М.	#regular	uk	502
ТРЕТЯКОВ О.Ю.	#regular	ru	4
ТРИГУБЕНКО С.М.	#regular	uk	8
ТРОФІМЦЕВА О.В.	#regular	uk	14
ТРОЯН В.А.	#regular	uk	68
ТРУБА Р.М.	#regular	uk	8
ТРУБАРОВ В.М.	#regular	uk	3
ТРУХІН О.М.	#regular	uk	226
ТУКА Г.Б.	#regular	uk	3
ТУПИЦЬКИЙ О.М.	#regular	uk	1
ТУРМАНОВ В.І.	#regular	ru	28
ТУРМАНОВ В.І.	#regular	uk	8
ТУРЧИНОВ В.О.	#regular	uk	7
ТУРЧИНОВ О.В.	#chair	be	71
ТУРЧИНОВ О.В.	#chair	bg	5
ТУРЧИНОВ О.В.	#chair	mk	7
ТУРЧИНОВ О.В.	#chair	ru	76
ТУРЧИНОВ О.В.	#chair	sr	3
ТУРЧИНОВ О.В.	#chair	uk	16793
ТУРЧИНОВ О.В.	#chair	un	5
ТУРЧИНОВ О.В.	#regular	ru	1
ТУРЧИНОВ О.В.	#regular	uk	311
ТУХІН О.М.	#regular	ru	1
ТЯГНИБОК А.Я.	#regular	uk	32
ТЯГНИБОК О.Я.	#regular	bg	1
ТЯГНИБОК О.Я.	#regular	ru	2
ТЯГНИБОК О.Я.	#regular	uk	750
УДОВИЧЕНКО О.С.	#regular	ru	1
УДОВИЧЕНКО О.С.	#regular	uk	129
УДОД Є.Г.	#regular	uk	5
УЛИДА В.Ю.	#regular	uk	4
УЛЮТІН Д.В.	#regular	uk	10
УМЄРОВ Р.Е.	#regular	uk	94
УМАНСЬКИЙ І.І.	#regular	uk	93
УНГУРЯН П.Я.	#regular	uk	292
УРБАНСЬКИЙ А.І.	#regular	ru	2
УРБАНСЬКИЙ А.І.	#regular	uk	50
УРБАНСЬКИЙ О.І.	#regular	uk	37
УРСУЛА ФОН ДЕР ЛЯЄН	#regular	uk	19
УРУСЬКИЙ О.С.	#regular	uk	8
УСОВ К.Г.	#regular	be	2
УСОВ К.Г.	#regular	uk	45
УСТІНОВА О.Ю.	#regular	be	1
УСТІНОВА О.Ю.	#regular	ru	5
УСТІНОВА О.Ю.	#regular	sr	1
УСТІНОВА О.Ю.	#regular	uk	437
УСТЕНКО О.О.	#regular	uk	72
УСТИМЕНКО С.О.	#regular	uk	9
ФІЛАТОВ Б.А.	#regular	ru	5
ФІЛАТОВ О.В.	#regular	ru	1
ФІЛАТОВ О.В.	#regular	uk	114
ФІРСОВ Є.П.	#regular	ru	25
ФІРСОВ Є.П.	#regular	uk	19
ФАЄРМАРК С.О.	#regular	ru	1
ФАЄРМАРК С.О.	#regular	uk	12
ФАБРИКАНТ С.С.	#regular	ru	19
ФАБРИКАНТ С.С.	#regular	uk	4
ФАЗІКОШ Г.В.	#regular	uk	1
ФАРІОН І.Д.	#chair	uk	238
ФАРІОН І.Д.	#regular	uk	201
ФЕДІЄНКО О.П.	#regular	ru	2
ФЕДІЄНКО О.П.	#regular	sr	1
ФЕДІЄНКО О.П.	#regular	uk	213
ФЕДИНА С.Р.	#regular	ru	2
ФЕДИНА С.Р.	#regular	uk	478
ФЕДОРОВИЧ Н.В.	#regular	uk	94
ФЕДОРУК М.Т.	#regular	ru	1
ФЕДОРУК М.Т.	#regular	uk	404
ФЕДЬКО І.В.	#regular	uk	8
ФЕЛЬДМАН О.Б.	#regular	uk	1
ФЕЩУК У.Ю.	#regular	uk	34
ФИЩУК О.Г.	#regular	uk	4
ФОМЕНКО І.О.	#regular	uk	4
ФОМЕНКО С.В.	#regular	uk	4
ФОРСЮК Н.В.	#regular	uk	2
ФРІЗ І.В.	#regular	be	1
ФРІЗ І.В.	#regular	ru	2
ФРІЗ І.В.	#regular	uk	274
ФРІС І.П.	#regular	ru	1
ФРІС І.П.	#regular	uk	309
ФРИЦЬКИЙ Ю.О.	#regular	uk	1
ФРОЛОВ М.О.	#regular	uk	27
ФРОЛОВ О.В.	#regular	uk	7
ФРОЛОВ П.В.	#regular	uk	165
ФУДАШКІН В.О.	#regular	uk	2
ФУДАШКІН Д.О.	#regular	uk	30
ФУРМАН О.	#regular	uk	4
ФУРМАН О.Ю.	#regular	uk	73
ФУРСІН І.Г.	#regular	uk	10
ХАЛІМОН П.В.	#regular	uk	38
ХАНЕНКО С.М.	#regular	uk	25
ХЛАНЬ С.В.	#regular	ru	1
ХЛАНЬ С.В.	#regular	uk	91
ХЛАПУК М.М.	#regular	uk	1
ХМІЛЬ М.М.	#regular	uk	98
ХОБЗЕЙ П.К.	#regular	uk	9
ХОДАКОВСЬКИЙ П.В.	#regular	uk	43
ХОЛОДНИЦЬКИЙ Н.І.	#regular	uk	34
ХОЛОДНИЦЬКИЙ Т.І.	#regular	uk	1
ХОЛОДОВ А.І.	#regular	ru	2
ХОЛОДОВ А.І.	#regular	uk	37
ХОЛОДОВ А.І.	#regular	un	1
ХОМЕНКО О.В.	#regular	uk	10
ХОМУТИННІК В.Ю.	#regular	be	1
ХОМУТИННІК В.Ю.	#regular	mk	1
ХОМУТИННІК В.Ю.	#regular	ru	6
ХОМУТИННІК В.Ю.	#regular	uk	424
ХОМУТИННІК В.Ю.	#regular	un	3
ХОМЧАК Р.Б.	#regular	uk	25
ХОЦЯНІВСЬКА Н.В.	#regular	uk	13
ХРИСТЕНКО Ф.В.	#regular	uk	29
ХРОМАЄВ Т.З.	#regular	uk	6
ЦАБАЛЬ В.В.	#regular	ru	9
ЦАБАЛЬ В.В.	#regular	uk	409
ЦАРЕВИЧ О.І.	#regular	uk	4
ЦАРЬОВ О.А.	#regular	ru	28
ЦАРЬОВ О.А.	#regular	uk	14
ЦИБА Т.В.	#regular	uk	6
ЦИБЕНКО П.С.	#regular	ru	1
ЦИБЕНКО П.С.	#regular	uk	338
ЦИМБАЛЮК М.М.	#regular	mk	1
ЦИМБАЛЮК М.М.	#regular	ru	8
ЦИМБАЛЮК М.М.	#regular	uk	1677
ЦИМБАЛЮК М.М.	#regular	un	1
ЧАЙКІВСЬКИЙ І.А.	#regular	uk	44
ЧЕБОТАР С.І.	#regular	uk	6
ЧЕНЕНКО О.М.	#regular	uk	1
ЧЕРВАКОВА О.В.	#regular	uk	256
ЧЕРЕНЕНКО О.М.	#regular	ru	1
ЧЕРЕНКО О.М.	#regular	uk	3
ЧЕРНЄВ Є.В.	#regular	uk	104
ЧЕРНЕГА Р.Т.	#regular	ru	1
ЧЕРНЕГА Р.Т.	#regular	uk	70
ЧЕРНЕКО О.М.	#regular	uk	1
ЧЕРНЕНКО О.М.	#regular	be	3
ЧЕРНЕНКО О.М.	#regular	bg	2
ЧЕРНЕНКО О.М.	#regular	mk	1
ЧЕРНЕНКО О.М.	#regular	ru	69
ЧЕРНЕНКО О.М.	#regular	sr	4
ЧЕРНЕНКО О.М.	#regular	uk	3437
ЧЕРНЕНКО О.М.	#regular	un	16
ЧЕРНИХ С.П.	#regular	uk	10
ЧЕРНИШ В.О.	#regular	uk	3
ЧЕРНИШОВ Д.В.	#regular	uk	15
ЧЕРНИШОВ О.М.	#regular	uk	18
ЧЕРНЯВСЬКИЙ С.М.	#regular	uk	1
ЧЕРНЯКОВ В.В.	#regular	uk	32
ЧЕХ С.М.	#regular	uk	17
ЧЕЧЕТКІН М.О.	#regular	uk	13
ЧЕЧЕТОВ М.	#regular	ru	1
ЧЕЧЕТОВ М.В.	#regular	ru	173
ЧЕЧЕТОВ М.В.	#regular	sr	1
ЧЕЧЕТОВ М.В.	#regular	uk	112
ЧЕЧОТКІН М.О.	#regular	uk	23
ЧИЖМАР Ю.В.	#regular	uk	3
ЧИЖМАРЬ Ю.В.	#regular	ru	3
ЧИЖМАРЬ Ю.В.	#regular	uk	317
ЧИЙГОЗ А.З.	#regular	ru	1
ЧИЙГОЗ А.З.	#regular	uk	69
ЧМІЛІТЄ-НІЛЬСЕН В.	#regular	uk	9
ЧОРНА Г.М.	#regular	uk	107
ЧОРНА О.С.	#regular	uk	7
ЧОРНИЙ В.І.	#regular	uk	35
ЧОРНИЙ Д.С.	#regular	ru	4
ЧОРНИЙ Д.С.	#regular	uk	89
ЧОРНОВОЛ Т.М.	#regular	ru	1
ЧОРНОВОЛ Т.М.	#regular	uk	183
ЧОРНОВОЛЕНКО О.В.	#regular	uk	127
ЧОРНОМОРОВ А.О.	#regular	ru	1
ЧОРНОМОРОВ А.О.	#regular	uk	165
ЧУЄВА К.Є.	#regular	uk	5
ЧУБ В.Є.	#regular	ru	14
ЧУБАРОВ Р.А.	#regular	uk	323
ЧУБАТЕНКО О.М.	#regular	uk	1
ЧУГУННІКОВ В.С.	#regular	ru	1
ЧУГУННІКОВ В.С.	#regular	uk	1
ЧУДНОВСЬКИЙ В.О.	#regular	ru	1
ЧУДНОВСЬКИЙ В.О.	#regular	uk	6
ЧУМАК В.В.	#regular	ru	1
ЧУМАК В.В.	#regular	uk	764
ЧУРКІНА О.І.	#regular	ru	1
ЧУРКІНА О.І.	#regular	uk	19
ШАЙТАН В.А.	#regular	uk	7
ШАМБІР М.І.	#regular	ru	1
ШАМБІР М.І.	#regular	uk	23
ШАПОВАЛОВ Ю.А.	#regular	ru	2
ШАПОВАЛОВ Ю.А.	#regular	uk	53
ШАПТАЛА Н.К.	#regular	uk	4
ШАРАСЬКІН А.А.	#regular	uk	112
ШАРОВ І.Ф.	#regular	uk	3
ШАТВОРЯН В.Г.	#regular	ru	1
ШАФРАНСЬКИЙ В.В.	#regular	uk	9
ШАХМАТЕНКО Р.С.	#regular	uk	4
ШАХОВ С.В.	#regular	ru	3
ШАХОВ С.В.	#regular	uk	1901
ШВАЙКА І.О.	#regular	uk	235
ШВАЧКО А.О.	#regular	ru	1
ШВАЧКО А.О.	#regular	uk	30
ШВЕРК Г.А.	#regular	ru	1
ШВЕРК Г.А.	#regular	uk	103
ШВЕЦЬ В.Д.	#regular	uk	43
ШВЕЦЬ С.Ф.	#regular	uk	21
ШЕВАЛЬОВ А.В.	#regular	uk	62
ШЕВЧЕНКО Є.В.	#regular	uk	46
ШЕВЧЕНКО І.А.	#regular	ru	1
ШЕВЧЕНКО І.А.	#regular	uk	3
ШЕВЧЕНКО А.В.	#regular	uk	109
ШЕВЧЕНКО В.В.	#regular	uk	6
ШЕВЧЕНКО В.Л.	#regular	uk	5
ШЕВЧЕНКО К.Є.	#regular	uk	5
ШЕВЧЕНКО О.Л.	#regular	uk	48
ШЕВЧЕНКО О.О.	#regular	uk	126
ШЕВЧУК О.Б.	#regular	uk	1
ШЕВЧУК О.М.	#regular	uk	26
ШЕВЧУК С.В.	#regular	uk	2
ШЕЛЕСТ О.В.	#regular	uk	3
ШЕНЦЕВ Д.О.	#regular	ru	1
ШЕРЕМЕТА В.В.	#regular	uk	9
ШЕРЕМЕТА П.В.	#regular	uk	5
ШЕРЕМЕТА П.М.	#regular	uk	79
ШИДЛОВСЬКИЙ В.Б.	#regular	uk	2
ШИМКІВ Д.А.	#regular	uk	19
ШИНКАРЕНКО І.А.	#regular	uk	14
ШИНЬКОВИЧ А.В.	#regular	ru	2
ШИНЬКОВИЧ А.В.	#regular	uk	381
ШИПІЛОВ Л.М.	#regular	uk	2
ШИПАЙЛО О.І.	#regular	uk	10
ШИПКО А.Ф.	#regular	ru	15
ШИПКО А.Ф.	#regular	uk	426
ШИТАЙЛО О.І.	#regular	uk	4
ШКАРЛЕТ С.М.	#regular	uk	67
ШКАРЛЕТ С.Н.	#regular	uk	2
ШКВАРИЛЮК В.В.	#regular	uk	27
ШКЛЯР С.В.	#regular	uk	2
ШКРУМ А.І.	#regular	be	3
ШКРУМ А.І.	#regular	ru	6
ШКРУМ А.І.	#regular	uk	1571
ШКРУМ А.В.	#regular	uk	1
ШКРУМ О.І.	#regular	uk	1
ШКУРАКОВ В.О.	#regular	uk	39
ШЛАПАК О.В.	#regular	ru	2
ШЛАПАК О.В.	#regular	uk	237
ШЛЕМКО Д.В.	#regular	uk	42
ШМИГАЛЬ Д.А.	#regular	ru	2
ШМИГАЛЬ Д.А.	#regular	uk	1717
ШОКІН В.М.	#regular	ru	1
ШОКІН В.М.	#regular	uk	30
ШОЛ М.В.	#regular	uk	11
ШПАК Л.О.	#regular	ru	1
ШПАК Л.О.	#regular	uk	70
ШПЕНОВ Д.Ю.	#regular	ru	86
ШПЕНОВ Д.Ю.	#regular	uk	126
ШТЕПА С.С.	#regular	uk	64
ШТУЧНИЙ В.В.	#regular	uk	6
ШУБІН В.М.	#regular	ru	1
ШУБІН В.М.	#regular	uk	35
ШУГАЛО Р.В.	#regular	uk	33
ШУЛЬГА В.П.	#regular	uk	16
ШУЛЬМЕЙСТЕР В.Ю.	#regular	uk	9
ШУЛЬЦ М.	#regular	uk	38
ШУЛЯК О.О.	#regular	uk	181
ШУРМА І.М.	#regular	ru	1
ШУРМА І.М.	#regular	uk	2096
ШУФРИЧ Н.І.	#regular	bg	1
ШУФРИЧ Н.І.	#regular	mk	1
ШУФРИЧ Н.І.	#regular	ru	92
ШУФРИЧ Н.І.	#regular	uk	4250
ШУФРИЧ Н.І.	#regular	un	1
ШУФРИЧ Н.П.	#regular	uk	1
ШУХЕВИЧ Ю.	#regular	uk	4
ШУХЕВИЧ Ю.Р.	#regular	ru	1
ШУХЕВИЧ Ю.Р.	#regular	uk	246
ШУХЕВИЧ Ю.Р.	#regular	un	1
ЩИГОЛЬ Ю.Ф.	#regular	uk	9
ЮЖАНІНА Н.П.	#regular	be	3
ЮЖАНІНА Н.П.	#regular	bg	1
ЮЖАНІНА Н.П.	#regular	ru	49
ЮЖАНІНА Н.П.	#regular	sr	1
ЮЖАНІНА Н.П.	#regular	uk	3409
ЮЖАНІНА Н.П.	#regular	un	11
ЮЖАНІНА Н.С.	#regular	uk	1
ЮЖАНАНІ Н.П.	#regular	ru	1
ЮЗЬКОВА Т.Л.	#regular	be	1
ЮЗЬКОВА Т.Л.	#regular	uk	181
ЮНАКОВ І.С.	#regular	uk	2
ЮРАШ С.А.	#regular	ru	1
ЮРАШ С.А.	#regular	uk	1
ЮРИК Т.З.	#regular	uk	34
ЮРИНЕЦЬ О.В.	#regular	ru	1
ЮРИНЕЦЬ О.В.	#regular	uk	354
ЮРЧЕНКО А.С.	#regular	uk	10
ЮРЧЕНКО О.М.	#regular	uk	6
ЮРЧИШИН П.В.	#regular	ru	1
ЮРЧИШИН П.В.	#regular	uk	97
ЮРЧИШИН Я.Р.	#regular	ru	2
ЮРЧИШИН Я.Р.	#regular	uk	610
ЮХНОВСЬКИЙ І.Р.	#regular	uk	37
ЯВОРІВСЬКИЙ В.О.	#regular	ru	9
ЯВОРІВСЬКИЙ В.О.	#regular	uk	680
ЯВОРІВСЬКИЙ О.В.	#regular	ru	9
ЯВОРІВСЬКИЙ О.В.	#regular	uk	9
ЯКИМЕНКО П.В.	#regular	ru	1
ЯКИМЕНКО П.В.	#regular	uk	28
ЯКОВЛЄВА Н.І.	#regular	uk	7
ЯНІС МАКДЕВІД	#regular	uk	15
ЯНІЦЬКИЙ В.П.	#regular	uk	33
ЯНКІВ І.Т.	#regular	uk	56
ЯНУКОВИЧ В.Ф.	#regular	uk	21
ЯНЧЕНКО Г.І.	#regular	ru	1
ЯНЧЕНКО Г.І.	#regular	uk	206
ЯНЧУК А.В.	#regular	uk	70
ЯРЕМА В.Г.	#regular	uk	112
ЯРЕМА О.Й.	#regular	uk	5
ЯРЕМЕНКО І.О.	#regular	uk	4
ЯРЕМЕНКО Б.В.	#regular	uk	92
ЯРЕМЕНКО О.С.	#regular	uk	5
ЯРЕСЬКО Н.	#regular	be	2
ЯРЕСЬКО Н.	#regular	ru	1
ЯРЕСЬКО Н.	#regular	uk	324
ЯРЕСЬКО Н.І.	#regular	uk	38
ЯРЕСЬКО Н.В.	#regular	uk	2
ЯРЕСЬКО Н.Е.	#regular	uk	23
ЯРЕСЬКО Н.З.	#regular	uk	4
ЯРЕСЬКО Н.Я.	#regular	uk	13
ЯРИНІЧ К.В.	#regular	uk	83
ЯРОВИЙ С.А.	#regular	uk	6
ЯРОШ Д.А.	#regular	uk	1
ЯСЬКО Є.О.	#regular	uk	27
ЯУЕНЮК А.П.	#regular	uk	1
ЯЦЕГНЮК А.П.	#regular	uk	2
ЯЦЕНКО А.В.	#regular	be	1
ЯЦЕНКО А.В.	#regular	ru	15
ЯЦЕНКО А.В.	#regular	uk	538
ЯЦЕНЮК А.І.	#regular	uk	5
ЯЦЕНЮК А.П.	#regular	be	3
ЯЦЕНЮК А.П.	#regular	mk	1
ЯЦЕНЮК А.П.	#regular	ru	16
ЯЦЕНЮК А.П.	#regular	uk	2947
ЯЦЕНЮК О.П.	#regular	uk	1
ЯЦИК Ю.Г.	#regular	ru	2
ЯЦИК Ю.Г.	#regular	uk	102
заступник Голови	#chair	uk	20
