id	text	language
ParlaMint-UA_2021-04-13-m1.u1.p1.sent1	Ще раз добрий день, шановні колеги!	UKRAINIAN
ParlaMint-UA_2021-04-13-m1.u1.p1.sent2	Будь ласка, підготуйтеся до реєстрації, займіть свої місця.	UKRAINIAN
ParlaMint-UA_2021-04-13-m1.u1.p2.sent1	У зв’язку з вимогою 153 народних депутатів України та відповідно до частини восьмої статті 19 Регламенту Верховної Ради України ми сьогодні проводимо позачергове пленарне засідання Верховної Ради України.	UKRAINIAN
ParlaMint-UA_2021-04-13-m1.u1.p2.sent2	Перелік питань вищезазначеного позачергового засідання Верховної Ради України вам розданий.	UKRAINIAN
ParlaMint-UA_2021-04-13-m1.u1.p3.sent1	Будь ласка, підготуйтеся до реєстрації.	UKRAINIAN
ParlaMint-UA_2021-04-13-m1.u1.p3.sent2	Нагадую, як завжди, реєстрація відбувається шляхом натискання зеленої кнопки, першої зліва, обов’язково із застосуванням сенсорної кнопки.	UKRAINIAN
ParlaMint-UA_2021-04-13-m1.u1.p4.sent1	Готові реєструватися?	UKRAINIAN
ParlaMint-UA_2021-04-13-m1.u1.p4.sent2	Прошу реєструватися.	UKRAINIAN
ParlaMint-UA_2021-04-13-m1.u1.p5.sent1	У залі зареєстровано 166 народних депутатів України.	UKRAINIAN
ParlaMint-UA_2021-04-13-m1.u1.p5.sent2	Позачергове засідання Верховної Ради України оголошую відкритим.	UKRAINIAN
ParlaMint-UA_2021-04-13-m1.u1.p6.sent1	Шановні колеги, надійшло дві заяви про перерву із заміною на виступ, але це буде спільний виступ.	UKRAINIAN
ParlaMint-UA_2021-04-13-m1.u1.p6.sent2	Правильно я розумію?	UKRAINIAN
ParlaMint-UA_2021-04-13-m1.u1.p7.sent1	Сушко Павло Миколайович, будь ласка.	UKRAINIAN
ParlaMint-UA_2021-04-13-m1.u2.p1.sent1	Прошу членів ТСК підійти до трибуни.	UKRAINIAN
ParlaMint-UA_2021-04-13-m1.u2.p1.sent2	Я прошу включити відео на екрани.	UKRAINIAN
ParlaMint-UA_2021-04-13-m1.u2.p2.sent1	Шановні українці, шановні колеги, всіх вітаємо!	UKRAINIAN
ParlaMint-UA_2021-04-13-m1.u2.p2.sent2	Котрий рік, починаючи з 2017 року, в Україні відбувається геноцид дітей з інвалідністю.	UKRAINIAN
ParlaMint-UA_2021-04-13-m1.u2.p2.sent3	Виїзне засідання Тимчасової слідчої комісії з розслідування порушень прав дитини на Прикарпатті ще раз це підтвердило.	UKRAINIAN
ParlaMint-UA_2021-04-13-m1.u2.p2.sent4	Ми, народні депутати, представники майже всіх політичних сил у парламенті, члени ТСК, інформуємо вас про результати візиту.	UKRAINIAN
ParlaMint-UA_2021-04-13-m1.u2.p3.sent1	Івано-Франківська область є лідером в Україні по ліквідації спеціальних та санаторних шкіл, яка відбувається на виконання стратегії деінституалізації.	UKRAINIAN
ParlaMint-UA_2021-04-13-m1.u2.p3.sent2	Вдумайтесь, лише протягом двох останніх років на Прикарпатті закрито шість спеціальних та дві санаторних школи, більшість з них знаходяться у віддалених гірських районах.	UKRAINIAN
ParlaMint-UA_2021-04-13-m1.u2.p3.sent3	А що ж з дітьми, які там навчалися, то це місцевих чиновників вже не цікавило.	UKRAINIAN
ParlaMint-UA_2021-04-13-m1.u2.p4.sent1	Слідча комісія з’ясувала, що частина дітей була вимушена їхати на навчання ще далі від дому, навіть в інші області, де спеціальні школи, на щастя, ще не закриті.	UKRAINIAN
ParlaMint-UA_2021-04-13-m1.u2.p4.sent2	Деякі навчаються вдома індивідуально, що аж ніяк не сприяє спеціалізації дітей з інвалідністю.	UKRAINIAN
ParlaMint-UA_2021-04-13-m1.u2.p4.sent3	Не помічають чиновники і те, що в області щороку зростає кількість дітей з особливими освітніми потребами шкільного віку, яка взагалі не охоплена навчанням.	UKRAINIAN
ParlaMint-UA_2021-04-13-m1.u2.p4.sent4	Аналогічна ситуація зі школами склалася і на Закарпатті.	UKRAINIAN
ParlaMint-UA_2021-04-13-m1.u2.p5.sent1	На Івано-Франківщині ми зіштовхнулися з кричущим випадком, коли учениці випускного класу спеціальної школи для незрячих комісія не надала дозвіл на цілодобове перебування у закладі.	UKRAINIAN
ParlaMint-UA_2021-04-13-m1.u2.p5.sent2	Відстань від дому – понад 70 кілометрів, порушення зору та інші хронічні захворювання – це, на їх думку, не аргумент, всі просто зобов’язані навчатися в школі поряд з домом.	UKRAINIAN
ParlaMint-UA_2021-04-13-m1.u2.p5.sent3	А як навчатися незрячій дитині в загальній школі?	UKRAINIAN
ParlaMint-UA_2021-04-13-m1.u2.p6.sent1	Ми ще раз звертаємося до представників Мінсоцполітики та уряду із закликом скасувати 586 Постанову, досить знущатися з дітей з інвалідністю та їх батьків, змушуючи проходити складну і принизливу процедуру для отримання дозволу на зарахування до закладу на цілодобове перебування.	UKRAINIAN
ParlaMint-UA_2021-04-13-m1.u2.p6.sent2	Це тільки дітям з інвалідністю потрібно проходити цю складну принизливу процедуру, іншим дітям не потрібно.	UKRAINIAN
ParlaMint-UA_2021-04-13-m1.u2.p7.sent1	Панове реформатори, може, пора залишити в спокої дітей з інвалідністю в спеціальних школах та звернути увагу на загальноосвітні школи-інтернати, де, як показують останні події, відбуваються кричущі порушення прав дітей?	UKRAINIAN
ParlaMint-UA_2021-04-13-m1.u2.p7.sent2	Саме в цих закладах – пережитках радянської епохи та дійсно місцях несвободи – живуть та навчаються діти, яких необхідно.	UKRAINIAN
ParlaMint-UA_2021-04-13-m1.u2.p7.sent3	потребують деінституалізації.	UKRAINIAN
ParlaMint-UA_2021-04-13-m1.u2.p7.sent4	Це діти з малозабезпечених сімей, діти-сироти та діти, позбавлені батьківського піклування.	UKRAINIAN
ParlaMint-UA_2021-04-13-m1.u2.p8.sent1	Як виявила наша ТСК, у 228 закладах навчаються 58 тисяч дітей, з них переважна більшість – 42 тисячі – постійно проживає.	UKRAINIAN
ParlaMint-UA_2021-04-13-m1.u2.p8.sent2	Ця цифра і складає половину від загальної кількості дітей в інституціях, в той час, коли в закладах спеціальної освіти знаходяться на цілодобовому перебуванні діти, у яких є сім’ї і яких найлегше деінституалізувати, просто відправити до дому, позбавивши можливості отримувати освіту.	UKRAINIAN
ParlaMint-UA_2021-04-13-m1.u2.p8.sent3	Набагато складніше вирішувати проблеми сирітства та бідності дітей загальноосвітніх інтернатів, а по батькам дітей з інвалідністю можна ще раз вдарити в житті.	UKRAINIAN
ParlaMint-UA_2021-04-13-m1.u2.p9.sent1	Я ще раз наголошую, діти в спеціальних школах в переважній більшості не потребують деінституалізації, бо вони там не інституалізовані, а вони там проходять навчання.	UKRAINIAN
ParlaMint-UA_2021-04-13-m1.u2.p9.sent2	Досвід інших країн світу свідчить, що інклюзія там розвивається паралельно, а саме, спеціальні школи стають осередками, навколо яких формується інклюзивне середовище, а особи з інвалідністю мають змогу отримати різноманітні соціальні послуги.	UKRAINIAN
ParlaMint-UA_2021-04-13-m1.u2.p9.sent3	Але в Івано-Франківській області спеціальні школи закриваються, замість них відкриваються за документами заклад нового типу – центр соціальної підтримки дітей та сімей, а фактично це притулок для дітей у складних життєвих обставинах, який увібрав в себе найгірші практики місць несвободи.	UKRAINIAN
ParlaMint-UA_2021-04-13-m1.u2.p9.sent4	Перед цим ви могли бачити цей заклад.	UKRAINIAN
ParlaMint-UA_2021-04-13-m1.u2.p10.sent1	Більше того, одночасно із заснуванням цього закладу облрада з посиланням на цю стратегію деінституалізації прийняла рішення про ліквідацію оцього сучасного центру соціальної підтримки дітей та сімей "Теплий дім" в Долині, бо немає коштів та потрібно економити, а поганий заклад вона залишила.	UKRAINIAN
ParlaMint-UA_2021-04-13-m1.u2.p11.sent1	Доля дітей їх вже не турбувала, там ми виявили кричущій факт розлучення рідних братів, які проживали в "Теплому домі".	UKRAINIAN
ParlaMint-UA_2021-04-13-m1.u2.p11.sent2	Так одного з них просто посеред навчального року перевели в інший інтернатний заклад за десятки кілометрів, а з ним ще 6 дітей-сиріт начебто для звільнення місць для інших дітей.	UKRAINIAN
ParlaMint-UA_2021-04-13-m1.u2.p11.sent3	Повернути дітей вдалося завдяки роботі ТСК.	UKRAINIAN
ParlaMint-UA_2021-04-13-m1.u2.p11.sent4	Я хочу подякувати голові облдержадміністрації, який виконав обіцянку та виніс на розгляд облради проект рішення про скасування рішення про ліквідацію "Теплого дому".	UKRAINIAN
ParlaMint-UA_2021-04-13-m1.u2.p11.sent5	Це рішення підтримано постійною комісією, і тепер слово за депутатами облради.	UKRAINIAN
ParlaMint-UA_2021-04-13-m1.u2.p12.sent1	Необхідно відмітити, що реформування закладів відбувається в умовах турбулентності, в яких внаслідок проведення децентралізації опинилися територіальні громади.	UKRAINIAN
ParlaMint-UA_2021-04-13-m1.u2.p12.sent2	Деякі з них навіть не створили служби у справах дітей, а ті, що створили, не встигли набрати штат.	UKRAINIAN
ParlaMint-UA_2021-04-13-m1.u2.p13.sent1	Мінсоцполітики самоусунулося від координації їх роботи, не спромігшись навіть розробити типове положення про службу у справах дітей тергромад та не розділивши рівні повноважень між ними та РДА в новоутворених районах.	UKRAINIAN
ParlaMint-UA_2021-04-13-m1.u2.p14.sent1	Ми закликаємо чиновників Мінсоцполітики та інші регіони уважно ознайомитися з висновками ТСК та наслідками візиту на Прикарпаття, та не допускати їх помилок.	UKRAINIAN
ParlaMint-UA_2021-04-13-m1.u2.p14.sent2	Пам’ятайте про те, що за кожним вашим рішенням стоїть доля конкретної дитини, а діти з інвалідністю, діти-сироти та позбавлені батьківського піклування – це не те, на чому можна економити обласний бюджет.	UKRAINIAN
ParlaMint-UA_2021-04-13-m1.u2.p14.sent3	Нам вдалося виявити ці кричущі факти лише за 2 місяці діяльності нашої ТСК, і це лише початок.	UKRAINIAN
ParlaMint-UA_2021-04-13-m1.u2.p14.sent4	Можемо хіба здогадуватися, що відбувається по країні в цілому.	UKRAINIAN
ParlaMint-UA_2021-04-13-m1.u2.p14.sent5	Ми продовжуємо працювати далі.	UKRAINIAN
ParlaMint-UA_2021-04-13-m1.u2.p15.sent1	Шановні колеги депутати, я закликаю вас не залишатися осторонь проблем дітей з особливими освітніми потребами.	UKRAINIAN
ParlaMint-UA_2021-04-13-m1.u3.p1.sent1	Дякую.	UKRAINIAN
ParlaMint-UA_2021-04-13-m1.u3.p2.sent1	Шановні колеги, переходимо до розгляду питань порядку денного.	UKRAINIAN
ParlaMint-UA_2021-04-13-m1.u3.p2.sent2	Будь ласка, запросіть народних депутатів, підготуйтесь до роботи.	UKRAINIAN
ParlaMint-UA_2021-04-13-m1.u3.p3.sent1	Вам запропонований до розгляду проект Постанови про вжиття невідкладних заходів, спрямованих на забезпечення належної профілактики, діагностики та лікування хворих дітей на цукровий діабет (реєстраційний номер 4042).	UKRAINIAN
ParlaMint-UA_2021-04-13-m1.u3.p3.sent2	Пропонується розглянути це питання за скороченою процедурою.	UKRAINIAN
ParlaMint-UA_2021-04-13-m1.u3.p4.sent1	Готові голосувати?	UKRAINIAN
ParlaMint-UA_2021-04-13-m1.u3.p4.sent2	Готові?	UKRAINIAN
ParlaMint-UA_2021-04-13-m1.u3.p4.sent3	Прошу підтримати та проголосувати.	UKRAINIAN
ParlaMint-UA_2021-04-13-m1.u3.p5.sent1	За-253	UKRAINIAN
ParlaMint-UA_2021-04-13-m1.u3.p6.sent1	Рішення прийнято.	UKRAINIAN
ParlaMint-UA_2021-04-13-m1.u3.p7.sent1	Без обговорення?	UKRAINIAN
ParlaMint-UA_2021-04-13-m1.u3.p7.sent2	Ставлю.	UKRAINIAN
ParlaMint-UA_2021-04-13-m1.u3.p7.sent3	З обговоренням?	UKRAINIAN
ParlaMint-UA_2021-04-13-m1.u3.p7.sent4	Три фракції.	UKRAINIAN
ParlaMint-UA_2021-04-13-m1.u3.p7.sent5	Ні.	UKRAINIAN
ParlaMint-UA_2021-04-13-m1.u3.p8.sent1	Шановні колеги, до слова запрошується народний депутат України Поляков Антон Едуардович.	UKRAINIAN
ParlaMint-UA_2021-04-13-m1.u4.p1.sent1	Антон Поляков, Чернігівщина, депутатська група "За майбутнє".	UKRAINIAN
ParlaMint-UA_2021-04-13-m1.u4.p2.sent1	По-перше, я дякую всім депутатам, присутнім у залі, фракції "Батьківщина", "Євросолідарність", фракції ОПЗЖ та депутатській групі "Довіра", також тим небагатьом депутатам зі "Слуга народу" та з "Голосу", які поставили свої підписи за проведення цього позачергового засідання.	UKRAINIAN
ParlaMint-UA_2021-04-13-m1.u4.p3.sent1	Коротко про цей законопроект.	UKRAINIAN
ParlaMint-UA_2021-04-13-m1.u4.p3.sent2	Він стосується дітей, які хворі на діабет.	UKRAINIAN
ParlaMint-UA_2021-04-13-m1.u4.p3.sent3	Їх налічують зараз біля 10 тисяч на всю країну.	UKRAINIAN
ParlaMint-UA_2021-04-13-m1.u4.p3.sent4	І якщо правильно не діагностувати та не лікувати цих діточок, то, як наслідок, ми можемо отримувати у нас нефункціональних інвалідів, яких держава все життя буде утримувати за свій кошт.	UKRAINIAN
ParlaMint-UA_2021-04-13-m1.u4.p3.sent5	Держава та платники податків.	UKRAINIAN
ParlaMint-UA_2021-04-13-m1.u4.p4.sent1	Але ми можемо вчасно лікувати, забезпечувати їх і отримувати повноцінних громадян України, які будуть працювати, сплачувати податки, будуть створювати сім’ї і будуть вдячні нашій державі за те, що вона піклується, за те, що держава піклується за них.	UKRAINIAN
ParlaMint-UA_2021-04-13-m1.u4.p5.sent1	Зараз цих дітей лікують застарілою системою з тест-смужками.	UKRAINIAN
ParlaMint-UA_2021-04-13-m1.u4.p5.sent2	І то цих тест-смужок видають дві замість потрібних 10 або 15 на добу.	UKRAINIAN
ParlaMint-UA_2021-04-13-m1.u4.p5.sent3	Щоб ви розуміли, це 10-15 надколів шкіри, порізів шкіри для кожної дитини, це 300 порізів шкіри у місяць.	UKRAINIAN
ParlaMint-UA_2021-04-13-m1.u4.p5.sent4	А якщо додати ін’єкції інсуліну, то це 500 порізів шкіри.	UKRAINIAN
ParlaMint-UA_2021-04-13-m1.u4.p5.sent5	Це просто ніхто з вас навіть і уявити не може, що це робиться з дітьми.	UKRAINIAN
ParlaMint-UA_2021-04-13-m1.u4.p6.sent1	Є більш сучасні методи: помпи, програми тощо.	UKRAINIAN
ParlaMint-UA_2021-04-13-m1.u4.p6.sent2	І це не коштує мільярди гривень, це буде коштувати на цих 10 тисяч дітей 50-70 мільйонів на рік.	UKRAINIAN
ParlaMint-UA_2021-04-13-m1.u4.p7.sent1	Ці всі свої пропозиції ми виклали у цій постанові і прошу всіх депутатів небайдужих.	UKRAINIAN
ParlaMint-UA_2021-04-13-m1.u4.p7.sent2	10 тисяч родин і батьків будуть вдячні кожному з вас, хто проголосує за цей простий і зрозумілий для всіх.	UKRAINIAN
ParlaMint-UA_2021-04-13-m1.u5.p1.sent1	До слова запрошується голова Комітету з питань здоров’я нації, медичної допомоги та медичного страхування Радуцький Михайло Борисович.	UKRAINIAN
ParlaMint-UA_2021-04-13-m1.u6.p1.sent1	Шановний Голова, шановні колеги, Комітет з питань здоров’я нації, медичної допомоги та медичного страхування на своєму засіданні 4 листопада розглянув проект Постанови про вжиття невідкладних заходів, спрямованих на забезпечення належної профілактики, діагностики та лікування хворих дітей на цукровий діабет.	UKRAINIAN
ParlaMint-UA_2021-04-13-m1.u6.p2.sent1	За результатами розгляду проекту постанови комітет визначає, що порушене авторами законодавчої ініціативи питання є актуальним.	UKRAINIAN
ParlaMint-UA_2021-04-13-m1.u6.p3.sent1	Підтримуючи в цілому необхідність прийняття проекту постанови, хочу звернути вашу увагу на необхідність зміни редакції підпункту 6 пункту 1 проекту постанови, яким пропонується фінансувати визначені постановою заходи за рахунок медичної субвенції на відповідний бюджетний період.	UKRAINIAN
ParlaMint-UA_2021-04-13-m1.u6.p4.sent1	Фактично медична субвенція скасована з 1 квітня 2020 року у зв’язку з припиненням дії статті 103-4 Бюджетного кодексу України.	UKRAINIAN
ParlaMint-UA_2021-04-13-m1.u6.p4.sent2	Нині регіони отримують субвенцію відповідно до Постанови уряду № 250, за рахунок коштів якої, серед іншого, хворі на цукровий діабет забезпечуються інсуліном.	UKRAINIAN
ParlaMint-UA_2021-04-13-m1.u6.p4.sent3	Планується, що ці заходи будуть фінансуватися у такий спосіб до 1 липня 2021 року.	UKRAINIAN
ParlaMint-UA_2021-04-13-m1.u6.p4.sent4	А надалі за рахунок коштів, передбачених НСЗУ на реімбурсацію таких ліків.	UKRAINIAN
ParlaMint-UA_2021-04-13-m1.u6.p4.sent5	З огляду на зазначене, цей пункт треба викласти в іншій редакції, оскільки важливий не сам механізм, а саме повноцінне фінансування забезпечення.	UKRAINIAN
ParlaMint-UA_2021-04-13-m1.u6.p5.sent1	Тому до проекту постанови необхідно внести зміни, які дозволять практично реалізувати її положення.	UKRAINIAN
ParlaMint-UA_2021-04-13-m1.u6.p5.sent2	Комітет пропонує підпункту 6 пункту 1 проекту постанови викласти у такій редакції: "Фінансове забезпечення заходів, спрямованих на профілактику, діагностику та лікування дітей, хворих на цукровий діабет, у повному обсязі, відповідно до потреби".	UKRAINIAN
ParlaMint-UA_2021-04-13-m1.u6.p6.sent1	Прошу підтримати пропозицію комітету та прийняти проект постанови Верховної Ради України за основу.	UKRAINIAN
ParlaMint-UA_2021-04-13-m1.u6.p6.sent2	Дякую.	UKRAINIAN
ParlaMint-UA_2021-04-13-m1.u7.p1.sent1	Дякую.	UKRAINIAN
ParlaMint-UA_2021-04-13-m1.u7.p2.sent1	Будь ласка, запишіться: два – за, два – проти, по фракціях.	UKRAINIAN
ParlaMint-UA_2021-04-13-m1.u7.p3.sent1	Лабазюк Сергій Петрович.	UKRAINIAN
ParlaMint-UA_2021-04-13-m1.u8.p1.sent1	Полякову прошу передати.	UKRAINIAN
ParlaMint-UA_2021-04-13-m1.u9.p1.sent1	Шановні колеги, ще раз дуже дякую всім колегам з медичного комітету, які підтримали цей законопроект.	UKRAINIAN
ParlaMint-UA_2021-04-13-m1.u9.p1.sent2	І прошу підтримати його у залі, адже дійсно всі ті заходи, про які казав, та ще щодо створення забезпечення належного функціонування системи профілактики, щодо включення скринінгу, забезпечення закладів охорони здоров’я, забезпечення впровадження тощо, – все, про що в ньому йдеться, все необхідно зробити.	UKRAINIAN
ParlaMint-UA_2021-04-13-m1.u9.p2.sent1	Я хочу сказати, що були під час комітету деякі заклики щодо фінансування.	UKRAINIAN
ParlaMint-UA_2021-04-13-m1.u9.p2.sent2	Ми в цій залі приймали дуже багато законопроектів без фінансового обґрунтування.	UKRAINIAN
ParlaMint-UA_2021-04-13-m1.u9.p2.sent3	Мільярди гривень виділялися не на такі потреби, не на дітей, і тим паче не на дітей, хворих на діабет.	UKRAINIAN
ParlaMint-UA_2021-04-13-m1.u9.p2.sent4	Я прошу всіх проголосувати за цей законопроект, щоб ми дійсно вирішили це питання.	UKRAINIAN
ParlaMint-UA_2021-04-13-m1.u9.p3.sent1	І батьки, які звертаються до кожного народного депутата, в тому числі особливо і до мажоритарників, які приїжджають на свої округи.	UKRAINIAN
ParlaMint-UA_2021-04-13-m1.u9.p3.sent2	Є цілі спілки батьків, в яких дітки хворі на діабет, вони будуть вдячні кожному депутату, який сьогодні проголосує за цю ініціативу.	UKRAINIAN
ParlaMint-UA_2021-04-13-m1.u9.p4.sent1	Дякую всім, дякую за увагу.	UKRAINIAN
ParlaMint-UA_2021-04-13-m1.u10.p1.sent1	Народний депутат Кубів Степан Іванович, фракція "Європейська солідарність".	UKRAINIAN
ParlaMint-UA_2021-04-13-m1.u11.p1.sent1	Доброго дня!	UKRAINIAN
ParlaMint-UA_2021-04-13-m1.u11.p1.sent2	Пане головуючий, прошу слово передати Яні Зінкевич.	UKRAINIAN
ParlaMint-UA_2021-04-13-m1.u11.p2.sent1	Дякую.	UKRAINIAN
ParlaMint-UA_2021-04-13-m1.u12.p1.sent1	Яна Зінкевич, будь ласка.	UKRAINIAN
ParlaMint-UA_2021-04-13-m1.u13.p1.sent1	Дякую.	UKRAINIAN
ParlaMint-UA_2021-04-13-m1.u13.p1.sent2	Ми будемо підтримувати даний законопроект і закликаємо всіх це зробити.	UKRAINIAN
ParlaMint-UA_2021-04-13-m1.u13.p1.sent3	Він надзвичайно важливий і дозволить потурбуватися про профілактику діток на те, щоб вони не хворіли цукровим діабетом, на вчасне виявлення.	UKRAINIAN
ParlaMint-UA_2021-04-13-m1.u13.p1.sent4	Тобто кожного року при профілактичному обстеженні також будуть додатково проведені дослідження на виявлення цукрового діабету у діток.	UKRAINIAN
ParlaMint-UA_2021-04-13-m1.u13.p2.sent1	Також звісно ж буде змінення і осучаснення протоколів лікування цукрового діабету у дітей.	UKRAINIAN
ParlaMint-UA_2021-04-13-m1.u13.p2.sent2	Також ми повинні розуміти, що окрім цього всього потрібно вчасно і в повній мірі забезпечувати діток і їхні родини як і апаратами для вимірювання цукру, так і спеціалізованими діагностичними смужками.	UKRAINIAN
ParlaMint-UA_2021-04-13-m1.u13.p3.sent1	Тому закон важливий.	UKRAINIAN
ParlaMint-UA_2021-04-13-m1.u13.p3.sent2	Прошу підтримати.	UKRAINIAN
ParlaMint-UA_2021-04-13-m1.u13.p3.sent3	Дякую.	UKRAINIAN
ParlaMint-UA_2021-04-13-m1.u14.p1.sent1	Дякую.	UKRAINIAN
ParlaMint-UA_2021-04-13-m1.u14.p2.sent1	Слово надається народному депутату Загородньому Юрію Івановичу, фракція політичної партії "Опозиційна платформа – За життя".	UKRAINIAN
ParlaMint-UA_2021-04-13-m1.u15.p1.sent1	Дякую, Руслане Олексійовичу.	UKRAINIAN
ParlaMint-UA_2021-04-13-m1.u15.p2.sent1	Я прошу передати слово народному депутату України Шуфричу Нестору Івановичу.	UKRAINIAN
ParlaMint-UA_2021-04-13-m1.u16.p1.sent1	Нестор Іванович Шуфрич, будь ласка.	UKRAINIAN
ParlaMint-UA_2021-04-13-m1.u17.p1.sent1	Дякую, шановний головуючий.	UKRAINIAN
ParlaMint-UA_2021-04-13-m1.u17.p2.sent1	Шановні колеги, безумовно, ми сьогодні підтримуємо цей законопроект, тут навіть нема що сперечатись, і сподіваюсь, що буде набагато більше, ніж 300 голосів.	UKRAINIAN
ParlaMint-UA_2021-04-13-m1.u17.p2.sent2	Але, шановні колеги, хочу звернути увагу з наступного питання, яке мене, чесно кажучи, як депутата з великим стажем трошки збентежило і дуже сильно обурило.	UKRAINIAN
ParlaMint-UA_2021-04-13-m1.u17.p3.sent1	В четвер міністр охорони здоров’я пан Степанов заявив, що йому не вистачає 6,5 мільярда гривень на закупівлю вакцин.	UKRAINIAN
ParlaMint-UA_2021-04-13-m1.u17.p3.sent2	Невже ми вже придбали 30 мільйонів вакцин і треба ще додаткові 10-20 мільйонів, не вистачає грошей?	UKRAINIAN
ParlaMint-UA_2021-04-13-m1.u17.p3.sent3	Станом на сьогодні, якщо я не помиляюсь, біля 1 мільйону вакцин, разом і з Covishield і Sinovac, добралися до України.	UKRAINIAN
ParlaMint-UA_2021-04-13-m1.u17.p3.sent4	І безкоштовні по системі COVAX Pfizer майже з лютого їдуть, їдуть, можливо, на цьому тижні кудись і приїдуть.	UKRAINIAN
ParlaMint-UA_2021-04-13-m1.u17.p3.sent5	Ну, як так можна планувати бюджет Міністерства охорони здоров’я в період COVID, увага, коли вже після першого кварталу нема грошей на вакцини?	UKRAINIAN
ParlaMint-UA_2021-04-13-m1.u17.p4.sent1	Що зараз вони роблять?	UKRAINIAN
ParlaMint-UA_2021-04-13-m1.u17.p4.sent2	Вони зараз хочуть передивитися і перерозподілити бюджет Міністерства охорони здоров’я в межах бюджету за погодженням з бюджетним комітетом.	UKRAINIAN
ParlaMint-UA_2021-04-13-m1.u17.p4.sent3	Ну що, слабо нам 6,5 миллиардов гривен найти, якщо не вистачило цих грошей під час голосування за бюджет?	UKRAINIAN
ParlaMint-UA_2021-04-13-m1.u17.p5.sent1	Сьогодні бюджет Укравтодору разом із гарантіями на 1,5 мільярда гривень приблизно більше, ніж бюджет Міністерства охорони здоров’я і всієї системи охорони здоров’я.	UKRAINIAN
ParlaMint-UA_2021-04-13-m1.u17.p5.sent2	Є законопроект 5354, три доби він був відкритий для підписання.	UKRAINIAN
ParlaMint-UA_2021-04-13-m1.u17.p5.sent3	Давайте знімати з Укравтодору 6,5 мільярда гривень терміново і віддамо їх на закупівлю вакцини.	UKRAINIAN
ParlaMint-UA_2021-04-13-m1.u17.p5.sent4	А ті, хто голосував за цей бюджет, мають знати, що це їх відповідальність, що зараз немає грошей на закупівлю вакцин.	UKRAINIAN
ParlaMint-UA_2021-04-13-m1.u17.p6.sent1	Дякую за увагу.	UKRAINIAN
ParlaMint-UA_2021-04-13-m1.u18.p1.sent1	Дякую.	UKRAINIAN
ParlaMint-UA_2021-04-13-m1.u18.p2.sent1	Будь ласка, народний депутат Пузійчук Андрій Вікторович, фракція політичної партії "Європейська.", "Батьківщина", перепрошую.	UKRAINIAN
ParlaMint-UA_2021-04-13-m1.u19.p1.sent1	Прошу передати слово колезі по фракції Кабаченку Володимиру.	UKRAINIAN
ParlaMint-UA_2021-04-13-m1.u20.p1.sent1	Володимир Кабаченко, будь ласка.	UKRAINIAN
ParlaMint-UA_2021-04-13-m1.u21.p1.sent1	Володимир Кабаченко, фракція "Батьківщина".	UKRAINIAN
ParlaMint-UA_2021-04-13-m1.u21.p1.sent2	Колеги, чесно кажучи, ми цю постанову мали приймати автоматично.	UKRAINIAN
ParlaMint-UA_2021-04-13-m1.u21.p1.sent3	Мені важко уявити, що саме ми можемо обговорювати зараз, враховуючи той нагальний характер, який носить в собі ця постанова.	UKRAINIAN
ParlaMint-UA_2021-04-13-m1.u21.p1.sent4	Лише одна цифра, у нас дуже багато сьогодні ще справ попереду, лише одна цифра, яка переконає абсолютно всіх, а я вже впевнений, що ви і так вже переконані, задля того, щоб ми все ж таки віддали абсолютну більшість голосів за цю постанову.	UKRAINIAN
ParlaMint-UA_2021-04-13-m1.u21.p2.sent1	Діабет входить в топ-10 причин смерті в усьому світі, і цей показник останніми роками збільшився на 70 відсотків.	UKRAINIAN
ParlaMint-UA_2021-04-13-m1.u21.p2.sent2	І, знаючи всю цю статистику, знаючи всі ті цифри, на сьогодні в Україні відсутні стандарти лікування хворих на цукровий діабет дітей і дорослих.	UKRAINIAN
ParlaMint-UA_2021-04-13-m1.u21.p2.sent3	Так от, ця постанова вона відповідає на дуже просте питання: а яким чином завчасно виявити, попередити цукровий діабет серед дітей і серед дорослих.	UKRAINIAN
ParlaMint-UA_2021-04-13-m1.u21.p2.sent4	Давайте зробимо те, що маємо зробити, давайте підтримаємо цю постанову абсолютною більшістю голосів.	UKRAINIAN
ParlaMint-UA_2021-04-13-m1.u21.p3.sent1	Дуже вам дякую.	UKRAINIAN
ParlaMint-UA_2021-04-13-m1.u22.p1.sent1	Дякую.	UKRAINIAN
ParlaMint-UA_2021-04-13-m1.u22.p2.sent1	Слово надається народній депутатці Стефанишиній, фракція "Голос".	UKRAINIAN
ParlaMint-UA_2021-04-13-m1.u23.p1.sent1	Шановні колеги, це прекрасна постанова про допомогу дітям з діабетом, але вона так і залишиться на папері, коли на неї не буде грошей.	UKRAINIAN
ParlaMint-UA_2021-04-13-m1.u23.p1.sent2	І сьогодні ці гроші (увага!) забирають у дітей з діабетом, у дітей з онкологією на закупівлю вакцин Pfizer.	UKRAINIAN
ParlaMint-UA_2021-04-13-m1.u23.p1.sent3	У мене є документ – це постанова уряду, яку вони прямо завтра, напевно, і проголосують, а потім ще відправлять на бюджетний комітет, де 6,5 мільярдів гривень забирають у хворих, які лікуються сьогодні в Програмі медичних гарантій.	UKRAINIAN
ParlaMint-UA_2021-04-13-m1.u23.p1.sent4	Це єдина програма, яка недофінансована на 50 відсотків.	UKRAINIAN
ParlaMint-UA_2021-04-13-m1.u23.p1.sent5	І сьогодні у цих дітей в тому числі наш уряд, а особливо міністр охорони здоров’я Степанов, який все це придумав, забирає суму в 6,5 мільярда гривень на закупівлю вакцин.	UKRAINIAN
ParlaMint-UA_2021-04-13-m1.u23.p1.sent6	Тут колеги пропонували гроші знайти в бюджеті.	UKRAINIAN
ParlaMint-UA_2021-04-13-m1.u23.p1.sent7	Так, будь ласка, давайте постараємось і знайдемо гроші на вакцини не у дітей в кишенях, яким купують тест-смужки і ліки за державні кошти, а з доріг, з Офісу Президента, з Міністерства внутрішніх справ та з інших.	UKRAINIAN
ParlaMint-UA_2021-04-13-m1.u24.p1.sent1	Дякую.	UKRAINIAN
ParlaMint-UA_2021-04-13-m1.u24.p2.sent1	Всі бажаючі виступили?	UKRAINIAN
ParlaMint-UA_2021-04-13-m1.u24.p2.sent2	Білозір Лариса Миколаївна.	UKRAINIAN
ParlaMint-UA_2021-04-13-m1.u24.p2.sent3	Після цього переходимо до голосування.	UKRAINIAN
ParlaMint-UA_2021-04-13-m1.u25.p1.sent1	Шановні колеги, Лариса Білозір, депутатська група "Довіра".	UKRAINIAN
ParlaMint-UA_2021-04-13-m1.u25.p1.sent2	Попередній доповідачці не слід забувати, що ДП "Державні закупівлі" минулого року завалило закупівлі для онкології, для малих дітей, розумієте, на сотні мільйонів гривень.	UKRAINIAN
ParlaMint-UA_2021-04-13-m1.u25.p1.sent3	Це теж треба врахувати.	UKRAINIAN
ParlaMint-UA_2021-04-13-m1.u25.p1.sent4	І ті кошти просто не були освоєні.	UKRAINIAN
ParlaMint-UA_2021-04-13-m1.u25.p2.sent1	Хочу що добавити.	UKRAINIAN
ParlaMint-UA_2021-04-13-m1.u25.p2.sent2	Що ці дітки 9 тисяч 500 на всю Україну до 17 років, вони.	UKRAINIAN
ParlaMint-UA_2021-04-13-m1.u25.p2.sent3	95 відсотків з них, якщо вони захворіють, вони потребують цю терапію довічно.	UKRAINIAN
ParlaMint-UA_2021-04-13-m1.u25.p2.sent4	І справа в тому, що на сьогоднішній день ОТГ. територіальні громади, не мають більшість з них ні програм, ні можливості фінансувати ті ж самі стрічки, Лібре, помпи.	UKRAINIAN
ParlaMint-UA_2021-04-13-m1.u25.p2.sent5	Я вже не говорю про помпи, які дуже дороговартісні.	UKRAINIAN
ParlaMint-UA_2021-04-13-m1.u25.p3.sent1	Тому однозначно потрібно підтримати цю постанову для того, щоб можна було з державних коштів цільово розробити програми і фінансувати протоколи надання, стандарти і засоби, і вироби для лікування.	UKRAINIAN
ParlaMint-UA_2021-04-13-m1.u26.p1.sent1	Шановні колеги, переходимо до голосування.	UKRAINIAN
ParlaMint-UA_2021-04-13-m1.u26.p1.sent2	Будь ласка, запросіть народних депутатів до залу.	UKRAINIAN
ParlaMint-UA_2021-04-13-m1.u26.p1.sent3	Шановні колеги, будь ласка, підготуйтесь до голосування.	UKRAINIAN
ParlaMint-UA_2021-04-13-m1.u26.p2.sent1	Готові голосувати?	UKRAINIAN
ParlaMint-UA_2021-04-13-m1.u26.p2.sent2	Ставлю на голосування пропозицію про прийняття за основу та в цілому проекту Постанови про вжиття невідкладних заходів спрямованих на забезпечення належної профілактики, діагностики та лікування хворих дітей на цукровий діабет.	UKRAINIAN
ParlaMint-UA_2021-04-13-m1.u26.p3.sent1	Готові голосувати?	UKRAINIAN
ParlaMint-UA_2021-04-13-m1.u26.p3.sent2	Прошу підтримати та проголосувати.	UKRAINIAN
ParlaMint-UA_2021-04-13-m1.u26.p4.sent1	За-326	UKRAINIAN
ParlaMint-UA_2021-04-13-m1.u26.p5.sent1	Рішення прийнято.	UKRAINIAN
ParlaMint-UA_2021-04-13-m1.u26.p5.sent2	Постанова прийнята в цілому.	UKRAINIAN
ParlaMint-UA_2021-04-13-m1.u26.p6.sent1	Дякую, шановні колеги.	UKRAINIAN
ParlaMint-UA_2021-04-13-m1.u26.p7.sent1	Наступне питання порядку денного.	UKRAINIAN
ParlaMint-UA_2021-04-13-m1.u26.p7.sent2	Це проект Постанови про вжиття невідкладних заходів спрямованих на повернення пільгового тарифу на електроенергію для населення за перші 100 кіловат-годин (реєстраційний номер 4590).	UKRAINIAN
ParlaMint-UA_2021-04-13-m1.u26.p8.sent1	Нам необхідно прийняти рішення про включення цього питання до порядку денного сесії.	UKRAINIAN
ParlaMint-UA_2021-04-13-m1.u26.p8.sent2	Прошу підтримати та проголосувати.	UKRAINIAN
ParlaMint-UA_2021-04-13-m1.u26.p9.sent1	За-299	UKRAINIAN
ParlaMint-UA_2021-04-13-m1.u26.p10.sent1	Рішення прийнято.	UKRAINIAN
ParlaMint-UA_2021-04-13-m1.u26.p11.sent1	Пропонується розглянути це питання за скороченою процедурою.	UKRAINIAN
ParlaMint-UA_2021-04-13-m1.u26.p11.sent2	Прошу підтримати та проголосувати.	UKRAINIAN
ParlaMint-UA_2021-04-13-m1.u26.p12.sent1	За-272	UKRAINIAN
ParlaMint-UA_2021-04-13-m1.u26.p13.sent1	Рішення прийнято.	UKRAINIAN
ParlaMint-UA_2021-04-13-m1.u26.p14.sent1	До слова запрошується народний депутат України Поляков Антон Едуардович.	UKRAINIAN
ParlaMint-UA_2021-04-13-m1.u27.p1.sent1	Антон Поляков, Чернігівщина, депутатська група "За майбутнє".	UKRAINIAN
ParlaMint-UA_2021-04-13-m1.u27.p1.sent2	Шановні колеги, я хочу нагадати вам, як все починалося.	UKRAINIAN
ParlaMint-UA_2021-04-13-m1.u27.p1.sent3	Кабмін, весь уряд, який ми проголосували, приймав тут присягу, присягу працювати на народ України, а не на інтереси окремо взятих олігархів.	UKRAINIAN
ParlaMint-UA_2021-04-13-m1.u27.p2.sent1	І що після цього було?	UKRAINIAN
ParlaMint-UA_2021-04-13-m1.u27.p2.sent2	Вони своїм наказом відміняють наказ попередників, попередній негідний уряд, який встановлював цей пільговий тариф на перші 100 кіловат для населення.	UKRAINIAN
ParlaMint-UA_2021-04-13-m1.u27.p2.sent3	Ви не уявляєте, але мажоритарники, звісно, уявляють, скільки людей на Чернігівщині до мене зверталися, в інших регіонах, куди ми їздили, щодо цього пільгового тарифу.	UKRAINIAN
ParlaMint-UA_2021-04-13-m1.u27.p2.sent4	У нас за межею бідності пів населення України, а за чертою виживання ще більша частина з цієї половини.	UKRAINIAN
ParlaMint-UA_2021-04-13-m1.u27.p2.sent5	І ці люди рахують кожну копійчину.	UKRAINIAN
ParlaMint-UA_2021-04-13-m1.u27.p2.sent6	Навіть коли на свята вони намагаються купити якийсь один фрукт, мандарин чи банани, та бабуся, і вона не знає, звідки взяти ще ті 70 гривень, щоб доповнити цю платіжку та сплатити за неї.	UKRAINIAN
ParlaMint-UA_2021-04-13-m1.u27.p3.sent1	І цією постановою ми не декларативно, як в цій постанові, яку ми прийняли тоді пана Арахамії, а дійсно просимо уряд повернути ці пільгові 100 перші кіловат за пільговою ціною 90 копійок.	UKRAINIAN
ParlaMint-UA_2021-04-13-m1.u27.p3.sent2	Я прошу всіх, я знаю, що була дана команда "слугам народу" не голосувати за цю постанову, але я прошу всіх вас дійсно згадати, на кого ви працюєте – дійсно, на народ України, а не на Кабмін або Офіс Президента – та підтримати цю просту та зрозумілу постанову, яка несе не декларативний характер, а дійсно діючий.	UKRAINIAN
ParlaMint-UA_2021-04-13-m1.u27.p4.sent1	Дякую за увагу.	UKRAINIAN
ParlaMint-UA_2021-04-13-m1.u28.p1.sent1	Дякую.	UKRAINIAN
ParlaMint-UA_2021-04-13-m1.u28.p2.sent1	До слова запрошується голова Комітету з питань енергетики та житлово-комунального господарства Герус Андрій Михайлович.	UKRAINIAN
ParlaMint-UA_2021-04-13-m1.u29.p1.sent1	Доброго дня, шановні народні депутати!	UKRAINIAN
ParlaMint-UA_2021-04-13-m1.u29.p1.sent2	Доброго дня, головуючий!	UKRAINIAN
ParlaMint-UA_2021-04-13-m1.u29.p1.sent3	Комітет Верховної Ради з питань енергетики та житлово-комунальних послуг на своєму засіданні 13 квітня розглянув проект Постанови Верховної Ради про вжиття невідкладних заходів, спрямованих на повернення пільгового тарифу на електроенергію для населення за перші 100 кіловат-годин (реєстраційний номер 4590).	UKRAINIAN
ParlaMint-UA_2021-04-13-m1.u29.p2.sent1	Під час обговорення даного проекту постанови комітет дійшов висновку, що зміст запропонованих нею положень був втілений у тексті прийнятої 28 січня 2021 року Постанови Верховної Ради України "Про заходи, спрямовані на соціальний захист населення, у зв’язку з підвищенням цін (тарифів) на житлово-комунальні послуги", якою передбачено в тому числі встановлення окремих тарифів на електричну енергію, що відпускається населенню за обсяг, спожитий до 100 кіловат-годин на місяць, і обсяг, спожитий до 3 тисяч кіловат-годин для будинків, що обладнані електроопаленням.	UKRAINIAN
ParlaMint-UA_2021-04-13-m1.u29.p3.sent1	За результатами розгляду на засіданні комітету проект Постанови Верховної Ради України про вжиття невідкладних заходів, спрямованих на повернення пільгового тарифу на електроенергію для населення за перші 100 кіловат-годин (№ 4590), не був підтриманий членами Комітету з питань енергетики та житлово-комунальних послуг.	UKRAINIAN
ParlaMint-UA_2021-04-13-m1.u29.p3.sent2	У зв’язку з чим пропонується даний проект постанови відхилити.	UKRAINIAN
ParlaMint-UA_2021-04-13-m1.u29.p4.sent1	Я ще раз наголошую, що 28 січня ми парламентом вже голосували відповідний проект постанови, де авторами були народні депутати з різних фракцій та різних депутатських груп.	UKRAINIAN
ParlaMint-UA_2021-04-13-m1.u29.p4.sent2	І ті постанови, які є сьогодні, вони часто вже дублюють прийняту постанову.	UKRAINIAN
ParlaMint-UA_2021-04-13-m1.u29.p4.sent3	Тому, на мою думку, нам немає сенсу приймати те, що нами в парламенті вже було схвалено 28 січня.	UKRAINIAN
ParlaMint-UA_2021-04-13-m1.u29.p5.sent1	Спасибі.	UKRAINIAN
ParlaMint-UA_2021-04-13-m1.u30.p1.sent1	Дякую.	UKRAINIAN
ParlaMint-UA_2021-04-13-m1.u30.p2.sent1	Запишіться, будь ласка: два – за, два – проти, на виступи від депутатських фракцій та груп.	UKRAINIAN
ParlaMint-UA_2021-04-13-m1.u30.p3.sent1	Бакунець Павло Андрійович.	UKRAINIAN
ParlaMint-UA_2021-04-13-m1.u31.p1.sent1	Павло Бакунець, Львівщина, депутатська група "Довіра".	UKRAINIAN
ParlaMint-UA_2021-04-13-m1.u31.p1.sent2	Колеги, нікому не секрет, що пільговим тарифом на електроенергію, особливо за перших 100 кіловат-годин, користувалися найменш захищені верстви українського суспільства, особливо мешканці військових містечок, яких також багато є і на Львівщині.	UKRAINIAN
ParlaMint-UA_2021-04-13-m1.u31.p1.sent3	А хто ж живе в військових містечках?	UKRAINIAN
ParlaMint-UA_2021-04-13-m1.u31.p1.sent4	Це, звичайно, що сім’ї і родини наших захисників, це військові пенсіонери, це загалом пенсіонери, і саме вони, проживаючи там, оплачували зазвичай перший цей тариф до 100 кіловат меншим.	UKRAINIAN
ParlaMint-UA_2021-04-13-m1.u31.p1.sent5	Однак, так сталося, що з нового року вони змушені платити майже вдвічі більшу ціну за спожиту електроенергію.	UKRAINIAN
ParlaMint-UA_2021-04-13-m1.u31.p1.sent6	Це неприпустимо.	UKRAINIAN
ParlaMint-UA_2021-04-13-m1.u31.p2.sent1	Тому сьогодні ми звертаємося до уряду і рекомендуємо невідкладно внести зміни до фіксованих цін на електричну енергію для побутових споживачів і встановити тариф 90 копійок за одну кіловат-годину при споживанні до 100 кіловат.	UKRAINIAN
ParlaMint-UA_2021-04-13-m1.u31.p2.sent2	Прийняття такої постанови, шановні колеги, дозволить як зменшити ціни на електроенергію для тих найбільш потребуючих сімей і родин в кожній з областей нашої країни, так і, напевно, зніме цю напругу, яка є в суспільстві через надто високі тарифи.	UKRAINIAN
ParlaMint-UA_2021-04-13-m1.u31.p3.sent1	Тому ми закликаємо вас сьогодні підтримати дану постанову і рекомендувати уряду негайно внести зміни і зменшити тарифи на електроенергію для нашого населення.	UKRAINIAN
ParlaMint-UA_2021-04-13-m1.u31.p3.sent2	І дякуємо колегам і колегам з Львівщини, таким як Тарас Батенко, за те, що вони подають такі добрі постанови.	UKRAINIAN
ParlaMint-UA_2021-04-13-m1.u31.p3.sent3	Закликаю всіх голосувати "за".	UKRAINIAN
ParlaMint-UA_2021-04-13-m1.u31.p4.sent1	Дякую.	UKRAINIAN
ParlaMint-UA_2021-04-13-m1.u32.p1.sent1	Дякую.	UKRAINIAN
ParlaMint-UA_2021-04-13-m1.u32.p2.sent1	Геращенко Ірина Володимирівна.	UKRAINIAN
ParlaMint-UA_2021-04-13-m1.u33.p1.sent1	Дорогі українці, два роки тому Зеленський пообіцяв закінчення епохи бідності.	UKRAINIAN
ParlaMint-UA_2021-04-13-m1.u33.p1.sent2	Цього разу не збрехав, тому що розпочалася епоха зубожіння.	UKRAINIAN
ParlaMint-UA_2021-04-13-m1.u33.p1.sent3	Зеленський пообіцяв пенсіонерам, що в них буде безкоштовна електроенергія, безкоштовний газ.	UKRAINIAN
ParlaMint-UA_2021-04-13-m1.u33.p1.sent4	А вийшло все з точністю до навпаки: вдвічі зросли платіжки.	UKRAINIAN
ParlaMint-UA_2021-04-13-m1.u33.p1.sent5	Тому дуже люблять "слуги" на всіх ефірах розповідати, яка ж країна їм залишилася у спадок.	UKRAINIAN
ParlaMint-UA_2021-04-13-m1.u33.p1.sent6	А залишилася країна, де був пільговий тариф, як правильно зазначили колеги, 90 копійок до 100 кіловат на годину, і в першу чергу на цьому вигравали пенсіонери і найбільш незахищені верстви населення.	UKRAINIAN
ParlaMint-UA_2021-04-13-m1.u33.p1.sent7	І так само у нас було закладено принаймні у 2018-2019 роках достатня кількість фінансів на субсидії найнезахищенішим верствам населення.	UKRAINIAN
ParlaMint-UA_2021-04-13-m1.u33.p2.sent1	Ця команда в першу чергу збільшила вдвічі тарифи на електроенергію, а вдруге вдвічі зменшила субсидії.	UKRAINIAN
ParlaMint-UA_2021-04-13-m1.u33.p2.sent2	І, власне, ми як конструктивна опозиція, яка намагається неукам протягти руку допомоги, як треба все-таки керувати країною, ще в січні запропонували план, ініціатор – Петро Порошенко, законопроект 4617.	UKRAINIAN
ParlaMint-UA_2021-04-13-m1.u33.p2.sent3	Але його не ставлять в порядок денний, яким ми вимагали від уряду повернутися до пільгових тарифів, запровадити заборону на імпорт російської електроенергії, які повернули "слуги", в тому числі виступаючі тут голови комітетів, країни-агресора.	UKRAINIAN
ParlaMint-UA_2021-04-13-m1.u33.p3.sent1	Ми вимагали від уряду практичних заходів для того, щоб об’єднати електромережі ЄС і України.	UKRAINIAN
ParlaMint-UA_2021-04-13-m1.u33.p3.sent2	Так само зробити все, щоб частка атомної електроенергії не була менше 55 відсотків загального обсягу, і дати аудиторській службі України доручення провести аудит.	UKRAINIAN
ParlaMint-UA_2021-04-13-m1.u33.p3.sent3	А як же так, що вчорашні прибуткові компанії, в тому числі "Обленерго", "Центренерго" і сьогодні є збитковими, але сьогодні вони працюють на олігархів, на слуг, а не на народ.	UKRAINIAN
ParlaMint-UA_2021-04-13-m1.u33.p4.sent1	Ми за цю постанову, але ми вимагаємо від уряду, так само, 7 мільярдів гривень ще повернути на субсидії для того, щоб.	UKRAINIAN
ParlaMint-UA_2021-04-13-m1.u34.p1.sent1	Колтунович Олександр Сергійович.	UKRAINIAN
ParlaMint-UA_2021-04-13-m1.u35.p1.sent1	Дякую.	UKRAINIAN
ParlaMint-UA_2021-04-13-m1.u35.p1.sent2	Вельмишановний пане Голово, фракція політичної партії "Опозиційна платформа – За життя" підтримує даний проект постанови.	UKRAINIAN
ParlaMint-UA_2021-04-13-m1.u35.p1.sent3	Але давайте будемо відверті, голова комітету правильно сказав, вже ми голосували постанову, щоб доручити і звернутися до Кабміну щодо повернення пільгового тарифу.	UKRAINIAN
ParlaMint-UA_2021-04-13-m1.u35.p1.sent4	Повернули?	UKRAINIAN
ParlaMint-UA_2021-04-13-m1.u35.p1.sent5	Звичайно, ні.	UKRAINIAN
ParlaMint-UA_2021-04-13-m1.u35.p1.sent6	Чому?	UKRAINIAN
ParlaMint-UA_2021-04-13-m1.u35.p1.sent7	Тому що Прем’єр-міністр представляє фінансово-промислову групу, яка на сьогоднішній день зацікавлена в тому, щоб не було цього пільгового тарифу для того, щоб отримувати зовсім інші прибутки, це раз.	UKRAINIAN
ParlaMint-UA_2021-04-13-m1.u35.p2.sent1	Другий важливий момент.	UKRAINIAN
ParlaMint-UA_2021-04-13-m1.u35.p2.sent2	А чому ми тільки говоримо про пільговий тариф на електроенергію, давайте згадаємо що ще підняли.	UKRAINIAN
ParlaMint-UA_2021-04-13-m1.u35.p2.sent3	А підняли ціну газу, 6,99 Кабмін розказує, а по факту маємо 9 тисяч 138 гривень за тисячу кубічних метрів.	UKRAINIAN
ParlaMint-UA_2021-04-13-m1.u35.p3.sent1	Давайте згадаємо холодне водопостачання, коли по Києву з 21 гривні до 27 Національна комісія з регулювання ринку енергетики і комунальних послуг підняла тариф на холодне водопостачання.	UKRAINIAN
ParlaMint-UA_2021-04-13-m1.u35.p4.sent1	Давайте згадаємо тариф на доставку природного газу, який також спровокував зростання базової ціни на газ.	UKRAINIAN
ParlaMint-UA_2021-04-13-m1.u35.p5.sent1	А давайте також поговоримо про те, що був піднятий тариф на виробництво теплової енергії, а це вплинуло на кінцевий тариф на опалення для населення.	UKRAINIAN
ParlaMint-UA_2021-04-13-m1.u35.p6.sent1	Всі ці комплексно речі призвели до того, про що ми сьогодні уже з вами говорили, що у нас 82,1 мільярда гривень – заборгованість за комунальні послуги – абсолютний антирекорд.	UKRAINIAN
ParlaMint-UA_2021-04-13-m1.u35.p7.sent1	Але останнє і найважливіше, звертаємося ми до Кабміну.	UKRAINIAN
ParlaMint-UA_2021-04-13-m1.u35.p7.sent2	Чи прийме він ці пропозиції?	UKRAINIAN
ParlaMint-UA_2021-04-13-m1.u35.p7.sent3	Дуже сумніваюся.	UKRAINIAN
ParlaMint-UA_2021-04-13-m1.u35.p7.sent4	Більше того, цей Кабмін він не відстоює інтереси громадян України.	UKRAINIAN
ParlaMint-UA_2021-04-13-m1.u35.p7.sent5	Це той Кабмін, я вам нагадаю, який після місцевих виборів повернув і скасував норму в десять мінімальних заробітних плат для членів наглядових рад.	UKRAINIAN
ParlaMint-UA_2021-04-13-m1.u35.p7.sent6	Це антинародний Кабмін, і він має бути відправлений у відставку.	UKRAINIAN
ParlaMint-UA_2021-04-13-m1.u35.p8.sent1	Дякую за увагу.	UKRAINIAN
ParlaMint-UA_2021-04-13-m1.u36.p1.sent1	Бондар Віктор Васильович.	UKRAINIAN
ParlaMint-UA_2021-04-13-m1.u37.p1.sent1	Шановний Дмитро Олександровичу, шановні колеги, наша депутатська група "Партія "За майбутнє" недарма ініціювала сьогоднішнє це позачергове засідання.	UKRAINIAN
ParlaMint-UA_2021-04-13-m1.u37.p1.sent2	Ми півроку говоримо про те, що ми сьогодні разом з вами, з "слугами народу", сіли грати в карти з шулерами, які сидять в цій трибуні, в цій ложі, це шулери найвищої гільдії, бо так маніпулювати людьми і тарифами вміє тільки цей уряд і попередній.	UKRAINIAN
ParlaMint-UA_2021-04-13-m1.u37.p2.sent1	Вибачте, рік назад обіцяли, що тарифи будуть переглянуті і все населення буде отримувати нові платіжки, які будуть значно дешевші, ніж були до того.	UKRAINIAN
ParlaMint-UA_2021-04-13-m1.u37.p2.sent2	Нам розказували про велику атомну енергетику про те, що ціна на газ завищена і так далі.	UKRAINIAN
ParlaMint-UA_2021-04-13-m1.u37.p2.sent3	І ми це точно з вами знаємо, що це була правда.	UKRAINIAN
ParlaMint-UA_2021-04-13-m1.u37.p3.sent1	Я неодноразово говорив і виступав з цієї трибуни, з усіх телеканалів, що сьогодні в Україні йде змова.	UKRAINIAN
ParlaMint-UA_2021-04-13-m1.u37.p3.sent2	Нам найдорожчу електроенергію намагаються продати як велике благо, "зелену" електроенергію, і в той час гублять нашу атомну електроенергетику, по суті, зливають її в угоду олігархам, в угоду олігархічних груп.	UKRAINIAN
ParlaMint-UA_2021-04-13-m1.u37.p3.sent3	Нам сьогодні продають тарифи, які дорожчі, ніж в Європі.	UKRAINIAN
ParlaMint-UA_2021-04-13-m1.u37.p4.sent1	Я пропоную членам уряду вийти і прогулятися по кожному місту, по кожному району і пройтись по під’їздах будинків.	UKRAINIAN
ParlaMint-UA_2021-04-13-m1.u37.p4.sent2	Там сьогодні пачками валяються платіжки, які люди навіть не беруть вже в руки.	UKRAINIAN
ParlaMint-UA_2021-04-13-m1.u37.p4.sent3	Я ходив останній час по багатьох цих містах і заходив у під’їзди.	UKRAINIAN
ParlaMint-UA_2021-04-13-m1.u37.p4.sent4	Береш стопки платіжок, а там заборгованість по 8 тисяч гривень, по 12, по 15.	UKRAINIAN
ParlaMint-UA_2021-04-13-m1.u37.p4.sent5	Люди вже не беруть ті платіжки в руки, бо вони не мають чим сплачувати.	UKRAINIAN
ParlaMint-UA_2021-04-13-m1.u37.p5.sent1	Майже 100 мільярдів гривень боргів за комунальні платежі.	UKRAINIAN
ParlaMint-UA_2021-04-13-m1.u37.p5.sent2	Про що це говорить?	UKRAINIAN
ParlaMint-UA_2021-04-13-m1.u37.p5.sent3	Про безглузду енергетичну політику, про те, що в угоду олігархам сьогодні уряд загрався і продовжує ті самі схеми, які існували останніх 10 років: заробітки на газу, заробітки на посередницьких послугах, електроенергетиці і все інше.	UKRAINIAN
ParlaMint-UA_2021-04-13-m1.u37.p5.sent4	Галузь знищують, і нічого не робиться для населення.	UKRAINIAN
ParlaMint-UA_2021-04-13-m1.u37.p5.sent5	Підтримайте цю постанову.	UKRAINIAN
ParlaMint-UA_2021-04-13-m1.u38.p1.sent1	Всі бажаючі виступили?	UKRAINIAN
ParlaMint-UA_2021-04-13-m1.u38.p2.sent1	Соболєв, Соболєв – з мотивів, після цього переходимо до голосування.	UKRAINIAN
ParlaMint-UA_2021-04-13-m1.u38.p2.sent2	Будь ласка, запросіть народних депутатів до зали.	UKRAINIAN
ParlaMint-UA_2021-04-13-m1.u39.p1.sent1	Соболєв, "Батьківщина".	UKRAINIAN
ParlaMint-UA_2021-04-13-m1.u39.p1.sent2	Я не звертаюсь до цього залу, до цієї президії, я звертаюсь до громадян.	UKRAINIAN
ParlaMint-UA_2021-04-13-m1.u39.p1.sent3	Що від того, що в січні Верховна Рада там 347 голосами ухвалила точно таку постанову?	UKRAINIAN
ParlaMint-UA_2021-04-13-m1.u39.p1.sent4	Відкрийте свої платіжки – щось змінилося у вас?	UKRAINIAN
ParlaMint-UA_2021-04-13-m1.u39.p1.sent5	Стали ці 100 кіловат пільговими?	UKRAINIAN
ParlaMint-UA_2021-04-13-m1.u39.p1.sent6	Ні.	UKRAINIAN
ParlaMint-UA_2021-04-13-m1.u39.p2.sent1	Подивіться, що відбувається з ціною на газ.	UKRAINIAN
ParlaMint-UA_2021-04-13-m1.u39.p2.sent2	Подивіться, що відбувається з цінами на тепло, гарячу воду, що відбувається з іншими тарифами.	UKRAINIAN
ParlaMint-UA_2021-04-13-m1.u39.p2.sent3	Хоч щось змінилося?	UKRAINIAN
ParlaMint-UA_2021-04-13-m1.u39.p2.sent4	Що від постанов колись змінювалося?	UKRAINIAN
ParlaMint-UA_2021-04-13-m1.u39.p2.sent5	Хто буде відповідальний за виконання цієї постанови?	UKRAINIAN
ParlaMint-UA_2021-04-13-m1.u39.p3.sent1	Я думаю, що без ухвалення ключових рішень стосовно передачі газу українського виробництва громадянам України і інших ми ніколи не вийдемо із цієї прірви.	UKRAINIAN
ParlaMint-UA_2021-04-13-m1.u39.p3.sent2	Ми проголосуємо за цю постанову, але вона абсолютно нічого не змінює.	UKRAINIAN
ParlaMint-UA_2021-04-13-m1.u40.p1.sent1	Дякую.	UKRAINIAN
ParlaMint-UA_2021-04-13-m1.u40.p2.sent1	Готові голосувати?	UKRAINIAN
ParlaMint-UA_2021-04-13-m1.u40.p2.sent2	Запросіть народних депутатів до залу.	UKRAINIAN
ParlaMint-UA_2021-04-13-m1.u40.p3.sent1	Ставлю на голосування пропозицію про прийняття за основу і в цілому проекту Постанови про вжиття невідкладних заходів, спрямованих на повернення пільгового тарифу на електроенергію для населення за перші 100 кіловат-годин (реєстраційний номер 4590).	UKRAINIAN
ParlaMint-UA_2021-04-13-m1.u40.p4.sent1	Готові голосувати?	UKRAINIAN
ParlaMint-UA_2021-04-13-m1.u40.p4.sent2	Прошу голосувати.	UKRAINIAN
ParlaMint-UA_2021-04-13-m1.u40.p5.sent1	За-174	UKRAINIAN
ParlaMint-UA_2021-04-13-m1.u40.p6.sent1	Рішення не прийнято.	UKRAINIAN
ParlaMint-UA_2021-04-13-m1.u40.p6.sent2	Постанова відхилена.	UKRAINIAN
ParlaMint-UA_2021-04-13-m1.u40.p7.sent1	Покажіть по фракціях.	UKRAINIAN
ParlaMint-UA_2021-04-13-m1.u40.p8.sent1	Наступне питання порядку денного – це проект Постанови про звернення до Кабінету Міністрів України щодо скасування необґрунтованого збільшення вартості енергоносіїв та введення мораторію терміном на 1 рік на підвищення тарифів на енергоносії (реєстраційний номер 4609).	UKRAINIAN
ParlaMint-UA_2021-04-13-m1.u40.p9.sent1	Нам необхідно прийняти рішення про включення цього питання до порядку денного сесії.	UKRAINIAN
ParlaMint-UA_2021-04-13-m1.u40.p9.sent2	Прошу підтримати та проголосувати.	UKRAINIAN
ParlaMint-UA_2021-04-13-m1.u40.p10.sent1	За-268	UKRAINIAN
ParlaMint-UA_2021-04-13-m1.u40.p11.sent1	Рішення прийнято.	UKRAINIAN
ParlaMint-UA_2021-04-13-m1.u40.p12.sent1	Пропонується розглянути це питання за скороченою процедурою.	UKRAINIAN
ParlaMint-UA_2021-04-13-m1.u40.p12.sent2	Прошу підтримати та проголосувати.	UKRAINIAN
ParlaMint-UA_2021-04-13-m1.u40.p13.sent1	За-250	UKRAINIAN
ParlaMint-UA_2021-04-13-m1.u40.p14.sent1	Рішення прийнято.	UKRAINIAN
ParlaMint-UA_2021-04-13-m1.u40.p15.sent1	До слова запрошується народний депутат України Тарас Іванович Батенко.	UKRAINIAN
ParlaMint-UA_2021-04-13-m1.u41.p1.sent1	Колеги, наша депутатська група "Партія "За майбутнє" як ініціатор скликання позачергового сесійного засідання разом з представниками інших фракцій і груп засмучені цим голосуванням, яке щойно відбулося щодо пільгового тарифу на перші 100 кіловат використання для громадян України.	UKRAINIAN
ParlaMint-UA_2021-04-13-m1.u41.p1.sent2	Я думаю, що громадяни України ретельно стежили за цим голосуванням і розберуться по результатах його, хто є хто серед народних обранців у цій сесійній залі.	UKRAINIAN
ParlaMint-UA_2021-04-13-m1.u41.p2.sent1	Давайте забирати, все-таки, політику і думати про людей.	UKRAINIAN
ParlaMint-UA_2021-04-13-m1.u41.p2.sent2	Для тих адресую, хто здатен забрати цю політику.	UKRAINIAN
ParlaMint-UA_2021-04-13-m1.u41.p3.sent1	До вашої уваги, колеги, проект Постанови Верховної Ради про звернення до Кабінету Міністрів України щодо скасування необґрунтованого збільшення вартості енергоносіїв та введення мораторію терміном на 1 рік на підвищення тарифів на енергоносії.	UKRAINIAN
ParlaMint-UA_2021-04-13-m1.u41.p4.sent1	Ми змушені повернутися, колеги, до питання відновлення тарифів на енергоносії, які діяли на кінець 2020 року, оскільки вже пройшло 2,5 місяці від моменту, коли сесійна зала, ми з вами підтримали звернення до уряду щодо перегляду сумнівних рішень уряду і всієї державної влади щодо підняття з 1 січня вартості всіх без винятку енергоносіїв.	UKRAINIAN
ParlaMint-UA_2021-04-13-m1.u41.p4.sent2	Проте, на жаль, слід визнати, що владою це звернення Верховної Ради фактично залишилося без уваги, воно залишилося на папері.	UKRAINIAN
ParlaMint-UA_2021-04-13-m1.u41.p5.sent1	Ми не вважаємо великим досягненням і кроком назустріч громадянам України запровадження зниження ціни природного газу, після якого ціна газу для населення все рівно виявилася в рази більшою і від ціни його закупівлі влітку минулого року, і тим більше від собівартості видобутку власного українського газу.	UKRAINIAN
ParlaMint-UA_2021-04-13-m1.u41.p5.sent2	Наслідком таких рішень влади стало суттєве погіршення соціально-економічного становища громадян України, тим більше в часи локдауну.	UKRAINIAN
ParlaMint-UA_2021-04-13-m1.u41.p6.sent1	Ми не співпереживаємо з нашими громадянами, друзі.	UKRAINIAN
ParlaMint-UA_2021-04-13-m1.u41.p6.sent2	Тому давайте сьогодні підтримаємо звернення не тільки нашої депутатської групи "За майбутнє", але й тих 153 народних депутатів, які сьогодні вболівають за громадян України.	UKRAINIAN
ParlaMint-UA_2021-04-13-m1.u41.p6.sent3	Підтримайте, і хай люди побачать, хто є хто в цьому сесійному залі.	UKRAINIAN
ParlaMint-UA_2021-04-13-m1.u41.p7.sent1	Дякую.	UKRAINIAN
ParlaMint-UA_2021-04-13-m1.u42.p1.sent1	До слова запрошується голова Комітету з питань енергетики та житлово-комунального господарства Герус Андрій Михайлович.	UKRAINIAN
ParlaMint-UA_2021-04-13-m1.u43.p1.sent1	Шановний Голово!	UKRAINIAN
ParlaMint-UA_2021-04-13-m1.u43.p1.sent2	Шановні колеги!	UKRAINIAN
ParlaMint-UA_2021-04-13-m1.u43.p1.sent3	Щоб не забирати багато часу, відразу перейду до того, яке рішення було прийнято.	UKRAINIAN
ParlaMint-UA_2021-04-13-m1.u43.p2.sent1	Проект Постанови № 4609 не був підтриманий членами комітету, у зв’язку з цим пропонується його відхилити.	UKRAINIAN
ParlaMint-UA_2021-04-13-m1.u43.p3.sent1	Я ще раз хочу зауважити, що 28 січня український парламент проголосував постанову, яка передбачала ряд заходів у сфері тарифоутворення електроенергії та газу.	UKRAINIAN
ParlaMint-UA_2021-04-13-m1.u43.p4.sent1	Більше того, ця постанова не залишилася декларативною.	UKRAINIAN
ParlaMint-UA_2021-04-13-m1.u43.p4.sent2	Після цього уряд подав законопроект, де ми 1,4 мільярда гривень направили на компенсацію людям, у яких є електроопалення, дитячим будинкам сімейного типу та багатодітним сім’ям.	UKRAINIAN
ParlaMint-UA_2021-04-13-m1.u43.p4.sent3	Окрім того, уряд прийняв рішення щодо пониження ціни на газ, і навіть станом на січень ця ціна також була понижена до 6,99.	UKRAINIAN
ParlaMint-UA_2021-04-13-m1.u43.p5.sent1	Окрім того, тарифи на розподіл для 13 так званих облгазів, де вони були найвищі, також були понижені.	UKRAINIAN
ParlaMint-UA_2021-04-13-m1.u43.p6.sent1	Тому наша постанова, яка була проголосована 28 січня, вона, по-перше, врегульовувала і заявляла нашу позицію по тих питаннях, які сьогодні піднімаються, а по-друге, вона мала свій практичний ефект.	UKRAINIAN
ParlaMint-UA_2021-04-13-m1.u43.p6.sent2	Тому я прошу, щоб ми не дублювали просто кількісно ті постанови, які ми вже голосували в українському парламенті.	UKRAINIAN
ParlaMint-UA_2021-04-13-m1.u43.p7.sent1	Спасибі.	UKRAINIAN
ParlaMint-UA_2021-04-13-m1.u44.p1.sent1	Будь ласка, запишіться: два – за, два – проти на виступи від депутатських фракцій та груп.	UKRAINIAN
ParlaMint-UA_2021-04-13-m1.u44.p2.sent1	Забродський Михайло Віталійович.	UKRAINIAN
ParlaMint-UA_2021-04-13-m1.u44.p3.sent1	Гончаренко Олексій Олексійович.	UKRAINIAN
ParlaMint-UA_2021-04-13-m1.u45.p1.sent1	Олексій Гончаренко, "Європейська солідарність".	UKRAINIAN
ParlaMint-UA_2021-04-13-m1.u45.p1.sent2	Шановні друзі, звичайно, наша фракція буде голосувати це рішення, тому що мова йде про те, щоб допомогти людям, яким сьогодні надзвичайно важко, в надзвичайно складних умовах вони живуть.	UKRAINIAN
ParlaMint-UA_2021-04-13-m1.u45.p2.sent1	Але, знаєте, що я чую від нашої влади?	UKRAINIAN
ParlaMint-UA_2021-04-13-m1.u45.p2.sent2	Вони нам кажуть, слухайте, це ж як заморозити ціни, це ж популізм.	UKRAINIAN
ParlaMint-UA_2021-04-13-m1.u45.p2.sent3	Знаєте, а я відкриваю, Зеленський від 19 грудня 2019 року: "Знайшли цікаве рішення, щоб вдвічі знизити тарифи на тепло".	UKRAINIAN
ParlaMint-UA_2021-04-13-m1.u45.p2.sent4	Це казав Зеленський як вже діючий Президент.	UKRAINIAN
ParlaMint-UA_2021-04-13-m1.u45.p3.sent1	Де ж це цікаве рішення?	UKRAINIAN
ParlaMint-UA_2021-04-13-m1.u45.p3.sent2	Кому що знизили?	UKRAINIAN
ParlaMint-UA_2021-04-13-m1.u45.p3.sent3	Навпаки, все тільки підвищується, підвищується і підвищується.	UKRAINIAN
ParlaMint-UA_2021-04-13-m1.u45.p3.sent4	Сьогодні людям дійсно дуже важко.	UKRAINIAN
ParlaMint-UA_2021-04-13-m1.u45.p4.sent1	Другий пункт в цьому проекті постанови – це додати гроші на субсидії.	UKRAINIAN
ParlaMint-UA_2021-04-13-m1.u45.p4.sent2	І я хочу нагадати, що ще в січні місяці фракція "Європейської солідарності" подала законопроект, щоб збільшити фінансування на субсидії, забрати в Офісу Президента, в силовиків – дати людям 7 мільярдів.	UKRAINIAN
ParlaMint-UA_2021-04-13-m1.u45.p4.sent3	У нас уже закінчується квітень місяць, у нас закінчуються передбачені держбюджетом гроші на субсидії.	UKRAINIAN
ParlaMint-UA_2021-04-13-m1.u45.p4.sent4	Як будемо виплачувати гроші людям?	UKRAINIAN
ParlaMint-UA_2021-04-13-m1.u45.p4.sent5	Якщо не приймати сьогодні ці рішення, то це буде повна катастрофа, люди залишаться без будь-якого захисту.	UKRAINIAN
ParlaMint-UA_2021-04-13-m1.u45.p5.sent1	Далі, подивіться, взагалі що робиться з енергетикою.	UKRAINIAN
ParlaMint-UA_2021-04-13-m1.u45.p5.sent2	Ми сьогодні, коли Путін бряцає зброєю на наших кордонах, продовжуємо відправляти сотні мільйонів гривень за російську і білоруську електроенергію, а білоруська – вона фактично та сама російська, це теж "Росатом".	UKRAINIAN
ParlaMint-UA_2021-04-13-m1.u45.p6.sent1	Скажіть мені, що ще має статися, що ви нарешті внесли рішення, щоб зупинити купівлю російської електроенергії?	UKRAINIAN
ParlaMint-UA_2021-04-13-m1.u45.p6.sent2	Якщо знищувати власну енергетику такими темпами, у нас взагалі нічого не залишиться. 60 років тому Україна стояла у витоків, коли людина полетіла в космос.	UKRAINIAN
ParlaMint-UA_2021-04-13-m1.u45.p6.sent3	Сьогодні для нас питання – забезпечити країну електроенергією.	UKRAINIAN
ParlaMint-UA_2021-04-13-m1.u45.p7.sent1	До чого ви, "слуги", довели!	UKRAINIAN
ParlaMint-UA_2021-04-13-m1.u45.p7.sent2	Ганьба!	UKRAINIAN
ParlaMint-UA_2021-04-13-m1.u46.p1.sent1	Задорожній Микола Миколайович.	UKRAINIAN
ParlaMint-UA_2021-04-13-m1.u47.p1.sent1	Прошу передати слово Герусу.	UKRAINIAN
ParlaMint-UA_2021-04-13-m1.u48.p1.sent1	Герус Андрій Михайлович.	UKRAINIAN
ParlaMint-UA_2021-04-13-m1.u49.p1.sent1	Шановні колеги, я ще раз звертаюся, що 28 січня ми проголосували постанову, яка регулює основні проблемні питання, які в нас є.	UKRAINIAN
ParlaMint-UA_2021-04-13-m1.u49.p1.sent2	Одним із пунктів цієї постанови були і тарифи на електроенергію, і стосовно перших 100 кіловат-годин, і стосовно 3 тисячі кіловат-годин для електроопалення.	UKRAINIAN
ParlaMint-UA_2021-04-13-m1.u49.p2.sent1	А також важливим пунктом було рекомендувати Антимонопольному комітету України вжити відповідно до законодавства заходів щодо недопущення антиконкурентних узгоджених дій та зловживання монопольним домінуючим становищем на ринку суб’єктами господарювання, що здійснюють надання житлово-комунальних послуг населенню.	UKRAINIAN
ParlaMint-UA_2021-04-13-m1.u49.p3.sent1	Тому давайте ми звернемося ще раз до Антимонопольного комітету, але нам немає сенсу дублювати ті самі постанови, які вже ми проголосували.	UKRAINIAN
ParlaMint-UA_2021-04-13-m1.u49.p3.sent2	Інакше можна просто зареєструвати 430 постанов від кожного народного депутата і таким чином влаштувати цей чемпіонат по популізму.	UKRAINIAN
ParlaMint-UA_2021-04-13-m1.u49.p4.sent1	Дякую.	UKRAINIAN
ParlaMint-UA_2021-04-13-m1.u50.p1.sent1	Загородній Юрій Іванович.	UKRAINIAN
ParlaMint-UA_2021-04-13-m1.u51.p1.sent1	Дякую і прошу передати слово Шуфричу Нестору Івановичу.	UKRAINIAN
ParlaMint-UA_2021-04-13-m1.u52.p1.sent1	Шуфрич Нестор Івановичу.	UKRAINIAN
ParlaMint-UA_2021-04-13-m1.u53.p1.sent1	Дякую.	UKRAINIAN
ParlaMint-UA_2021-04-13-m1.u53.p1.sent2	Пане Голово, шановні колеги!	UKRAINIAN
ParlaMint-UA_2021-04-13-m1.u53.p1.sent3	Безумовно, ми сьогодні зобов’язані проголосувати за цю постанову, накласти мораторій на підвищення необґрунтованих, вже давно необґрунтованих, комунальних тарифів.	UKRAINIAN
ParlaMint-UA_2021-04-13-m1.u53.p1.sent4	І будемо говорити відверто, 81 мільярд гривень – це те, що сьогодні люди не в змозі платити.	UKRAINIAN
ParlaMint-UA_2021-04-13-m1.u53.p1.sent5	Вже, вибачте мене, і дурню зрозуміло, що ці тарифи є непід’ємними для людей.	UKRAINIAN
ParlaMint-UA_2021-04-13-m1.u53.p2.sent1	Хочу повернутися до попереднього голосування.	UKRAINIAN
ParlaMint-UA_2021-04-13-m1.u53.p2.sent2	174 народних депутати виважились проголосувати за повернення пільг для наших громадян в ціні на електроенергію.	UKRAINIAN
ParlaMint-UA_2021-04-13-m1.u53.p2.sent3	Кожний, хто натисне жовту картку або, не дай Боже, ще і червону, повірте мені, це йому повернеться.	UKRAINIAN
ParlaMint-UA_2021-04-13-m1.u53.p2.sent4	Сьогодні кожна копійка, витягнута з кишені наших громадян, це на вашій совісті і на вашому, до речі, уряду.	UKRAINIAN
ParlaMint-UA_2021-04-13-m1.u53.p3.sent1	І враховуючи все те, що ми зараз бачимо, я задаю запитання: а кому ж ви служите – народу?	UKRAINIAN
ParlaMint-UA_2021-04-13-m1.u53.p3.sent2	Або.	RUSSIAN
ParlaMint-UA_2021-04-13-m1.u53.p3.sent3	Я згадую: "стадіон – так стадіон", "я – ваш приговор".	UKRAINIAN
ParlaMint-UA_2021-04-13-m1.u53.p3.sent4	Але вийшло, що приговор то оправдательный.	RUSSIAN
ParlaMint-UA_2021-04-13-m1.u53.p3.sent5	І це вже сьогодні правда.	UKRAINIAN
ParlaMint-UA_2021-04-13-m1.u53.p3.sent6	Ви говорили, що ви будете вироком для Порошенка, а виходить, що Порошенко становиться вироком для вас.	UKRAINIAN
ParlaMint-UA_2021-04-13-m1.u53.p4.sent1	Всі нас звинувачують в тому, що ми – опозиція, яка не вважає на реалії, які є сьогодні в країні.	UKRAINIAN
ParlaMint-UA_2021-04-13-m1.u53.p4.sent2	Подивіться, ми сьогодні незалежно від політичних поглядів об’єдналися навколо ініціативи щодо покращення життя людей і зменшення тягаря на комунальні тарифи.	UKRAINIAN
ParlaMint-UA_2021-04-13-m1.u53.p4.sent3	Це має нас об’єднати.	UKRAINIAN
ParlaMint-UA_2021-04-13-m1.u53.p4.sent4	Навіть і тут ви, "слуги народу", були неспроможні зрозуміти, що болить людям.	UKRAINIAN
ParlaMint-UA_2021-04-13-m1.u53.p4.sent5	Люди сьогодні чекають допомоги саме від вас.	UKRAINIAN
ParlaMint-UA_2021-04-13-m1.u53.p4.sent6	А сьогодні вони від вас отримали ляпас.	UKRAINIAN
ParlaMint-UA_2021-04-13-m1.u53.p5.sent1	Сподіваюсь, що ця постанова буде проголосована і мораторій буде накладений на комунальні послуги.	UKRAINIAN
ParlaMint-UA_2021-04-13-m1.u53.p5.sent2	Дякую за увагу.	UKRAINIAN
ParlaMint-UA_2021-04-13-m1.u54.p1.sent1	Кучеренко Олексій Юрійович.	UKRAINIAN
ParlaMint-UA_2021-04-13-m1.u55.p1.sent1	Дякую.	UKRAINIAN
ParlaMint-UA_2021-04-13-m1.u55.p1.sent2	Олексій Кучеренко, фракція "Батьківщина".	UKRAINIAN
ParlaMint-UA_2021-04-13-m1.u55.p2.sent1	Перше.	UKRAINIAN
ParlaMint-UA_2021-04-13-m1.u55.p2.sent2	Фракція "Батьківщина" буде підтримувати голосування за цю постанову.	UKRAINIAN
ParlaMint-UA_2021-04-13-m1.u55.p2.sent3	Хочу сказати, що на відміну від попередньої вона не тільки вимагає повернення до старих, до новорічних тарифів на електроенергію, але в тому числі і на газ.	UKRAINIAN
ParlaMint-UA_2021-04-13-m1.u55.p2.sent4	Це вже плюс.	UKRAINIAN
ParlaMint-UA_2021-04-13-m1.u55.p3.sent1	З іншого боку, хочу ще раз нагадати, що насправді ця постанова вчергове носить рекомендаційний характер.	UKRAINIAN
ParlaMint-UA_2021-04-13-m1.u55.p3.sent2	Ми хочемо ще раз спробувати – будь ласка, давайте спробуємо ще порекомендувати уряду зменшити тариф.	UKRAINIAN
ParlaMint-UA_2021-04-13-m1.u55.p3.sent3	Нас, а я працював в уряді Тимошенко в 2007-2010 роках, неодноразово нас запитують і дошкуляють, а що ви робили тоді?	UKRAINIAN
ParlaMint-UA_2021-04-13-m1.u55.p3.sent4	А пригадайте, які тарифи були на газ тоді – в десятки разів менше, яка була ціна на електроенергію, яка була ціна на житлово-комунальні послуги, як Державна житлово-комунальна інспекція захищала людей.	UKRAINIAN
ParlaMint-UA_2021-04-13-m1.u55.p3.sent5	Ось що ми робили.	UKRAINIAN
ParlaMint-UA_2021-04-13-m1.u55.p3.sent6	Це по-перше.	UKRAINIAN
ParlaMint-UA_2021-04-13-m1.u55.p4.sent1	А по-друге, вибачте, такого бардака, такої відсутності взагалі хоч якоїсь тарифної політики, політики державного регулювання у сфері ніколи не було тоді.	UKRAINIAN
ParlaMint-UA_2021-04-13-m1.u55.p4.sent2	І зараз це пучина, яка нас поглинає.	UKRAINIAN
ParlaMint-UA_2021-04-13-m1.u55.p4.sent3	Але хочемо поекспериментувати – будь ласка.	UKRAINIAN
ParlaMint-UA_2021-04-13-m1.u55.p5.sent1	А тепер ще декілька слів.	UKRAINIAN
ParlaMint-UA_2021-04-13-m1.u55.p5.sent2	Я думаю, що і по наступним постановам так само буде час мені виступити.	UKRAINIAN
ParlaMint-UA_2021-04-13-m1.u55.p5.sent3	Друзі, а давайте задамо питання: а що в цей час робить	UKRAINIAN
ParlaMint-UA_2021-04-13-m1.u55.p5.sent4	Національна комісія з регулювання енергетики та комунальних послуг, яку ми з вами утримуємо, яка виплачує собі величезні гонорари?	UKRAINIAN
ParlaMint-UA_2021-04-13-m1.u55.p5.sent5	А, власне кажучи, а що робить уряд, який, по суті, не виконує наші з вами рекомендації?	UKRAINIAN
ParlaMint-UA_2021-04-13-m1.u55.p5.sent6	І взагалі головне питання: хто відповідає за катастрофу в сфері енергетики та житлово-комунальних послуг.	UKRAINIAN
ParlaMint-UA_2021-04-13-m1.u55.p5.sent7	Ось це головне питання, на яке ми мусимо дати відповідь.	UKRAINIAN
ParlaMint-UA_2021-04-13-m1.u55.p6.sent1	Дякую.	UKRAINIAN
ParlaMint-UA_2021-04-13-m1.u56.p1.sent1	Дякую.	UKRAINIAN
ParlaMint-UA_2021-04-13-m1.u56.p2.sent1	Є бажаючі виступити з мотивів?	UKRAINIAN
ParlaMint-UA_2021-04-13-m1.u56.p2.sent2	Рудик.	UKRAINIAN
ParlaMint-UA_2021-04-13-m1.u56.p2.sent3	Рудик підходив.	UKRAINIAN
ParlaMint-UA_2021-04-13-m1.u56.p2.sent4	Рудик Сергій Ярославович, після цього Шахов, і після цього переходимо до голосування.	UKRAINIAN
ParlaMint-UA_2021-04-13-m1.u56.p2.sent5	Запросіть народних депутатів до зали.	UKRAINIAN
ParlaMint-UA_2021-04-13-m1.u56.p3.sent1	Будь ласка, включіть мікрофон.	UKRAINIAN
ParlaMint-UA_2021-04-13-m1.u57.p1.sent1	Шановні українці, навіть не знаю, що можна сказати за хвилину про те, як сказав пан Герус, не змагайтеся в популізмі.	UKRAINIAN
ParlaMint-UA_2021-04-13-m1.u57.p1.sent2	А популізм жадібності вам підходить, коли на європейському хабі в минулому році, в лютому, ціна за тисячу кубів коштувала в Зебрюгге 95,7 доларів, в Україні вона за рік виросла до 300 доларів.	UKRAINIAN
ParlaMint-UA_2021-04-13-m1.u57.p1.sent3	Вас не лякає ця цифра?	UKRAINIAN
ParlaMint-UA_2021-04-13-m1.u57.p2.sent1	Коли наша депутатська група майже одностайно підготувала цей проект постанови, був січень місяць, розпал опалювального сезону, ви боялися виставити її на голосування.	UKRAINIAN
ParlaMint-UA_2021-04-13-m1.u57.p2.sent2	Розглядаючи її зараз, коли опалювальний сезон закінчився.	UKRAINIAN
ParlaMint-UA_2021-04-13-m1.u57.p2.sent3	А знаєте, яка ціна буде найближчим часом?	UKRAINIAN
ParlaMint-UA_2021-04-13-m1.u57.p2.sent4	Ми оцінюємо десь.	UKRAINIAN
ParlaMint-UA_2021-04-13-m1.u57.p2.sent5	ніхто навіть не може сказати, знову 300 доларів.	UKRAINIAN
ParlaMint-UA_2021-04-13-m1.u57.p2.sent6	Вас ця епоха жадібності не дістала, шановні українці?	UKRAINIAN
ParlaMint-UA_2021-04-13-m1.u57.p2.sent7	Ви голосували за цю владу.	UKRAINIAN
ParlaMint-UA_2021-04-13-m1.u57.p2.sent8	І у нас є малесенький шанс відтермінувати цю історію, проголосувавши за цей проект постанови.	UKRAINIAN
ParlaMint-UA_2021-04-13-m1.u57.p2.sent9	Я дуже.	UKRAINIAN
ParlaMint-UA_2021-04-13-m1.u58.p1.sent1	Шахов Сергій Володимирович.	UKRAINIAN
ParlaMint-UA_2021-04-13-m1.u58.p1.sent2	Після цього голосуємо.	UKRAINIAN
ParlaMint-UA_2021-04-13-m1.u59.p1.sent1	Шановні колеги, сьогодні тарифи – це повільний геноцид українського народу.	UKRAINIAN
ParlaMint-UA_2021-04-13-m1.u59.p1.sent2	Постійно мені телефонують з Луганщини, з Донеччини.	UKRAINIAN
ParlaMint-UA_2021-04-13-m1.u59.p1.sent3	І зараз зателефонували підприємці, які говорять, чому для Донеччини і для Луганщини найбільші тарифи на електроенергію?	UKRAINIAN
ParlaMint-UA_2021-04-13-m1.u59.p1.sent4	Чому сьогодні українці сплачують за транзит газу в тих трубах, які вже поіржавіли і валяться?	UKRAINIAN
ParlaMint-UA_2021-04-13-m1.u59.p2.sent1	Більше сплачують, чим наш газ, який можна видобувати в Україні!	UKRAINIAN
ParlaMint-UA_2021-04-13-m1.u59.p2.sent2	Зробили якийсь повільний ринок газу для якогось дяді-олігарха, який сьогодні сидить в океані, на яхті плаває, а люди повинні сьогодні на нього працювати!	UKRAINIAN
ParlaMint-UA_2021-04-13-m1.u59.p2.sent3	Коли це закінчиться в нашій державі, скажіть, будь ласка.	UKRAINIAN
ParlaMint-UA_2021-04-13-m1.u59.p2.sent4	Ми сидимо в цій залі для того, щоб приймати нормальні закони і регулювати ціни на зниження сьогодні тарифів на електроенергію та на газ.	UKRAINIAN
ParlaMint-UA_2021-04-13-m1.u59.p2.sent5	І що відбулося?	UKRAINIAN
ParlaMint-UA_2021-04-13-m1.u59.p2.sent6	Успішно провалили постанову по зниженню тарифу хоча б на 100 кіловат для людей, вже не говоримо для бізнесу.	UKRAINIAN
ParlaMint-UA_2021-04-13-m1.u59.p3.sent1	Шановні колеги, вистачить сьогодні.	UKRAINIAN
ParlaMint-UA_2021-04-13-m1.u60.p1.sent1	Дякую.	UKRAINIAN
ParlaMint-UA_2021-04-13-m1.u60.p2.sent1	Будь ласка, підготуйтесь до голосування.	UKRAINIAN
ParlaMint-UA_2021-04-13-m1.u60.p2.sent2	Ставлю на голосування пропозицію про прийняття за основу і в цілому проекту Постанови про звернення до Кабінету Міністрів України щодо скасування необґрунтованого збільшення вартості енергоносіїв та введення мораторію терміном на 1 рік на підвищення тарифів на енергоносії (реєстраційний номер 4609).	UKRAINIAN
ParlaMint-UA_2021-04-13-m1.u60.p3.sent1	Готові голосувати?	UKRAINIAN
ParlaMint-UA_2021-04-13-m1.u60.p3.sent2	Прошу голосувати.	UKRAINIAN
ParlaMint-UA_2021-04-13-m1.u60.p4.sent1	За-153	UKRAINIAN
ParlaMint-UA_2021-04-13-m1.u60.p5.sent1	Рішення не прийнято.	UKRAINIAN
ParlaMint-UA_2021-04-13-m1.u60.p5.sent2	Постанова відхилена.	UKRAINIAN
ParlaMint-UA_2021-04-13-m1.u60.p6.sent1	По фракціях покажіть.	UKRAINIAN
ParlaMint-UA_2021-04-13-m1.u60.p7.sent1	Наступне питання порядку денного – це проект Закону про внесення змін до деяких законів України щодо врегулювання окремих питань у сфері метрології, надання житлово-комунальних послуг та захисту прав споживачів (реєстраційний номер 4576).	UKRAINIAN
ParlaMint-UA_2021-04-13-m1.u60.p8.sent1	Нам необхідно прийняти рішення про включення цього питання до порядку денного сесії.	UKRAINIAN
ParlaMint-UA_2021-04-13-m1.u60.p8.sent2	Прошу підтримати та проголосувати.	UKRAINIAN
ParlaMint-UA_2021-04-13-m1.u60.p8.sent3	4567.	UNKNOWN
ParlaMint-UA_2021-04-13-m1.u60.p9.sent1	За-252	UKRAINIAN
ParlaMint-UA_2021-04-13-m1.u60.p10.sent1	Пропонується розглянути це питання за скороченою процедурою.	UKRAINIAN
ParlaMint-UA_2021-04-13-m1.u60.p10.sent2	Прошу підтримати та проголосувати.	UKRAINIAN
ParlaMint-UA_2021-04-13-m1.u60.p11.sent1	За-247	UKRAINIAN
ParlaMint-UA_2021-04-13-m1.u60.p12.sent1	Рішення.	UKRAINIAN
ParlaMint-UA_2021-04-13-m1.u60.p12.sent2	Без обговорення?	UKRAINIAN
ParlaMint-UA_2021-04-13-m1.u60.p12.sent3	Автор наполягає.	UKRAINIAN
ParlaMint-UA_2021-04-13-m1.u60.p13.sent1	До слова запрошується народний депутат України Скороход Анна Костянтинівна.	UKRAINIAN
ParlaMint-UA_2021-04-13-m1.u60.p14.sent1	Тоді автор, комітет, після цього можемо голосувати.	UKRAINIAN
ParlaMint-UA_2021-04-13-m1.u61.p1.sent1	Шановні колеги, це абсолютно нормальний законопроект, який хоч трішечки врегульовує ту всю ахінею, яка була прийнята в стінах цієї Верховної Ради дев’ятого скликання.	UKRAINIAN
ParlaMint-UA_2021-04-13-m1.u61.p1.sent2	Я думаю, до кожного мажоритарника приходили люди і розповідали про ту несправедливість, яку вони мають сплачувати за транспортування і доставку газу, коли газом не користуються, або коли вже давно перейшли на пелети, дрова, а їм все одно за газ нараховують по середньому вжитку за доставку ще якихось.	UKRAINIAN
ParlaMint-UA_2021-04-13-m1.u61.p1.sent3	в 2018 році.	UKRAINIAN
ParlaMint-UA_2021-04-13-m1.u61.p2.sent1	Я розумію, що наш комітет цього не підтримує через пана Геруса, тому що йому це невигідно, тому що за це не заносять кошти в комітет, і за це ви не отримаєте доплат в конверті.	UKRAINIAN
ParlaMint-UA_2021-04-13-m1.u61.p2.sent2	Але ви допоможете людям хоча б елементарно.	UKRAINIAN
ParlaMint-UA_2021-04-13-m1.u61.p2.sent3	Я прошу вас схаменутися.	UKRAINIAN
ParlaMint-UA_2021-04-13-m1.u61.p3.sent1	Ви провалили дуже багато гарних постанов, які хоч трошечки б виконали ваші передвиборчі обіцянки.	UKRAINIAN
ParlaMint-UA_2021-04-13-m1.u61.p3.sent2	Якщо вам насрати на людей, то виходьте і кажіть: нам все одно, що ви про нас думаєте.	UKRAINIAN
ParlaMint-UA_2021-04-13-m1.u61.p3.sent3	Так, ми віддали за вас свої голоси.	UKRAINIAN
ParlaMint-UA_2021-04-13-m1.u61.p3.sent4	Так, ми в вас повірили.	UKRAINIAN
ParlaMint-UA_2021-04-13-m1.u61.p3.sent5	Так, ми за вас проголосували.	UKRAINIAN
ParlaMint-UA_2021-04-13-m1.u61.p3.sent6	Скажіть, будь ласка, що ви робите?	UKRAINIAN
ParlaMint-UA_2021-04-13-m1.u61.p3.sent7	Ви обіцяли зниження тарифів.	UKRAINIAN
ParlaMint-UA_2021-04-13-m1.u61.p3.sent8	Так дайте це зробити.	UKRAINIAN
ParlaMint-UA_2021-04-13-m1.u61.p3.sent9	Чому ви маніпулюєте?	UKRAINIAN
ParlaMint-UA_2021-04-13-m1.u61.p3.sent10	Це неправда, що не можна знизити тарифи.	UKRAINIAN
ParlaMint-UA_2021-04-13-m1.u61.p3.sent11	Ви зацементували "зелені" тарифи, ви протягли "зелену" металургію, ви попроголосовували ще багато законопроектів, які призвели до збільшення тарифів та скасування пільгових.	UKRAINIAN
ParlaMint-UA_2021-04-13-m1.u61.p4.sent1	Я прошу вас не голосувати рішення комітету по цьому законопроекту.	UKRAINIAN
ParlaMint-UA_2021-04-13-m1.u61.p4.sent2	Прошу прийняти його в першому читанні.	UKRAINIAN
ParlaMint-UA_2021-04-13-m1.u61.p4.sent3	Між першим, другим читанням ми виправимо ті помилки, про які зараз каже пан Герус, через те, що він пересікається з 2458, який на сьогоднішній день не підписаний Президентом.	UKRAINIAN
ParlaMint-UA_2021-04-13-m1.u61.p5.sent1	Законопроект також врегульовує питання щодо лічильників.	UKRAINIAN
ParlaMint-UA_2021-04-13-m1.u61.p5.sent2	Ви знаєте, що дуже ми довгий час з вами, і в тарифі було закладено, вартість повірки і заміни.	UKRAINIAN
ParlaMint-UA_2021-04-13-m1.u62.p1.sent1	Дякую.	UKRAINIAN
ParlaMint-UA_2021-04-13-m1.u62.p2.sent1	До слова запрошується голова Комітету з питань енергетики та житлово-комунальних послуг Герус Андрій Михайлович.	UKRAINIAN
ParlaMint-UA_2021-04-13-m1.u63.p1.sent1	Шановний головуючий, шановні народні депутати, проект Закону України про внесення змін до деяких законів України щодо врегулювання окремих питань у сфері метрології, надання житлово-комунальних послуг та захисту прав споживачів (№ 4576) комітет розглянув на своєму засіданні 4 березня цього року.	UKRAINIAN
ParlaMint-UA_2021-04-13-m1.u63.p2.sent1	Законопроектом пропонується внести зміни до законів України "Про метрологію та метрологічну діяльність", "Про комерційний облік теплової енергії та водопостачання", "Про житлово-комунальні послуги", "Про теплопостачання", "Про ринок природного газу" та "Про захист прав споживачів".	UKRAINIAN
ParlaMint-UA_2021-04-13-m1.u63.p3.sent1	Головне науково-експертне управління висловило свої суттєві зауваження і пропозиції до даного законопроекту.	UKRAINIAN
ParlaMint-UA_2021-04-13-m1.u63.p3.sent2	Міністерство розвитку громад та територій України і Міністерство юстиції надали висновки про недоцільність прийняття проекту через суттєві зауваження.	UKRAINIAN
ParlaMint-UA_2021-04-13-m1.u63.p4.sent1	Міністерство енергетики зазначило, що відповідний проект потребує обговорення та доопрацювання із залученням фахівців енергетичної галузі.	UKRAINIAN
ParlaMint-UA_2021-04-13-m1.u63.p5.sent1	Крім того, законопроектом 4576 пропонується внести зміни до частини четвертої статті 17 Закону України "Про метрологію та метрологічну діяльність", частини третьої статті 14 Закону України "Про житлово-комунальні послуги", які перетинаються із змінами, внесеними законопроектом № 2458 про внесення змін до деяких законів України щодо врегулювання окремих питань у сфері надання житлово-комунальних послуг, що з 11 грудня 2020 року перебуває на підписі Президента України.	UKRAINIAN
ParlaMint-UA_2021-04-13-m1.u63.p5.sent2	Тобто зміни пропонуються до чинних редакцій законів, і у випадку набрання чинності законопроекту № 2458 виникне правова колізія.	UKRAINIAN
ParlaMint-UA_2021-04-13-m1.u63.p6.sent1	За результатами обговорення та враховуючи отримані висновки, комітет більшістю голосів прийняв рішення рекомендувати направити законопроект 4576 авторам на доопрацювання.	UKRAINIAN
ParlaMint-UA_2021-04-13-m1.u63.p7.sent1	Дякую за увагу.	UKRAINIAN
ParlaMint-UA_2021-04-13-m1.u64.p1.sent1	Дякую.	UKRAINIAN
ParlaMint-UA_2021-04-13-m1.u64.p2.sent1	Можемо переходити до голосування.	UKRAINIAN
ParlaMint-UA_2021-04-13-m1.u64.p2.sent2	В кого?	UKRAINIAN
ParlaMint-UA_2021-04-13-m1.u64.p2.sent3	Дві фракції.	UKRAINIAN
ParlaMint-UA_2021-04-13-m1.u64.p2.sent4	Добре.	RUSSIAN
ParlaMint-UA_2021-04-13-m1.u64.p2.sent5	Запишіться.	UKRAINIAN
ParlaMint-UA_2021-04-13-m1.u64.p2.sent6	Три фракції.	UKRAINIAN
ParlaMint-UA_2021-04-13-m1.u64.p3.sent1	Запишіться: два – за, два – проти, на виступи від депутатських фракцій та груп	UKRAINIAN
ParlaMint-UA_2021-04-13-m1.u64.p4.sent1	М’ялик Віктор Ничипорович.	UKRAINIAN
ParlaMint-UA_2021-04-13-m1.u65.p1.sent1	Прошу передати Анні Скороход.	UKRAINIAN
ParlaMint-UA_2021-04-13-m1.u66.p1.sent1	Скороход Анна Костянтинівна.	UKRAINIAN
ParlaMint-UA_2021-04-13-m1.u67.p1.sent1	Я продовжу.	UKRAINIAN
ParlaMint-UA_2021-04-13-m1.u67.p1.sent2	Шановні колеги, нам багато.	UKRAINIAN
ParlaMint-UA_2021-04-13-m1.u67.p1.sent3	Якщо ви пам’ятаєте, ми багато років сплачували, і в тарифі було закладено, те, що нам замінюють лічильники і повіряють їх надавачі послуг.	UKRAINIAN
ParlaMint-UA_2021-04-13-m1.u67.p1.sent4	На сьогоднішній день молода сім’я, сім’я, одинока матір, вона не може в один момент витягти 3 тисячі гривень на заміну лічильника.	UKRAINIAN
ParlaMint-UA_2021-04-13-m1.u67.p1.sent5	Даний законопроект це змінює і повертає ті правила, коли все-таки за заміну і повірку лічильників сплачували саме надавачі послуг.	UKRAINIAN
ParlaMint-UA_2021-04-13-m1.u67.p2.sent1	І третє питання, яке врегульовує даний законопроект, – це гарантований рівень комунальних послуг.	UKRAINIAN
ParlaMint-UA_2021-04-13-m1.u67.p2.sent2	Ми всі з вами знаємо, що на сьогоднішній день всі дуже багато хочуть, щоб ми сплачували за комунальні тарифи, але дуже часто в хаті плюс 16 в кращому випадку, а з крану, де гаряча вода має текти, у нас тече тепла вода, і ми за це сплачуємо по повній.	UKRAINIAN
ParlaMint-UA_2021-04-13-m1.u67.p3.sent1	Тому я все-таки пропоную кожному з вас схаменутися, згадати про те, що ви обіцяли своїм виборцям, згадати про те, що ви говорите в прямих ефірах, даєте брифінги, і все-таки підтримати даний законопроект в першому читанні, а не так, як хоче пан Герус, повернути його на доопрацювання.	UKRAINIAN
ParlaMint-UA_2021-04-13-m1.u67.p3.sent2	Між першим і другим читанням ми виправимо ті статті, які пересікаються Законом 2458.	UKRAINIAN
ParlaMint-UA_2021-04-13-m1.u67.p4.sent1	Я, звичайно, розумію, що, можливо, депутати мають гарну зарплату, але в людей не в усіх є елітні собаки для того, щоб їх продати і заплатити за газ, заплатити за електроенергію та за інші комунальні послуги.	UKRAINIAN
ParlaMint-UA_2021-04-13-m1.u67.p5.sent1	Я дуже прошу вас, схаменіться.	UKRAINIAN
ParlaMint-UA_2021-04-13-m1.u67.p5.sent2	Вами не керує МВФ, вами не керує Офіс Президента.	UKRAINIAN
ParlaMint-UA_2021-04-13-m1.u67.p5.sent3	Я сподіваюся, що в кожного з вас є хоч трішечки совісті, вона десь там плаває на дні, і ви зараз все-таки подумаєте і нажмете зелену кнопку.	UKRAINIAN
ParlaMint-UA_2021-04-13-m1.u67.p5.sent4	Я дуже всім вдячна, і від ваших виборців передаю, будь ласка, проголосуйте за законопроект зеленою кнопкою.	UKRAINIAN
ParlaMint-UA_2021-04-13-m1.u67.p6.sent1	Дякую.	UKRAINIAN
ParlaMint-UA_2021-04-13-m1.u68.p1.sent1	Задорожній Микола Миколайович.	UKRAINIAN
ParlaMint-UA_2021-04-13-m1.u69.p1.sent1	Прошу передати слово Герусу.	UKRAINIAN
ParlaMint-UA_2021-04-13-m1.u70.p1.sent1	Герус Андрій Михайлович.	UKRAINIAN
ParlaMint-UA_2021-04-13-m1.u71.p1.sent1	Спасибі.	UKRAINIAN
ParlaMint-UA_2021-04-13-m1.u71.p1.sent2	По-перше, добре, що автор законопроекту вже сама визнає помилки, які допущені в цьому законопроекті, і обіцяє їх виправити між першим і другим читанням.	UKRAINIAN
ParlaMint-UA_2021-04-13-m1.u71.p1.sent3	Але, на мою думку, краще, коли такі помилки будуть виправлені в ході доопрацювання законопроекту, і тоді нормальний законопроект, який не суперечить і не містить конфліктів з іншими нормами, піде на голосування і в комітет, і в зал, і комітет його спокійно розгляне.	UKRAINIAN
ParlaMint-UA_2021-04-13-m1.u71.p2.sent1	І хочу зауважити, що комітет не бере гроші за прийняття законопроектів, комітет вимагає, щоб законопроекти були якісними і професійними.	UKRAINIAN
ParlaMint-UA_2021-04-13-m1.u71.p3.sent1	І якраз найбільш корупціогенними законопроектами були, то встановити якісь низькі тарифи для дата-центрів, то якийсь "зелений" тариф для спалення сміття, і вони були заблоковані на рівні комітету.	UKRAINIAN
ParlaMint-UA_2021-04-13-m1.u71.p3.sent2	Тому прошу свої звинувачення супроводжувати заявами в правоохоронні органи, якщо у вас є якісь факти, а не займатись тут фейковими звинуваченнями.	UKRAINIAN
ParlaMint-UA_2021-04-13-m1.u71.p4.sent1	Спасибі.	UKRAINIAN
ParlaMint-UA_2021-04-13-m1.u72.p1.sent1	Шахов Сергій Володимирович.	UKRAINIAN
ParlaMint-UA_2021-04-13-m1.u73.p1.sent1	Сергій Шахов, Луганщина, депутатська група "Довіра".	UKRAINIAN
ParlaMint-UA_2021-04-13-m1.u73.p1.sent2	Шановні колеги, багато сьогодні говоримо про тарифи, але нічого не змінили за ці півгодини.	UKRAINIAN
ParlaMint-UA_2021-04-13-m1.u73.p1.sent3	Хоча можна було сьогодні допомогти людям, які сьогодні страждають, голодують, бідують, без заробітних плат сидять.	UKRAINIAN
ParlaMint-UA_2021-04-13-m1.u73.p1.sent4	Я зараз говорю не тільки за шахтарів, я говорю навіть і за лікарів, які не отримали навіть від медичної сьогодні, від того, що вони хворіють.	UKRAINIAN
ParlaMint-UA_2021-04-13-m1.u73.p2.sent1	Шановні колеги, кожен з нас може зробити крок на допомогу людям.	UKRAINIAN
ParlaMint-UA_2021-04-13-m1.u73.p2.sent2	Я звертаюся не тільки від Донбасу, а від усіх українців, кожен з нас може сьогодні змусити Кабмін працювати заради людей, а не заради їх власної кишені.	UKRAINIAN
ParlaMint-UA_2021-04-13-m1.u73.p2.sent3	Що таке тарифи?	UKRAINIAN
ParlaMint-UA_2021-04-13-m1.u73.p2.sent4	Це життя людей, і тарифи кожен день вбивають людей.	UKRAINIAN
ParlaMint-UA_2021-04-13-m1.u73.p2.sent5	Сьогодні говорили з цієї трибуни, що заборгованість 82 мільярди гривень у людей.	UKRAINIAN
ParlaMint-UA_2021-04-13-m1.u73.p2.sent6	Чим будуть віддавати люди, як будуть реструктуризовуватися борги?	UKRAINIAN
ParlaMint-UA_2021-04-13-m1.u73.p2.sent7	Хто буде відповідати за те, що сьогодні робиться тарифний геноцид кожну секунду?	UKRAINIAN
ParlaMint-UA_2021-04-13-m1.u73.p2.sent8	Хто буде відповідати?	UKRAINIAN
ParlaMint-UA_2021-04-13-m1.u73.p2.sent9	Ті, хто з валізами вже готові за кордон тікати?	UKRAINIAN
ParlaMint-UA_2021-04-13-m1.u73.p2.sent10	Може зупинить їх сьогодні COVID.	UKRAINIAN
ParlaMint-UA_2021-04-13-m1.u73.p2.sent11	Шановні колеги, ще раз зверніть увагу на те, що треба не підвищувати тарифи, а знижувати тарифи.	UKRAINIAN
ParlaMint-UA_2021-04-13-m1.u73.p3.sent1	А тепер те, що стосовно Донецької та Луганської областей.	UKRAINIAN
ParlaMint-UA_2021-04-13-m1.u73.p3.sent2	Звертаюся від малого, середнього бізнесу до голови комітету, звертаюся до голови НКРЕКП, знизити тарифи для тих людей, які ще працюють.	UKRAINIAN
ParlaMint-UA_2021-04-13-m1.u73.p3.sent3	Не те, щоб змусити сьогодні олігархам здирати десять шкір з людини, а те, щоб все ж таки парламент почав працювати заради людей.	UKRAINIAN
ParlaMint-UA_2021-04-13-m1.u73.p4.sent1	Дякую.	UKRAINIAN
ParlaMint-UA_2021-04-13-m1.u73.p4.sent2	Сергій Шахов, Луганщина, депутатська група "Довіра".	UKRAINIAN
ParlaMint-UA_2021-04-13-m1.u74.p1.sent1	Євтушок.	UKRAINIAN
ParlaMint-UA_2021-04-13-m1.u74.p2.sent1	Кучеренко Олексій Юрійович.	UKRAINIAN
ParlaMint-UA_2021-04-13-m1.u75.p1.sent1	Олексій Кучеренко, фракція "Батьківщина".	UKRAINIAN
ParlaMint-UA_2021-04-13-m1.u75.p1.sent2	Трішки професіоналізму я хочу додати, по-перше, зверніть на назву цього законопроекту, там йдеться мова про внесення змін в Закон "Про житлово-комунальні послуги" і про метрологію.	UKRAINIAN
ParlaMint-UA_2021-04-13-m1.u75.p1.sent3	Це перше.	UKRAINIAN
ParlaMint-UA_2021-04-13-m1.u75.p2.sent1	Тепер, друге.	UKRAINIAN
ParlaMint-UA_2021-04-13-m1.u75.p2.sent2	Друзі, тут половина мажоритарників, моя вам порада.	UKRAINIAN
ParlaMint-UA_2021-04-13-m1.u75.p2.sent3	Поїдьте до себе в округа, запитайте свої міських голів, запитайте своїх директорів теплокомуненерго, водоканалів і інших комунальних структур, а які борги в них на сьогодні.	UKRAINIAN
ParlaMint-UA_2021-04-13-m1.u75.p2.sent4	Мова не тільки про те, що населення заборгувало 82,5 мільярда на сьогодні, ще березень не порахували.	UKRAINIAN
ParlaMint-UA_2021-04-13-m1.u75.p2.sent5	Мова про те, що, скажімо, Теплокомуненерго заборгувало -63 мільярдів НАК "Нафтогазу", який загнав туди.	UKRAINIAN
ParlaMint-UA_2021-04-13-m1.u75.p2.sent6	А знаєте, з кого ці кошти будуть забирати?	UKRAINIAN
ParlaMint-UA_2021-04-13-m1.u75.p2.sent7	З ваших місцевих бюджетів, друзі і мери, і почуйте мене місцеві депутати.	UKRAINIAN
ParlaMint-UA_2021-04-13-m1.u75.p2.sent8	А запитайте про борги водоканалів.	UKRAINIAN
ParlaMint-UA_2021-04-13-m1.u75.p2.sent9	Так ось цей законопроект – це перший крок трошки почати виправляти те, що наробив попередній парламент, і те, що зробили ви.	UKRAINIAN
ParlaMint-UA_2021-04-13-m1.u75.p3.sent1	Друзі, я задам вам одне питання, до речі, і вам, пане голово, і вам, пане голови комітету, а що з Законом 2458, який 3 грудня ми з вами проголосували, Закон про зміни до ЖКП?	UKRAINIAN
ParlaMint-UA_2021-04-13-m1.u75.p3.sent2	А чому Президент наш до сих пір не підписав цей закон?	UKRAINIAN
ParlaMint-UA_2021-04-13-m1.u75.p4.sent1	Я дав запит Президенту: пане Президенте, чому не підписуєте закон.	UKRAINIAN
ParlaMint-UA_2021-04-13-m1.u75.p4.sent2	Він сказав, термін пройшов, вважайте його прийнятим.	UKRAINIAN
ParlaMint-UA_2021-04-13-m1.u75.p4.sent3	Але пан Разумков, наш голова, тепер має його оприлюднити, надрукувати.	UKRAINIAN
ParlaMint-UA_2021-04-13-m1.u75.p4.sent4	Пройшло чотири місяці, ми прийняли Закон про ЖКП, але нічого не змінилося, і боргова яма колосальна.	UKRAINIAN
ParlaMint-UA_2021-04-13-m1.u75.p5.sent1	Тому, друзі, схаменіться хоча би.	UKRAINIAN
ParlaMint-UA_2021-04-13-m1.u75.p5.sent2	Ми підтримуємо цей законопроект для того, щоб хоч якось у першому читанні почати рятувати країну.	UKRAINIAN
ParlaMint-UA_2021-04-13-m1.u75.p6.sent1	Дякую.	UKRAINIAN
ParlaMint-UA_2021-04-13-m1.u76.p1.sent1	Шановні колеги, всі бажаючі виступили?	UKRAINIAN
ParlaMint-UA_2021-04-13-m1.u76.p1.sent2	З процедури немає.	UKRAINIAN
ParlaMint-UA_2021-04-13-m1.u76.p1.sent3	Готові голосувати?	UKRAINIAN
ParlaMint-UA_2021-04-13-m1.u76.p2.sent1	Ставлю на голосування пропозицію про повернення суб’єкту права законодавчої ініціативи на доопрацювання проекту Закону про внесення змін до деяких законів України щодо врегулювання окремих питань у сфері метрології, надання житлово-комунальних послуг та захисту прав споживачі (реєстраційний номер 4576).	UKRAINIAN
ParlaMint-UA_2021-04-13-m1.u76.p3.sent1	Готові голосувати?	UKRAINIAN
ParlaMint-UA_2021-04-13-m1.u76.p3.sent2	Прошу підтримати та проголосувати.	UKRAINIAN
ParlaMint-UA_2021-04-13-m1.u76.p4.sent1	За-174	UKRAINIAN
ParlaMint-UA_2021-04-13-m1.u76.p5.sent1	Рішення не прийнято.	UKRAINIAN
ParlaMint-UA_2021-04-13-m1.u76.p5.sent2	174, рішення не прийнято.	UKRAINIAN
ParlaMint-UA_2021-04-13-m1.u76.p6.sent1	Зараз ставлю на голосування пропозицію про направлення до комітету для підготовки на повторне перше.	UKRAINIAN
ParlaMint-UA_2021-04-13-m1.u76.p6.sent2	За основу.	UKRAINIAN
ParlaMint-UA_2021-04-13-m1.u76.p6.sent3	Ставлю на голосування пропозицію про прийняття за основу проекту Закону про внесення змін до деяких законів України щодо врегулювання окремих питань у сфері метрології, надання житлово-комунальних послуг та захисту прав споживачів (реєстраційний номер 4576).	UKRAINIAN
ParlaMint-UA_2021-04-13-m1.u76.p7.sent1	Готові голосувати?	UKRAINIAN
ParlaMint-UA_2021-04-13-m1.u76.p7.sent2	Прошу голосувати.	UKRAINIAN
ParlaMint-UA_2021-04-13-m1.u76.p8.sent1	За-122	UKRAINIAN
ParlaMint-UA_2021-04-13-m1.u76.p9.sent1	Рішення не прийнято.	UKRAINIAN
ParlaMint-UA_2021-04-13-m1.u76.p10.sent1	Ставлю на голосування пропозицію про направлення до комітету для підготовки на повторне перше читання проекту Закону про внесення змін до деяких законів України щодо врегулювання окремих питань у сфері метрології, надання житлово-комунальних послуг та захисту прав споживачів (реєстраційний номер 4576).	UKRAINIAN
ParlaMint-UA_2021-04-13-m1.u76.p11.sent1	Готові голосувати?	UKRAINIAN
ParlaMint-UA_2021-04-13-m1.u76.p11.sent2	Прошу підтримати та проголосувати.	UKRAINIAN
ParlaMint-UA_2021-04-13-m1.u76.p12.sent1	За-256	UKRAINIAN
ParlaMint-UA_2021-04-13-m1.u76.p13.sent1	Рішення прийнято.	UKRAINIAN
ParlaMint-UA_2021-04-13-m1.u76.p13.sent2	Дякую.	UKRAINIAN
ParlaMint-UA_2021-04-13-m1.u76.p14.sent1	Наступне питання порядку денного – це проект Постанови про звернення до Кабінету Міністрів України щодо вжиття невідкладних заходів з метою зниження ціни на електричну енергію та тарифів на послуги розподілу природного газу (реєстраційний номер 4587).	UKRAINIAN
ParlaMint-UA_2021-04-13-m1.u76.p15.sent1	Нам необхідно прийняти рішення про включення цього питання до порядку денного сесії.	UKRAINIAN
ParlaMint-UA_2021-04-13-m1.u76.p15.sent2	Прошу підтримати та проголосувати.	UKRAINIAN
ParlaMint-UA_2021-04-13-m1.u76.p16.sent1	За-285	UKRAINIAN
ParlaMint-UA_2021-04-13-m1.u76.p17.sent1	Пропонується розглянути це питання за скороченою процедурою.	UKRAINIAN
ParlaMint-UA_2021-04-13-m1.u76.p17.sent2	Прошу підтримати та проголосувати.	UKRAINIAN
ParlaMint-UA_2021-04-13-m1.u76.p18.sent1	За-246	UKRAINIAN
ParlaMint-UA_2021-04-13-m1.u76.p19.sent1	Рішення прийнято.	UKRAINIAN
ParlaMint-UA_2021-04-13-m1.u76.p20.sent1	Без обговорення?	UKRAINIAN
ParlaMint-UA_2021-04-13-m1.u76.p20.sent2	Давайте автор виступить – і голосуємо.	UKRAINIAN
ParlaMint-UA_2021-04-13-m1.u76.p20.sent3	Автор наполягає.	UKRAINIAN
ParlaMint-UA_2021-04-13-m1.u77.p1.sent1	Дякую.	UKRAINIAN
ParlaMint-UA_2021-04-13-m1.u78.p1.sent1	Дивіться, ну, значить, з обговоренням.	UKRAINIAN
ParlaMint-UA_2021-04-13-m1.u78.p1.sent2	З обговоренням?	UKRAINIAN
ParlaMint-UA_2021-04-13-m1.u79.p1.sent1	Я буду дуже коротко.	UKRAINIAN
ParlaMint-UA_2021-04-13-m1.u80.p1.sent1	Юлія Григорівна, з обговоренням?	UKRAINIAN
ParlaMint-UA_2021-04-13-m1.u80.p1.sent2	Або з обговоренням, бачите, всі наполягають.	UKRAINIAN
ParlaMint-UA_2021-04-13-m1.u80.p1.sent3	Без обговорення.	UKRAINIAN
ParlaMint-UA_2021-04-13-m1.u80.p1.sent4	Всі тільки що сказали, що без обговорення.	UKRAINIAN
ParlaMint-UA_2021-04-13-m1.u80.p2.sent1	Ставлю на голосування пропозицію про прийняття в цілому проекту Постанови про звернення до Кабінету Міністрів України щодо вжиття невідкладних заходів з метою зниження ціни на електричну енергію та тарифів на послуги розподілу природного газу (реєстраційний номер 4587).	UKRAINIAN
ParlaMint-UA_2021-04-13-m1.u80.p2.sent2	Готові голосувати?	UKRAINIAN
ParlaMint-UA_2021-04-13-m1.u80.p2.sent3	Прошу підтримати та проголосувати.	UKRAINIAN
ParlaMint-UA_2021-04-13-m1.u80.p3.sent1	За-197	UKRAINIAN
ParlaMint-UA_2021-04-13-m1.u80.p4.sent1	Рішення не прийнято.	UKRAINIAN
ParlaMint-UA_2021-04-13-m1.u80.p4.sent2	Постанова відхилена.	UKRAINIAN
ParlaMint-UA_2021-04-13-m1.u80.p5.sent1	По фракціях покажіть.	UKRAINIAN
ParlaMint-UA_2021-04-13-m1.u80.p6.sent1	Надійшла заява про перерву із заміною на виступ.	UKRAINIAN
ParlaMint-UA_2021-04-13-m1.u80.p7.sent1	Юлія Володимирівна Тимошенко.	UKRAINIAN
ParlaMint-UA_2021-04-13-m1.u81.p1.sent1	Я думаю, враховуючи сьогоднішній локдаун, люди уважно спостерігали, як проходила сьогоднішня сесія.	UKRAINIAN
ParlaMint-UA_2021-04-13-m1.u81.p1.sent2	Перша половина дня, коли розбазарювали сільськогосподарську землю, все йшло, як по маслу: голосували всі проти того, щоб хоч якось захистити землю і зробити так, щоб вона була вже розпродана надійно, без будь-яких умов з боку держави.	UKRAINIAN
ParlaMint-UA_2021-04-13-m1.u81.p2.sent1	А друга половина сьогодні сесійного дня – це просто наруга над очікуваннями людей відносно зниження тарифів.	UKRAINIAN
ParlaMint-UA_2021-04-13-m1.u81.p2.sent2	Все – пуста піарщина, дилетантизм і абсолютна відсутність будь-яких рішень для людей.	UKRAINIAN
ParlaMint-UA_2021-04-13-m1.u81.p2.sent3	Це означає, що сьогодні продемонстрували, що все, що стосується тарифів, повністю влаштовує і владу і більшість, і нічого ніхто не хоче міняти.	UKRAINIAN
ParlaMint-UA_2021-04-13-m1.u81.p3.sent1	Я хочу показати вам одну табличку.	UKRAINIAN
ParlaMint-UA_2021-04-13-m1.u81.p3.sent2	Це з того моменту, як я залишила посаду Прем’єр-міністра.	UKRAINIAN
ParlaMint-UA_2021-04-13-m1.u81.p3.sent3	Тепло в 12 разів піднялося в ціні, газ – в 17 разів, електроенергія – в 7 і гаряча вода – в 11,2 рази.	UKRAINIAN
ParlaMint-UA_2021-04-13-m1.u81.p3.sent4	Я хочу, щоб ви просто порівняли, як до вас ставляться сьогодні, і як до вас ставилися нещодавно.	UKRAINIAN
ParlaMint-UA_2021-04-13-m1.u81.p4.sent1	Я хочу сказати вам, що, насправді, прості рішення існують, тому що вони 23 роки в країні існували.	UKRAINIAN
ParlaMint-UA_2021-04-13-m1.u81.p4.sent2	Перше – це Закон 4680 наш, який не поставили сьогодні в порядок денний, який просто повертає той порядок, який існував 23 роки незалежності країни, коли український газ віддавався українським громадянам і бюджетній сфері.	UKRAINIAN
ParlaMint-UA_2021-04-13-m1.u81.p4.sent3	Все це було зруйновано з 14-го року, і зараз продовжується ця корупція.	UKRAINIAN
ParlaMint-UA_2021-04-13-m1.u81.p5.sent1	А друге.	UKRAINIAN
ParlaMint-UA_2021-04-13-m1.u81.p5.sent2	17 років в Україні існував енергоринок, який робив мій уряд, де електроенергія різної вартості, атомна, гідро дешева, дорога теплова, була з’єднана в один пул і людям продавалася в 7 разів нижче по середній ціні.	UKRAINIAN
ParlaMint-UA_2021-04-13-m1.u81.p5.sent3	Зруйнували.	UKRAINIAN
ParlaMint-UA_2021-04-13-m1.u81.p5.sent4	І сьогодні атомну електроенергію у людей забирають корупційні структури, газ український забирають корупційні посередники, а в цьому залі навіть відмовляються це розглядати.	UKRAINIAN
ParlaMint-UA_2021-04-13-m1.u81.p6.sent1	І тому я хотіла би зараз повідомити людям, що поки будуть при владі корупціонери, невігласи і дилетанти, ми будемо мати такі тарифи, таку мізерну пенсію, заробітну плату, зруйновану охорону здоров’я.	UKRAINIAN
ParlaMint-UA_2021-04-13-m1.u81.p6.sent2	А якщо дійсно повернуться люди, які розуміють, як управляти державою, ми будемо мати нормальну європейську заможну державу з захищеними людьми.	UKRAINIAN
ParlaMint-UA_2021-04-13-m1.u81.p7.sent1	Думайте наступний раз.	UKRAINIAN
ParlaMint-UA_2021-04-13-m1.u82.p1.sent1	Шановні колеги, позачергове пленарне засідання Верховної Ради оголошую закритим.	UKRAINIAN
